-- phpMyAdmin SQL Dump
-- version 5.0.2
-- https://www.phpmyadmin.net/
--
-- Host: 127.0.0.1
-- Generation Time: Jul 15, 2020 at 05:09 AM
-- Server version: 10.4.11-MariaDB
-- PHP Version: 7.3.18

SET SQL_MODE = "NO_AUTO_VALUE_ON_ZERO";
START TRANSACTION;
SET time_zone = "+00:00";


/*!40101 SET @OLD_CHARACTER_SET_CLIENT=@@CHARACTER_SET_CLIENT */;
/*!40101 SET @OLD_CHARACTER_SET_RESULTS=@@CHARACTER_SET_RESULTS */;
/*!40101 SET @OLD_COLLATION_CONNECTION=@@COLLATION_CONNECTION */;
/*!40101 SET NAMES utf8mb4 */;

--
-- Database: `internex_daebaek`
--

-- --------------------------------------------------------

--
-- Table structure for table `itx_m_andon_call`
--

CREATE TABLE `itx_m_andon_call` (
  `id` int(11) NOT NULL,
  `name` varchar(50) NOT NULL,
  `call_bg` varchar(10) NOT NULL,
  `call_icon_border` varchar(10) NOT NULL,
  `call_image` varchar(20) NOT NULL,
  `call_pic` varchar(20) NOT NULL,
  `call_sound` varchar(20) NOT NULL,
  `progress_class` varchar(10) NOT NULL,
  `arrival_class` varchar(10) NOT NULL,
  `createDate` datetime NOT NULL DEFAULT current_timestamp(),
  `createUser` varchar(50) NOT NULL,
  `editDate` date NOT NULL,
  `editUser` varchar(50) NOT NULL
) ENGINE=InnoDB DEFAULT CHARSET=latin1;

--
-- Dumping data for table `itx_m_andon_call`
--

INSERT INTO `itx_m_andon_call` (`id`, `name`, `call_bg`, `call_icon_border`, `call_image`, `call_pic`, `call_sound`, `progress_class`, `arrival_class`, `createDate`, `createUser`, `editDate`, `editUser`) VALUES
(1, 'Machine Call', 'bg-green', 'b-green', 'images/machine.png', 'Maintenance', 'sound1.mp3', 'mc', 'b-mc', '2019-09-27 10:53:14', '', '0000-00-00', ''),
(2, 'Material Call', 'bg-blue', 'b-blue', 'images/material.png', 'Team Leader', 'sound2.mp3', 'mt', 'b-mt', '2019-09-27 10:53:14', '', '0000-00-00', ''),
(3, 'Dies Call', 'bg-yellow', 'b-yellow', 'images/dies.png', 'Team Leader', 'sound3.mp3', 'ds', 'b-ds', '2019-09-27 10:53:14', '', '0000-00-00', ''),
(4, 'Quality Call', 'bg-red', 'b-red', 'images/quality.png', 'Team Leader', 'sound4.mp3', 'qc', 'b-qc', '2019-09-27 10:53:14', '', '0000-00-00', '');

-- --------------------------------------------------------

--
-- Table structure for table `itx_m_department`
--

CREATE TABLE `itx_m_department` (
  `id` int(11) NOT NULL,
  `name` varchar(50) NOT NULL,
  `createDate` datetime NOT NULL DEFAULT current_timestamp(),
  `createUser` varchar(50) NOT NULL,
  `editDate` date NOT NULL,
  `editUser` varchar(50) NOT NULL
) ENGINE=InnoDB DEFAULT CHARSET=latin1;

--
-- Dumping data for table `itx_m_department`
--

INSERT INTO `itx_m_department` (`id`, `name`, `createDate`, `createUser`, `editDate`, `editUser`) VALUES
(1, 'Assembly', '2019-09-27 12:42:09', '', '0000-00-00', ''),
(2, 'HS Press', '2019-09-27 12:42:09', '', '0000-00-00', ''),
(3, 'Powder Coating', '2019-09-27 12:42:09', '', '0000-00-00', ''),
(4, 'Press', '2019-09-27 12:42:09', '', '0000-00-00', '');

-- --------------------------------------------------------

--
-- Table structure for table `itx_m_losstime_category`
--

CREATE TABLE `itx_m_losstime_category` (
  `id` int(11) NOT NULL,
  `name` varchar(50) NOT NULL,
  `createDate` datetime NOT NULL DEFAULT current_timestamp(),
  `createUser` varchar(50) NOT NULL,
  `editDate` date NOT NULL,
  `editUser` varchar(50) NOT NULL
) ENGINE=InnoDB DEFAULT CHARSET=latin1;

--
-- Dumping data for table `itx_m_losstime_category`
--

INSERT INTO `itx_m_losstime_category` (`id`, `name`, `createDate`, `createUser`, `editDate`, `editUser`) VALUES
(1, 'Test', '2019-09-27 12:43:45', '', '0000-00-00', ''),
(2, 'Break', '2019-09-27 12:43:45', 'System', '0000-00-00', ''),
(3, 'Setting Dies', '2019-09-27 12:43:45', '', '0000-00-00', ''),
(4, 'Change Dies', '2019-09-27 12:43:45', '', '0000-00-00', ''),
(5, 'Repair Dies', '2019-09-27 12:43:45', '', '0000-00-00', ''),
(6, 'Repair MC', '2019-09-27 12:43:45', '', '0000-00-00', ''),
(7, '5R', '2019-09-27 12:43:45', 'System', '0000-00-00', ''),
(8, 'Inspection QC', '2019-09-27 12:43:45', '', '0000-00-00', ''),
(9, 'Test Remove', '2020-03-16 15:10:08', 'System', '0000-00-00', '');

-- --------------------------------------------------------

--
-- Table structure for table `itx_m_machine`
--

CREATE TABLE `itx_m_machine` (
  `id` int(11) NOT NULL,
  `department_id` int(11) NOT NULL,
  `mc_no` varchar(50) NOT NULL,
  `name` varchar(50) NOT NULL,
  `worker_1` int(11) DEFAULT NULL,
  `worker_2` int(11) DEFAULT NULL,
  `worker_3` int(11) DEFAULT NULL,
  `ip_address` varchar(20) NOT NULL,
  `remark` varchar(200) NOT NULL,
  `createDate` datetime NOT NULL DEFAULT current_timestamp(),
  `createUser` varchar(50) NOT NULL,
  `editDate` date NOT NULL,
  `editUser` varchar(50) NOT NULL
) ENGINE=InnoDB DEFAULT CHARSET=latin1;

--
-- Dumping data for table `itx_m_machine`
--

INSERT INTO `itx_m_machine` (`id`, `department_id`, `mc_no`, `name`, `worker_1`, `worker_2`, `worker_3`, `ip_address`, `remark`, `createDate`, `createUser`, `editDate`, `editUser`) VALUES
(1, 3, 'PC1', 'S/P COAT', 0, 0, 0, '192.168.88.52', '', '2019-09-27 16:04:35', '', '0000-00-00', ''),
(2, 2, 'HP1', 'H/S 60TON 1 ', 0, 0, 0, '192.168.88.47', '', '2019-09-27 16:06:35', '', '0000-00-00', ''),
(3, 2, 'HP3', 'H/S 60TON 2', 0, 0, 0, '192.168.88.49', '', '2019-09-27 16:06:35', '', '0000-00-00', ''),
(4, 2, 'HP2', 'H/S 60TON 2', 0, 0, 0, '192.168.88.48', '', '2019-09-27 16:06:35', '', '0000-00-00', ''),
(5, 4, 'P01', 'SAN YONG 110 T (P)', 0, 0, 0, '192.168.88.21', '', '2019-09-27 16:21:44', '', '0000-00-00', ''),
(6, 4, 'P02', 'SAMHO 60 T (P)', 0, 0, 0, '192.168.88.22', '', '2019-09-27 16:21:44', '', '0000-00-00', ''),
(7, 4, 'P03', 'SAN YONG 80 T (P)', 0, 0, 0, '192.168.88.23', '', '2019-09-27 16:21:44', '', '0000-00-00', ''),
(8, 4, 'P04', 'SAN YONG 110 T (P)', 0, 0, 0, '192.168.88.24', '', '2019-09-27 16:21:44', '', '0000-00-00', ''),
(9, 4, 'P05', 'MIDA 110 T (P)', 0, 0, 0, '192.168.88.25', '', '2019-09-27 16:21:44', '', '0000-00-00', ''),
(10, 4, 'P06', 'HWAIL 80 T (M)', 0, 0, 0, '192.168.88.26', '', '2019-09-27 16:21:44', '', '0000-00-00', ''),
(11, 4, 'P07', 'KUKIL 80 T (M)', 0, 0, 0, '192.168.88.27', '', '2019-09-27 16:21:44', '', '0000-00-00', ''),
(12, 4, 'P08', 'HANOUL 80 T (M)', 0, 0, 0, '192.168.88.28', '', '2019-09-27 16:21:44', '', '0000-00-00', ''),
(13, 4, 'P09', 'HANOUL 80 T (M)', 0, 0, 0, '192.168.88.29', '', '2019-09-27 16:21:44', '', '0000-00-00', ''),
(14, 4, 'P10', 'HANOUL 80 T (M)', 0, 0, 0, '192.168.88.30', '', '2019-09-27 16:21:44', '', '0000-00-00', ''),
(15, 4, 'P11', 'HWAIL 60 T (M)', 0, 0, 0, '192.168.88.31', '', '2019-09-27 16:21:44', '', '0000-00-00', ''),
(16, 4, 'P12', 'SAMHO 60 T (M)', 0, 0, 0, '192.168.88.32', '', '2019-09-27 16:21:44', '', '0000-00-00', ''),
(17, 4, 'P13', 'OKK 75 T (M)', 0, 0, 0, '192.168.88.33', '', '2019-09-27 16:21:44', '', '0000-00-00', ''),
(18, 4, 'P14', 'SAM YANG 200 T (M)', 0, 0, 0, '192.168.88.34', '', '2019-09-27 16:21:44', '', '0000-00-00', ''),
(19, 4, 'P15', 'SEOUL 160 T (M)', 0, 0, 0, '192.168.88.35', '', '2019-09-27 16:21:44', '', '0000-00-00', ''),
(20, 4, 'P16', 'KUKIL 200 T (M)', 0, 0, 0, '192.168.88.36', '', '2019-09-27 16:21:44', '', '0000-00-00', ''),
(21, 4, 'P17', 'SAMHO 200 T (M)', 0, 0, 0, '192.168.88.37', '', '2019-09-27 16:21:44', '', '0000-00-00', ''),
(22, 4, 'P18', 'SAMHO 200 T (M)', 0, 0, 0, '192.168.88.38', '', '2019-09-27 16:21:44', '', '0000-00-00', ''),
(23, 4, 'P19', 'SEOUL 200 T (M)', 0, 0, 0, '192.168.88.39', '', '2019-09-27 16:21:44', '', '0000-00-00', ''),
(24, 4, 'P20', 'HWAIL 200 T (P)', 0, 0, 0, '192.168.88.40', '', '2019-09-27 16:21:44', '', '0000-00-00', ''),
(25, 4, 'P21', 'SEOUL 250 T (P)', 0, 0, 0, '192.168.88.41', '', '2019-09-27 16:21:44', '', '0000-00-00', ''),
(26, 4, 'P22', 'CHINFONG 160 T (P)', 0, 0, 0, '192.168.88.42', '', '2019-09-27 16:21:44', '', '0000-00-00', ''),
(27, 4, 'P23', 'HANOUL 160 T (M)', 0, 0, 0, '192.168.88.43', '', '2019-09-27 16:21:44', '', '0000-00-00', ''),
(28, 4, 'P24', 'WS 150 T (M)', 0, 0, 0, '192.168.88.44', '', '2019-09-27 16:21:44', '', '0000-00-00', ''),
(29, 4, 'P25', 'WS 150 T (M)', 0, 0, 0, '192.168.88.45', '', '2019-09-27 16:21:44', '', '0000-00-00', ''),
(30, 4, 'P26', 'HANOUL 160 T (M)', 0, 0, 0, '192.168.88.46', '', '2019-09-27 16:21:44', '', '0000-00-00', ''),
(33, 1, 'Assy1', 'Spinning M/C', 0, 0, 0, '192.168.88.50', 'Remarks 1', '2019-12-02 09:11:57', '', '0000-00-00', ''),
(34, 4, 'P45', 'No Name', 0, 0, 0, '10.10.10.12', '', '2019-12-02 09:11:57', '', '0000-00-00', ''),
(37, 4, 'P27', 'SIMPAC 300 T (P)', 0, 0, 0, '192.168.88.53', '', '2020-03-17 13:25:55', '', '0000-00-00', ''),
(38, 4, 'P28', 'SIMPAC 400 T (P)', 0, 0, 0, '192.168.88.54', '', '2019-09-27 16:21:44', '', '0000-00-00', ''),
(39, 1, 'Assy2', 'Spinning M/C', 0, 0, 0, '192.168.88.51', '', '2019-09-27 16:21:44', '', '0000-00-00', '');

-- --------------------------------------------------------

--
-- Table structure for table `itx_m_machine_problem`
--

CREATE TABLE `itx_m_machine_problem` (
  `id` int(11) NOT NULL,
  `department_id` int(11) NOT NULL,
  `name` varchar(50) NOT NULL,
  `isDelete` int(11) NOT NULL COMMENT '0 not yet; 1 deleted',
  `createDate` datetime NOT NULL DEFAULT current_timestamp(),
  `createUser` varchar(50) NOT NULL,
  `editDate` date NOT NULL,
  `editUser` varchar(50) NOT NULL
) ENGINE=InnoDB DEFAULT CHARSET=latin1 ROW_FORMAT=COMPACT;

--
-- Dumping data for table `itx_m_machine_problem`
--

INSERT INTO `itx_m_machine_problem` (`id`, `department_id`, `name`, `isDelete`, `createDate`, `createUser`, `editDate`, `editUser`) VALUES
(1, 1, 'Scrath', 0, '2019-10-01 08:50:33', '', '0000-00-00', ''),
(2, 1, 'Dented', 0, '2019-10-01 08:51:45', '', '0000-00-00', ''),
(3, 1, 'Plating', 0, '2019-10-01 08:51:45', '', '0000-00-00', ''),
(4, 1, 'Pin', 0, '2019-10-01 08:51:45', '', '0000-00-00', ''),
(5, 1, 'Spring', 0, '2019-10-01 08:51:45', '', '0000-00-00', ''),
(6, 1, 'Process', 0, '2019-10-01 08:51:45', '', '0000-00-00', ''),
(7, 1, 'Seret', 0, '2019-10-01 08:51:45', '', '0000-00-00', ''),
(8, 2, 'Burry', 0, '2019-10-01 08:54:09', '', '0000-00-00', ''),
(9, 2, 'Feeder', 0, '2019-10-01 08:54:09', '', '0000-00-00', ''),
(10, 2, 'Black Line', 0, '2019-10-01 08:54:09', '', '0000-00-00', ''),
(11, 2, 'Fitting Jig NG', 0, '2019-10-01 08:54:09', '', '0000-00-00', ''),
(12, 2, 'Bintik-bintik', 0, '2019-10-01 08:54:09', '', '0000-00-00', ''),
(13, 2, 'List Miring', 0, '2019-10-01 08:54:09', '', '0000-00-00', ''),
(14, 2, 'Scratch', 0, '2019-10-01 08:54:09', '', '0000-00-00', ''),
(15, 2, 'Setting Awal', 0, '2019-10-01 08:54:09', '', '0000-00-00', ''),
(16, 2, 'Bending', 0, '2019-10-01 08:54:09', '', '0000-00-00', 'System'),
(17, 2, 'Feeding Line', 0, '2019-10-01 08:54:09', '', '0000-00-00', ''),
(18, 2, 'Dented', 0, '2019-10-01 08:54:09', '', '0000-00-00', ''),
(19, 2, 'Cutting Miring', 0, '2019-10-01 08:54:09', '', '0000-00-00', ''),
(20, 2, 'Block Hide', 0, '2019-10-01 08:54:09', '', '0000-00-00', ''),
(21, 2, 'Over Cutting', 0, '2019-10-01 08:54:09', '', '0000-00-00', ''),
(22, 3, 'Peel Off', 0, '2019-10-01 08:56:43', '', '0000-00-00', ''),
(23, 3, 'Less Paint', 0, '2019-10-01 08:56:43', '', '0000-00-00', ''),
(24, 3, 'Bubble', 0, '2019-10-01 08:56:43', '', '0000-00-00', ''),
(25, 3, 'Over Paint', 0, '2019-10-01 08:56:43', '', '0000-00-00', ''),
(26, 3, 'Degressing', 0, '2019-10-01 08:56:43', '', '0000-00-00', ''),
(27, 3, 'Discolour', 0, '2019-10-01 08:56:43', '', '0000-00-00', ''),
(28, 3, 'Dirty', 0, '2019-10-01 08:56:43', '', '0000-00-00', ''),
(29, 3, 'Dot', 0, '2019-10-01 08:56:43', '', '0000-00-00', ''),
(30, 3, 'Dented', 0, '2019-10-01 08:56:43', '', '0000-00-00', ''),
(31, 4, 'Bending', 0, '2019-10-01 08:58:04', '', '0000-00-00', ''),
(32, 4, 'Burry', 0, '2019-10-01 08:58:04', '', '0000-00-00', ''),
(33, 4, 'Over Cut', 0, '2019-10-01 08:58:04', '', '0000-00-00', ''),
(34, 4, 'Top End', 0, '2019-10-01 08:58:04', '', '0000-00-00', ''),
(35, 4, 'Dented', 0, '2019-10-01 08:58:04', '', '0000-00-00', ''),
(36, 4, 'Scratch', 0, '2019-10-01 08:58:04', '', '0000-00-00', ''),
(37, 4, 'Cracking', 0, '2019-10-01 08:58:04', '', '0000-00-00', ''),
(38, 4, 'No Hole', 0, '2019-10-01 08:58:04', '', '0000-00-00', ''),
(39, 4, 'Over Press', 0, '2019-10-01 08:58:04', '', '0000-00-00', ''),
(45, 1, 'Asers', 0, '2020-03-16 16:44:24', 'System', '0000-00-00', 'System'),
(46, 1, 'Anusd', 0, '2020-03-16 16:44:42', 'System', '0000-00-00', 'System'),
(50, 1, 'Asers 2', 0, '2020-03-16 17:03:34', 'System', '0000-00-00', ''),
(51, 4, 'Demo tes', 0, '2020-06-25 15:59:41', 'System', '0000-00-00', ''),
(52, 4, 'Tes', 0, '2020-07-14 08:37:58', 'System', '0000-00-00', '');

-- --------------------------------------------------------

--
-- Table structure for table `itx_m_operator`
--

CREATE TABLE `itx_m_operator` (
  `nip` int(11) NOT NULL,
  `department_id` int(11) NOT NULL,
  `shift` int(11) DEFAULT NULL,
  `name` varchar(50) NOT NULL,
  `mobile` varchar(20) NOT NULL,
  `createDate` datetime NOT NULL DEFAULT current_timestamp(),
  `createUser` varchar(50) NOT NULL,
  `editDate` datetime NOT NULL,
  `editUser` varchar(50) NOT NULL,
  `isDelete` tinyint(1) NOT NULL
) ENGINE=InnoDB DEFAULT CHARSET=latin1;

--
-- Dumping data for table `itx_m_operator`
--

INSERT INTO `itx_m_operator` (`nip`, `department_id`, `shift`, `name`, `mobile`, `createDate`, `createUser`, `editDate`, `editUser`, `isDelete`) VALUES
(1, 1, 1, 'Ali', '081288902030', '2020-07-09 14:52:00', '', '0000-00-00 00:00:00', '', 0),
(2, 2, 2, 'Budi', '081288902030', '2020-07-09 14:52:44', '', '0000-00-00 00:00:00', '', 0),
(3, 1, 1, 'Candil', '081288902030', '2020-07-09 14:53:09', '', '0000-00-00 00:00:00', '', 0),
(11, 1, 1, 'Udin Bahar', '081782927363', '2020-07-15 08:11:02', '', '0000-00-00 00:00:00', '', 0),
(1234, 1, 1, 'Muhammad', '0889732897', '2020-07-09 14:33:58', '', '0000-00-00 00:00:00', '', 0),
(12345, 1, 1, 'Fadilla', '081288902030', '2020-07-09 14:58:27', '', '0000-00-00 00:00:00', '', 0);

-- --------------------------------------------------------

--
-- Table structure for table `itx_m_production_status`
--

CREATE TABLE `itx_m_production_status` (
  `id` int(11) NOT NULL,
  `name` varchar(50) NOT NULL,
  `createDate` datetime NOT NULL DEFAULT current_timestamp(),
  `createUser` varchar(50) NOT NULL,
  `editDate` date NOT NULL,
  `editUser` varchar(50) NOT NULL
) ENGINE=InnoDB DEFAULT CHARSET=latin1;

-- --------------------------------------------------------

--
-- Table structure for table `itx_m_user`
--

CREATE TABLE `itx_m_user` (
  `nip` int(11) NOT NULL,
  `user_level_id` int(11) NOT NULL,
  `department_id` int(11) NOT NULL,
  `name` varchar(50) NOT NULL,
  `password` varchar(100) NOT NULL,
  `createDate` datetime NOT NULL DEFAULT current_timestamp(),
  `createUser` varchar(50) NOT NULL,
  `editDate` datetime NOT NULL,
  `editUser` varchar(50) NOT NULL,
  `isDelete` tinyint(1) NOT NULL
) ENGINE=InnoDB DEFAULT CHARSET=latin1;

--
-- Dumping data for table `itx_m_user`
--

INSERT INTO `itx_m_user` (`nip`, `user_level_id`, `department_id`, `name`, `password`, `createDate`, `createUser`, `editDate`, `editUser`, `isDelete`) VALUES
(1, 4, 2, 'Yudam', '7110eda4d09e062aa5e4a390b0a572ac0d2c0220', '2020-04-21 12:50:51', 'System', '0000-00-00 00:00:00', 'System', 0),
(3, 2, 1, 'Test', '7110eda4d09e062aa5e4a390b0a572ac0d2c0220', '2020-06-25 14:43:00', 'System', '0000-00-00 00:00:00', 'System', 0),
(22, 1, 3, 'Assasaxx', '7110eda4d09e062aa5e4a390b0a572ac0d2c0220', '2020-03-16 15:27:10', 'System', '0000-00-00 00:00:00', 'System', 0),
(33, 4, 3, 'Nganu', '7110eda4d09e062aa5e4a390b0a572ac0d2c0220', '2020-03-16 14:31:15', 'System', '0000-00-00 00:00:00', '', 0),
(1001, 1, 4, 'Administrator', '7110eda4d09e062aa5e4a390b0a572ac0d2c0220', '2020-03-16 17:11:44', 'System', '0000-00-00 00:00:00', 'System', 0),
(1213, 1, 2, '1001', '7110eda4d09e062aa5e4a390b0a572ac0d2c0220', '2020-03-16 17:10:09', 'System', '0000-00-00 00:00:00', 'System', 0),
(1341, 2, 4, 'NN', '63ab910cb3a7bc89faae5a46aa337aa22f5f4d30', '2020-07-10 13:42:43', 'System', '0000-00-00 00:00:00', '', 0),
(7890, 2, 4, 'mirzan', '7110eda4d09e062aa5e4a390b0a572ac0d2c0220', '2020-06-25 15:55:45', 'System', '0000-00-00 00:00:00', '', 0);

-- --------------------------------------------------------

--
-- Table structure for table `itx_m_user_level`
--

CREATE TABLE `itx_m_user_level` (
  `id` int(11) NOT NULL,
  `name` varchar(50) NOT NULL,
  `description` varchar(45) DEFAULT NULL,
  `createDate` datetime NOT NULL DEFAULT current_timestamp(),
  `createUser` varchar(50) NOT NULL,
  `editDate` date NOT NULL,
  `editUser` varchar(50) NOT NULL
) ENGINE=InnoDB DEFAULT CHARSET=latin1;

--
-- Dumping data for table `itx_m_user_level`
--

INSERT INTO `itx_m_user_level` (`id`, `name`, `description`, `createDate`, `createUser`, `editDate`, `editUser`) VALUES
(1, 'SU', 'Super User', '2019-09-27 08:32:27', '', '0000-00-00', ''),
(2, 'ADM', 'Administrator', '2019-09-27 08:32:27', '', '0000-00-00', ''),
(3, 'GL', 'Group Leader', '2020-03-16 12:40:51', '', '0000-00-00', ''),
(4, 'OP', 'Operator', '2020-03-16 12:52:06', '', '0000-00-00', '');

-- --------------------------------------------------------

--
-- Table structure for table `itx_t_andon`
--

CREATE TABLE `itx_t_andon` (
  `id` int(11) NOT NULL,
  `masterplan_qty_id` int(11) NOT NULL,
  `machine_id` int(11) NOT NULL,
  `andon_call_id` int(11) NOT NULL,
  `andon_status_id` int(11) NOT NULL,
  `datetime` datetime NOT NULL,
  `time_arrival` datetime NOT NULL,
  `time_finish` datetime NOT NULL,
  `nexttime` datetime DEFAULT NULL,
  `name` varchar(50) NOT NULL,
  `createDate` datetime NOT NULL DEFAULT current_timestamp(),
  `createUser` varchar(50) NOT NULL,
  `editDate` date NOT NULL,
  `editUser` varchar(50) NOT NULL
) ENGINE=InnoDB DEFAULT CHARSET=latin1;

--
-- Dumping data for table `itx_t_andon`
--

INSERT INTO `itx_t_andon` (`id`, `masterplan_qty_id`, `machine_id`, `andon_call_id`, `andon_status_id`, `datetime`, `time_arrival`, `time_finish`, `nexttime`, `name`, `createDate`, `createUser`, `editDate`, `editUser`) VALUES
(1, 0, 20, 3, 3, '2020-06-25 15:48:01', '2020-06-25 15:48:05', '2020-06-25 15:48:09', '2020-06-25 15:53:06', '', '2020-06-25 15:48:01', '', '0000-00-00', ''),
(2, 0, 20, 2, 3, '2020-06-25 15:51:58', '2020-06-25 15:52:17', '2020-06-25 15:52:55', '2020-06-25 15:57:18', '', '2020-06-25 15:51:58', '', '0000-00-00', ''),
(3, 0, 33, 4, 3, '2020-06-26 07:41:46', '2020-06-26 07:41:57', '2020-06-26 07:42:04', '2020-06-26 07:46:59', '', '2020-06-26 07:41:46', '', '0000-00-00', ''),
(4, 1525, 7, 1, 4, '2020-06-26 07:56:00', '0000-00-00 00:00:00', '0000-00-00 00:00:00', '2020-06-26 08:01:12', '', '2020-06-26 07:56:00', '', '0000-00-00', ''),
(5, 11, 20, 1, 4, '2020-06-26 08:32:29', '0000-00-00 00:00:00', '0000-00-00 00:00:00', '2020-06-26 08:38:01', '', '2020-06-26 08:32:29', '', '0000-00-00', ''),
(6, 11, 20, 1, 3, '2020-06-26 08:33:02', '2020-06-26 08:33:08', '2020-06-26 08:33:14', '2020-06-26 08:38:09', '', '2020-06-26 08:33:02', '', '0000-00-00', ''),
(7, 11, 20, 4, 3, '2020-06-26 08:33:19', '2020-06-26 08:33:41', '2020-06-26 08:33:46', '2020-06-26 08:38:42', '', '2020-06-26 08:33:19', '', '0000-00-00', ''),
(8, 7, 11, 2, 4, '2020-06-26 13:14:16', '0000-00-00 00:00:00', '0000-00-00 00:00:00', '2020-06-26 13:19:33', '', '2020-06-26 13:14:16', '', '0000-00-00', ''),
(9, 0, 1, 4, 4, '2020-06-30 00:27:08', '0000-00-00 00:00:00', '0000-00-00 00:00:00', '2020-06-30 00:33:46', '', '2020-06-30 00:27:08', '', '0000-00-00', ''),
(10, 0, 1, 2, 4, '2020-06-30 05:24:45', '0000-00-00 00:00:00', '0000-00-00 00:00:00', '2020-06-30 05:41:52', '', '2020-06-30 05:24:45', '', '0000-00-00', ''),
(11, 228, 24, 4, 4, '2020-07-02 15:03:45', '0000-00-00 00:00:00', '0000-00-00 00:00:00', '2020-07-02 15:08:57', '', '2020-07-02 15:03:45', '', '0000-00-00', ''),
(12, 225, 26, 4, 4, '2020-07-02 17:49:39', '0000-00-00 00:00:00', '0000-00-00 00:00:00', '2020-07-02 17:54:46', '', '2020-07-02 17:49:39', '', '0000-00-00', ''),
(13, 225, 26, 4, 4, '2020-07-02 17:50:13', '0000-00-00 00:00:00', '0000-00-00 00:00:00', '2020-07-02 17:55:23', '', '2020-07-02 17:50:13', '', '0000-00-00', ''),
(14, 225, 26, 4, 4, '2020-07-02 17:53:15', '0000-00-00 00:00:00', '0000-00-00 00:00:00', '2020-07-02 17:58:30', '', '2020-07-02 17:53:15', '', '0000-00-00', ''),
(15, 241, 25, 4, 4, '2020-07-03 07:47:57', '0000-00-00 00:00:00', '0000-00-00 00:00:00', '2020-07-03 07:53:20', '', '2020-07-03 07:47:57', '', '0000-00-00', ''),
(16, 241, 25, 2, 4, '2020-07-03 07:48:59', '0000-00-00 00:00:00', '0000-00-00 00:00:00', '2020-07-03 07:54:45', '', '2020-07-03 07:48:59', '', '0000-00-00', ''),
(17, 252, 23, 2, 4, '2020-07-03 07:51:18', '0000-00-00 00:00:00', '0000-00-00 00:00:00', '2020-07-03 07:57:05', '', '2020-07-03 07:51:18', '', '0000-00-00', ''),
(18, 234, 20, 4, 4, '2020-07-03 07:53:47', '0000-00-00 00:00:00', '0000-00-00 00:00:00', '2020-07-03 07:58:50', '', '2020-07-03 07:53:47', '', '0000-00-00', ''),
(19, 234, 20, 4, 4, '2020-07-03 07:53:48', '0000-00-00 00:00:00', '0000-00-00 00:00:00', '2020-07-03 07:59:13', '', '2020-07-03 07:53:48', '', '0000-00-00', ''),
(20, 232, 18, 2, 4, '2020-07-03 07:55:19', '0000-00-00 00:00:00', '0000-00-00 00:00:00', '2020-07-03 08:00:26', '', '2020-07-03 07:55:19', '', '0000-00-00', ''),
(21, 252, 23, 2, 4, '2020-07-03 07:59:37', '0000-00-00 00:00:00', '0000-00-00 00:00:00', '2020-07-03 08:04:51', '', '2020-07-03 07:59:37', '', '0000-00-00', ''),
(22, 232, 18, 4, 3, '2020-07-03 08:38:02', '2020-07-03 08:41:30', '2020-07-03 08:46:24', '2020-07-03 08:46:31', '', '2020-07-03 08:38:02', '', '0000-00-00', ''),
(23, 246, 6, 4, 4, '2020-07-03 09:04:11', '0000-00-00 00:00:00', '0000-00-00 00:00:00', '2020-07-03 09:10:12', '', '2020-07-03 09:04:11', '', '0000-00-00', ''),
(24, 243, 7, 1, 4, '2020-07-03 09:36:37', '0000-00-00 00:00:00', '0000-00-00 00:00:00', '2020-07-03 09:42:23', '', '2020-07-03 09:36:37', '', '0000-00-00', ''),
(25, 259, 24, 1, 4, '2020-07-03 18:50:43', '0000-00-00 00:00:00', '0000-00-00 00:00:00', '2020-07-03 18:55:59', '', '2020-07-03 18:50:43', '', '0000-00-00', ''),
(26, 259, 24, 1, 4, '2020-07-03 18:51:10', '0000-00-00 00:00:00', '0000-00-00 00:00:00', '2020-07-03 18:56:26', '', '2020-07-03 18:51:10', '', '0000-00-00', ''),
(27, 260, 3, 3, 4, '2020-07-06 07:59:07', '0000-00-00 00:00:00', '0000-00-00 00:00:00', '2020-07-06 08:04:41', '', '2020-07-06 07:59:07', '', '0000-00-00', ''),
(28, 296, 1, 4, 4, '2020-07-06 08:01:01', '0000-00-00 00:00:00', '0000-00-00 00:00:00', '2020-07-06 08:06:32', '', '2020-07-06 08:01:01', '', '0000-00-00', ''),
(29, 0, 30, 1, 4, '2020-07-06 20:39:28', '0000-00-00 00:00:00', '0000-00-00 00:00:00', '2020-07-06 20:44:34', '', '2020-07-06 20:39:28', '', '0000-00-00', ''),
(30, 247, 8, 4, 4, '2020-07-06 20:40:12', '0000-00-00 00:00:00', '0000-00-00 00:00:00', '2020-07-06 20:45:21', '', '2020-07-06 20:40:12', '', '0000-00-00', ''),
(31, 391, 38, 4, 3, '2020-07-08 11:25:58', '2020-07-08 11:26:03', '2020-07-08 11:26:08', '2020-07-08 11:31:03', '', '2020-07-08 11:25:58', '', '0000-00-00', ''),
(32, 391, 38, 3, 3, '2020-07-08 11:34:16', '2020-07-08 11:34:21', '2020-07-08 11:34:22', '2020-07-08 11:39:21', '', '2020-07-08 11:34:16', '', '0000-00-00', ''),
(33, 391, 38, 4, 4, '2020-07-08 11:35:46', '0000-00-00 00:00:00', '0000-00-00 00:00:00', '2020-07-08 11:40:50', '', '2020-07-08 11:35:46', '', '0000-00-00', ''),
(34, 391, 38, 4, 4, '2020-07-08 11:38:44', '0000-00-00 00:00:00', '0000-00-00 00:00:00', '2020-07-08 11:43:51', '', '2020-07-08 11:38:44', '', '0000-00-00', ''),
(35, 367, 24, 4, 4, '2020-07-08 11:41:31', '0000-00-00 00:00:00', '0000-00-00 00:00:00', '2020-07-08 11:46:36', '', '2020-07-08 11:41:31', '', '0000-00-00', ''),
(36, 0, 24, 1, 4, '2020-07-08 11:54:23', '0000-00-00 00:00:00', '0000-00-00 00:00:00', '2020-07-08 11:59:31', '', '2020-07-08 11:54:23', '', '0000-00-00', ''),
(37, 391, 38, 4, 4, '2020-07-08 12:32:22', '0000-00-00 00:00:00', '0000-00-00 00:00:00', '2020-07-08 12:37:26', '', '2020-07-08 12:32:22', '', '0000-00-00', ''),
(38, 296, 1, 1, 4, '2020-07-08 15:41:38', '0000-00-00 00:00:00', '0000-00-00 00:00:00', '2020-07-08 15:47:25', '', '2020-07-08 15:41:38', '', '0000-00-00', ''),
(39, 296, 1, 1, 4, '2020-07-08 15:43:42', '0000-00-00 00:00:00', '0000-00-00 00:00:00', '2020-07-08 15:48:49', '', '2020-07-08 15:43:42', '', '0000-00-00', ''),
(40, 356, 4, 1, 4, '2020-07-08 15:56:31', '0000-00-00 00:00:00', '0000-00-00 00:00:00', '2020-07-08 16:01:33', '', '2020-07-08 15:56:31', '', '0000-00-00', ''),
(41, 356, 4, 2, 4, '2020-07-08 15:56:39', '0000-00-00 00:00:00', '0000-00-00 00:00:00', '2020-07-08 16:01:47', '', '2020-07-08 15:56:39', '', '0000-00-00', ''),
(42, 356, 4, 3, 4, '2020-07-08 15:56:48', '0000-00-00 00:00:00', '0000-00-00 00:00:00', '2020-07-08 16:01:53', '', '2020-07-08 15:56:48', '', '0000-00-00', ''),
(43, 356, 4, 4, 4, '2020-07-08 15:56:53', '0000-00-00 00:00:00', '0000-00-00 00:00:00', '2020-07-08 16:01:58', '', '2020-07-08 15:56:53', '', '0000-00-00', ''),
(44, 356, 4, 2, 4, '2020-07-08 16:00:21', '0000-00-00 00:00:00', '0000-00-00 00:00:00', '2020-07-08 16:05:24', '', '2020-07-08 16:00:21', '', '0000-00-00', ''),
(45, 392, 20, 1, 4, '2020-07-08 16:13:59', '0000-00-00 00:00:00', '0000-00-00 00:00:00', '2020-07-08 16:19:01', '', '2020-07-08 16:13:59', '', '0000-00-00', ''),
(46, 365, 18, 1, 4, '2020-07-08 16:20:22', '0000-00-00 00:00:00', '0000-00-00 00:00:00', '2020-07-08 16:26:03', '', '2020-07-08 16:20:22', '', '0000-00-00', ''),
(47, 365, 18, 4, 4, '2020-07-08 16:22:52', '0000-00-00 00:00:00', '0000-00-00 00:00:00', '2020-07-08 16:27:57', '', '2020-07-08 16:22:52', '', '0000-00-00', ''),
(48, 0, 18, 2, 4, '2020-07-09 00:14:08', '0000-00-00 00:00:00', '0000-00-00 00:00:00', '2020-07-09 00:19:23', '', '2020-07-09 00:14:08', '', '0000-00-00', ''),
(49, 433, 33, 4, 3, '2020-07-09 09:38:49', '2020-07-09 09:38:51', '2020-07-09 09:38:53', '2020-07-09 09:43:51', '', '2020-07-09 09:38:49', '', '0000-00-00', ''),
(50, 422, 6, 1, 4, '2020-07-09 10:11:36', '0000-00-00 00:00:00', '0000-00-00 00:00:00', '2020-07-09 10:16:41', '', '2020-07-09 10:11:36', '', '0000-00-00', ''),
(51, 0, 7, 1, 4, '2020-07-09 10:13:28', '0000-00-00 00:00:00', '0000-00-00 00:00:00', '2020-07-09 10:18:36', '', '2020-07-09 10:13:28', '', '0000-00-00', ''),
(52, 0, 7, 1, 4, '2020-07-09 10:14:38', '0000-00-00 00:00:00', '0000-00-00 00:00:00', '2020-07-09 10:19:41', '', '2020-07-09 10:14:38', '', '0000-00-00', ''),
(53, 416, 19, 1, 4, '2020-07-09 10:16:01', '0000-00-00 00:00:00', '0000-00-00 00:00:00', '2020-07-09 10:21:06', '', '2020-07-09 10:16:01', '', '0000-00-00', ''),
(54, 416, 19, 4, 4, '2020-07-09 10:17:25', '0000-00-00 00:00:00', '0000-00-00 00:00:00', '2020-07-09 10:22:27', '', '2020-07-09 10:17:25', '', '0000-00-00', ''),
(55, 0, 23, 4, 4, '2020-07-09 10:20:43', '0000-00-00 00:00:00', '0000-00-00 00:00:00', '2020-07-09 10:25:48', '', '2020-07-09 10:20:43', '', '0000-00-00', ''),
(56, 0, 23, 2, 4, '2020-07-09 10:20:47', '0000-00-00 00:00:00', '0000-00-00 00:00:00', '2020-07-09 10:25:50', '', '2020-07-09 10:20:47', '', '0000-00-00', ''),
(57, 0, 23, 1, 4, '2020-07-09 10:20:51', '0000-00-00 00:00:00', '0000-00-00 00:00:00', '2020-07-09 10:25:54', '', '2020-07-09 10:20:51', '', '0000-00-00', ''),
(58, 433, 33, 4, 3, '2020-07-09 13:58:27', '2020-07-09 13:58:38', '2020-07-09 13:58:41', '2020-07-09 14:03:32', '', '2020-07-09 13:58:27', '', '0000-00-00', ''),
(59, 379, 24, 3, 4, '2020-07-09 13:58:32', '0000-00-00 00:00:00', '0000-00-00 00:00:00', '2020-07-09 14:03:36', '', '2020-07-09 13:58:32', '', '0000-00-00', ''),
(60, 433, 33, 4, 4, '2020-07-09 13:58:49', '0000-00-00 00:00:00', '0000-00-00 00:00:00', '2020-07-09 14:03:53', '', '2020-07-09 13:58:49', '', '0000-00-00', ''),
(61, 431, 1, 4, 4, '2020-07-09 13:59:03', '0000-00-00 00:00:00', '0000-00-00 00:00:00', '2020-07-09 14:04:25', '', '2020-07-09 13:59:03', '', '0000-00-00', ''),
(62, 431, 1, 4, 4, '2020-07-09 17:24:13', '0000-00-00 00:00:00', '0000-00-00 00:00:00', '2020-07-09 17:29:22', '', '2020-07-09 17:24:13', '', '0000-00-00', ''),
(63, 431, 1, 1, 4, '2020-07-09 17:24:59', '0000-00-00 00:00:00', '0000-00-00 00:00:00', '2020-07-09 17:30:06', '', '2020-07-09 17:24:59', '', '0000-00-00', ''),
(64, 414, 20, 2, 4, '2020-07-09 18:25:41', '0000-00-00 00:00:00', '0000-00-00 00:00:00', '2020-07-09 18:30:46', '', '2020-07-09 18:25:41', '', '0000-00-00', ''),
(65, 379, 24, 2, 4, '2020-07-09 19:15:02', '0000-00-00 00:00:00', '0000-00-00 00:00:00', '2020-07-09 19:20:33', '', '2020-07-09 19:15:02', '', '0000-00-00', ''),
(66, 473, 24, 4, 4, '2020-07-10 09:14:33', '0000-00-00 00:00:00', '0000-00-00 00:00:00', '2020-07-10 09:19:51', '', '2020-07-10 09:14:33', '', '0000-00-00', ''),
(67, 0, 3, 4, 4, '2020-07-10 14:18:21', '0000-00-00 00:00:00', '0000-00-00 00:00:00', '2020-07-10 14:23:28', '', '2020-07-10 14:18:21', '', '0000-00-00', ''),
(68, 530, 15, 1, 4, '2020-07-13 10:12:48', '0000-00-00 00:00:00', '0000-00-00 00:00:00', '2020-07-13 10:17:55', '', '2020-07-13 10:12:48', '', '0000-00-00', ''),
(69, 522, 26, 2, 3, '2020-07-13 10:55:39', '2020-07-13 10:55:55', '2020-07-13 10:56:00', '2020-07-13 11:00:55', '', '2020-07-13 10:55:39', '', '0000-00-00', ''),
(70, 503, 7, 4, 4, '2020-07-13 21:28:01', '0000-00-00 00:00:00', '0000-00-00 00:00:00', '2020-07-13 21:33:17', '', '2020-07-13 21:28:01', '', '0000-00-00', ''),
(71, 503, 7, 2, 4, '2020-07-13 21:28:39', '0000-00-00 00:00:00', '0000-00-00 00:00:00', '2020-07-13 21:33:48', '', '2020-07-13 21:28:39', '', '0000-00-00', ''),
(72, 537, 4, 4, 4, '2020-07-14 09:49:38', '0000-00-00 00:00:00', '0000-00-00 00:00:00', '2020-07-14 09:55:40', '', '2020-07-14 09:49:38', '', '0000-00-00', ''),
(73, 0, 7, 2, 4, '2020-07-14 11:02:43', '0000-00-00 00:00:00', '0000-00-00 00:00:00', '2020-07-14 11:07:50', '', '2020-07-14 11:02:43', '', '0000-00-00', ''),
(74, 648, 17, 4, 4, '2020-07-15 09:06:23', '0000-00-00 00:00:00', '0000-00-00 00:00:00', '2020-07-15 09:11:37', '', '2020-07-15 09:06:23', '', '0000-00-00', ''),
(75, 582, 26, 4, 4, '2020-07-15 09:24:24', '0000-00-00 00:00:00', '0000-00-00 00:00:00', '2020-07-15 09:30:26', '', '2020-07-15 09:24:24', '', '0000-00-00', ''),
(76, 617, 25, 4, 4, '2020-07-15 09:26:01', '0000-00-00 00:00:00', '0000-00-00 00:00:00', '2020-07-15 09:32:03', '', '2020-07-15 09:26:01', '', '0000-00-00', ''),
(77, 582, 26, 4, 4, '2020-07-15 10:04:06', '0000-00-00 00:00:00', '0000-00-00 00:00:00', '2020-07-15 10:09:10', '', '2020-07-15 10:04:06', '', '0000-00-00', '');

-- --------------------------------------------------------

--
-- Table structure for table `itx_t_losstime`
--

CREATE TABLE `itx_t_losstime` (
  `id` varchar(15) NOT NULL,
  `masterplan_qty_id` int(11) NOT NULL,
  `losstime_cat_id` int(11) NOT NULL,
  `machine_id` int(11) NOT NULL,
  `start_time` datetime NOT NULL,
  `finish_time` datetime NOT NULL,
  `createDate` datetime NOT NULL DEFAULT current_timestamp(),
  `createUser` varchar(50) NOT NULL,
  `editDate` date NOT NULL,
  `editUser` varchar(50) NOT NULL
) ENGINE=InnoDB DEFAULT CHARSET=latin1;

--
-- Dumping data for table `itx_t_losstime`
--

INSERT INTO `itx_t_losstime` (`id`, `masterplan_qty_id`, `losstime_cat_id`, `machine_id`, `start_time`, `finish_time`, `createDate`, `createUser`, `editDate`, `editUser`) VALUES
('1-1594603619', 520, 7, 1, '2020-07-13 08:26:59', '2020-07-13 17:23:20', '2020-07-13 08:26:59', '', '0000-00-00', ''),
('10-1593151997', 5, 1, 10, '2020-06-26 13:13:17', '2020-07-01 08:48:05', '2020-06-26 13:13:17', '', '0000-00-00', ''),
('10-1593570586', 168, 2, 10, '2020-07-01 09:29:46', '2020-07-01 09:43:48', '2020-07-01 09:29:46', '', '0000-00-00', ''),
('10-1593579466', 168, 2, 10, '2020-07-01 11:57:46', '2020-07-01 12:39:49', '2020-07-01 11:57:46', '', '0000-00-00', ''),
('10-1593657115', 201, 2, 10, '2020-07-02 09:31:55', '2020-07-02 12:39:51', '2020-07-02 09:31:55', '', '0000-00-00', ''),
('10-1593668397', 201, 2, 10, '2020-07-02 12:39:57', '2020-07-02 12:40:12', '2020-07-02 12:39:57', '', '0000-00-00', ''),
('10-1593682100', 201, 2, 10, '2020-07-02 16:28:20', '2020-07-02 16:43:51', '2020-07-02 16:28:20', '', '0000-00-00', ''),
('10-1594089645', 329, 2, 10, '2020-07-07 09:40:45', '2020-07-07 10:01:47', '2020-07-07 09:40:45', '', '0000-00-00', ''),
('10-1594201110', 372, 2, 10, '2020-07-08 16:38:30', '2020-07-10 07:51:25', '2020-07-08 16:38:30', '', '0000-00-00', ''),
('10-1594637912', 440, 2, 10, '2020-07-13 17:58:32', '2020-07-13 18:40:20', '2020-07-13 17:58:32', '', '0000-00-00', ''),
('10-1594654040', 440, 2, 10, '2020-07-13 22:27:20', '2020-07-13 22:49:52', '2020-07-13 22:27:20', '', '0000-00-00', ''),
('10-1594776501', 627, 8, 10, '2020-07-15 08:28:21', '2020-07-15 08:32:32', '2020-07-15 08:28:21', '', '0000-00-00', ''),
('10-1594780144', 627, 2, 10, '2020-07-15 09:29:04', '2020-07-15 09:39:52', '2020-07-15 09:29:04', '', '0000-00-00', ''),
('11-1593151815', 7, 1, 11, '2020-06-26 13:10:15', '2020-07-01 08:49:01', '2020-06-26 13:10:15', '', '0000-00-00', ''),
('11-1593665884', 212, 2, 11, '2020-07-02 11:58:04', '2020-07-02 12:40:09', '2020-07-02 11:58:04', '', '0000-00-00', ''),
('11-1593668592', 212, 1, 11, '2020-07-02 12:43:12', '2020-07-02 12:46:56', '2020-07-02 12:43:12', '', '0000-00-00', ''),
('11-1594089596', 325, 2, 11, '2020-07-07 09:39:56', '2020-07-07 09:59:44', '2020-07-07 09:39:56', '', '0000-00-00', ''),
('11-1594098526', 325, 2, 11, '2020-07-07 12:08:46', '2020-07-07 12:42:29', '2020-07-07 12:08:46', '', '0000-00-00', ''),
('11-1594348153', 442, 2, 11, '2020-07-10 09:29:13', '2020-07-10 09:45:05', '2020-07-10 09:29:13', '', '0000-00-00', ''),
('11-1594355476', 442, 2, 11, '2020-07-10 11:31:16', '2020-07-10 13:12:48', '2020-07-10 11:31:16', '', '0000-00-00', ''),
('11-1594693813', 586, 2, 11, '2020-07-14 09:30:13', '2020-07-14 09:40:56', '2020-07-14 09:30:13', '', '0000-00-00', ''),
('11-1594702692', 586, 2, 11, '2020-07-14 11:58:12', '2020-07-14 12:40:27', '2020-07-14 11:58:12', '', '0000-00-00', ''),
('11-1594773645', 606, 3, 11, '2020-07-15 07:40:45', '2020-07-15 07:56:29', '2020-07-15 07:40:45', '', '0000-00-00', ''),
('11-1594774737', 606, 3, 11, '2020-07-15 07:58:57', '2020-07-15 08:09:18', '2020-07-15 07:58:57', '', '0000-00-00', ''),
('12-1593151932', 6, 1, 12, '2020-06-26 13:12:12', '2020-06-26 13:12:18', '2020-06-26 13:12:12', '', '0000-00-00', ''),
('12-1593151949', 6, 1, 12, '2020-06-26 13:12:29', '2020-06-27 00:30:11', '2020-06-26 13:12:29', '', '0000-00-00', ''),
('12-1593192650', 6, 1, 12, '2020-06-27 00:30:50', '2020-07-01 08:50:44', '2020-06-27 00:30:50', '', '0000-00-00', ''),
('12-1593665863', 211, 2, 12, '2020-07-02 11:57:43', '2020-07-02 12:41:52', '2020-07-02 11:57:43', '', '0000-00-00', ''),
('12-1593668535', 211, 1, 12, '2020-07-02 12:42:15', '2020-07-02 12:42:59', '2020-07-02 12:42:15', '', '0000-00-00', ''),
('12-1594607344', 529, 2, 12, '2020-07-13 09:29:04', '2020-07-13 09:50:34', '2020-07-13 09:29:04', '', '0000-00-00', ''),
('12-1594608644', 529, 1, 12, '2020-07-13 09:50:44', '2020-07-13 10:00:11', '2020-07-13 09:50:44', '', '0000-00-00', ''),
('12-1594609445', 529, 1, 12, '2020-07-13 10:04:05', '2020-07-13 11:06:17', '2020-07-13 10:04:05', '', '0000-00-00', ''),
('12-1594614335', 529, 1, 12, '2020-07-13 11:25:35', '2020-07-13 11:36:15', '2020-07-13 11:25:35', '', '0000-00-00', ''),
('12-1594616756', 529, 2, 12, '2020-07-13 12:05:56', '2020-07-13 13:01:36', '2020-07-13 12:05:56', '', '0000-00-00', ''),
('12-1594633532', 501, 8, 12, '2020-07-13 16:45:32', '2020-07-13 17:27:21', '2020-07-13 16:45:32', '', '0000-00-00', ''),
('12-1594775418', 649, 8, 12, '2020-07-15 08:10:18', '2020-07-15 08:12:37', '2020-07-15 08:10:18', '', '0000-00-00', ''),
('12-1594778052', 649, 5, 12, '2020-07-15 08:54:12', '2020-07-15 08:54:50', '2020-07-15 08:54:12', '', '0000-00-00', ''),
('12-1594778241', 649, 8, 12, '2020-07-15 08:57:21', '2020-07-15 08:58:58', '2020-07-15 08:57:21', '', '0000-00-00', ''),
('12-1594778407', 649, 1, 12, '2020-07-15 09:00:07', '2020-07-15 09:01:07', '2020-07-15 09:00:07', '', '0000-00-00', ''),
('15-1594044432', 284, 1, 15, '2020-07-06 21:07:12', '2020-07-06 21:11:51', '2020-07-06 21:07:12', '', '0000-00-00', ''),
('15-1594049275', 284, 1, 15, '2020-07-06 22:27:55', '2020-07-06 22:27:59', '2020-07-06 22:27:55', '', '0000-00-00', ''),
('15-1594049281', 284, 2, 15, '2020-07-06 22:28:01', '2020-07-06 22:39:27', '2020-07-06 22:28:01', '', '0000-00-00', ''),
('15-1594050372', 284, 1, 15, '2020-07-06 22:46:12', '2020-07-06 22:49:33', '2020-07-06 22:46:12', '', '0000-00-00', ''),
('15-1594058222', 284, 7, 15, '2020-07-07 00:57:02', '2020-07-07 07:52:32', '2020-07-07 00:57:02', '', '0000-00-00', ''),
('15-1594175677', 368, 2, 15, '2020-07-08 09:34:37', '2020-07-08 09:56:31', '2020-07-08 09:34:37', '', '0000-00-00', ''),
('15-1594184301', 368, 2, 15, '2020-07-08 11:58:21', '2020-07-08 12:39:39', '2020-07-08 11:58:21', '', '0000-00-00', ''),
('15-1594378951', 453, 2, 15, '2020-07-10 18:02:31', '2020-07-10 18:44:41', '2020-07-10 18:02:31', '', '0000-00-00', ''),
('15-1594626231', 530, 1, 15, '2020-07-13 14:43:51', '2020-07-13 14:49:31', '2020-07-13 14:43:51', '', '0000-00-00', ''),
('15-1594628139', 530, 1, 15, '2020-07-13 15:15:39', '2020-07-14 09:18:07', '2020-07-13 15:15:39', '', '0000-00-00', ''),
('16-1593579502', 152, 2, 16, '2020-07-01 11:58:22', '2020-07-01 12:41:16', '2020-07-01 11:58:22', '', '0000-00-00', ''),
('16-1594607340', 499, 2, 16, '2020-07-13 09:29:00', '2020-07-13 09:41:14', '2020-07-13 09:29:00', '', '0000-00-00', ''),
('16-1594616724', 499, 2, 16, '2020-07-13 12:05:24', '2020-07-13 12:57:26', '2020-07-13 12:05:24', '', '0000-00-00', ''),
('17-1594780617', 648, 2, 17, '2020-07-15 09:36:57', '2020-07-15 09:50:06', '2020-07-15 09:36:57', '', '0000-00-00', ''),
('18-1593737756', 232, 3, 18, '2020-07-03 07:55:56', '2020-07-03 07:56:05', '2020-07-03 07:55:56', '', '0000-00-00', ''),
('18-1593737767', 232, 3, 18, '2020-07-03 07:56:07', '2020-07-03 08:08:55', '2020-07-03 07:56:07', '', '0000-00-00', ''),
('18-1593740341', 232, 5, 18, '2020-07-03 08:39:01', '2020-07-03 16:32:18', '2020-07-03 08:39:01', '', '0000-00-00', ''),
('18-1594084813', 337, 3, 18, '2020-07-07 08:20:13', '2020-07-07 08:30:42', '2020-07-07 08:20:13', '', '0000-00-00', ''),
('18-1594089380', 337, 2, 18, '2020-07-07 09:36:20', '2020-07-07 09:50:37', '2020-07-07 09:36:20', '', '0000-00-00', ''),
('18-1594205860', 365, 2, 18, '2020-07-08 17:57:40', '2020-07-08 18:41:03', '2020-07-08 17:57:40', '', '0000-00-00', ''),
('18-1594261697', 415, 2, 18, '2020-07-09 09:28:17', '2020-07-09 09:39:27', '2020-07-09 09:28:17', '', '0000-00-00', ''),
('18-1594270688', 415, 2, 18, '2020-07-09 11:58:08', '2020-07-09 12:39:17', '2020-07-09 11:58:08', '', '0000-00-00', ''),
('18-1594273788', 415, 8, 18, '2020-07-09 12:49:48', '2020-07-09 12:56:39', '2020-07-09 12:49:48', '', '0000-00-00', ''),
('18-1594283973', 415, 8, 18, '2020-07-09 15:39:33', '2020-07-09 15:50:04', '2020-07-09 15:39:33', '', '0000-00-00', ''),
('18-1594607315', 523, 2, 18, '2020-07-13 09:28:35', '2020-07-13 09:40:50', '2020-07-13 09:28:35', '', '0000-00-00', ''),
('18-1594614706', 523, 7, 18, '2020-07-13 11:31:46', '2020-07-14 07:32:44', '2020-07-13 11:31:46', '', '0000-00-00', ''),
('18-1594774230', 610, 8, 18, '2020-07-15 07:50:30', '2020-07-15 07:51:21', '2020-07-15 07:50:30', '', '0000-00-00', ''),
('18-1594776232', 610, 8, 18, '2020-07-15 08:23:52', '2020-07-15 08:25:42', '2020-07-15 08:23:52', '', '0000-00-00', ''),
('18-1594776741', 610, 8, 18, '2020-07-15 08:32:21', '2020-07-15 08:35:38', '2020-07-15 08:32:21', '', '0000-00-00', ''),
('18-1594780621', 610, 2, 18, '2020-07-15 09:37:01', '2020-07-15 09:51:18', '2020-07-15 09:37:01', '', '0000-00-00', ''),
('19-1593737680', 10, 1, 19, '2020-07-03 07:54:40', '2020-07-03 07:54:45', '2020-07-03 07:54:40', '', '0000-00-00', ''),
('19-1593737823', 233, 3, 19, '2020-07-03 07:57:03', '2020-07-03 07:57:10', '2020-07-03 07:57:03', '', '0000-00-00', ''),
('19-1593737837', 233, 3, 19, '2020-07-03 07:57:17', '2020-07-03 07:58:30', '2020-07-03 07:57:17', '', '0000-00-00', ''),
('19-1593737911', 233, 1, 19, '2020-07-03 07:58:31', '2020-07-03 08:48:17', '2020-07-03 07:58:31', '', '0000-00-00', ''),
('19-1594214433', 366, 7, 19, '2020-07-08 20:20:33', '2020-07-08 20:24:27', '2020-07-08 20:20:33', '', '0000-00-00', ''),
('19-1594216248', 366, 8, 19, '2020-07-08 20:50:48', '2020-07-08 21:13:11', '2020-07-08 20:50:48', '', '0000-00-00', ''),
('19-1594217821', 366, 8, 19, '2020-07-08 21:17:01', '2020-07-08 21:17:36', '2020-07-08 21:17:01', '', '0000-00-00', ''),
('19-1594222246', 366, 2, 19, '2020-07-08 22:30:46', '2020-07-08 22:54:34', '2020-07-08 22:30:46', '', '0000-00-00', ''),
('19-1594261693', 416, 2, 19, '2020-07-09 09:28:13', '2020-07-09 09:40:03', '2020-07-09 09:28:13', '', '0000-00-00', ''),
('19-1594270685', 416, 2, 19, '2020-07-09 11:58:05', '2020-07-09 12:39:39', '2020-07-09 11:58:05', '', '0000-00-00', ''),
('19-1594355830', 460, 2, 19, '2020-07-10 11:37:10', '2020-07-10 12:59:57', '2020-07-10 11:37:10', '', '0000-00-00', ''),
('19-1594688531', 555, 8, 19, '2020-07-14 08:02:11', '2020-07-14 08:06:43', '2020-07-14 08:02:11', '', '0000-00-00', ''),
('19-1594691581', 555, 2, 19, '2020-07-14 08:53:01', '0000-00-00 00:00:00', '2020-07-14 08:53:01', '', '0000-00-00', ''),
('19-1594774012', 611, 8, 19, '2020-07-15 07:46:52', '2020-07-15 07:47:08', '2020-07-15 07:46:52', '', '0000-00-00', ''),
('19-1594774050', 611, 8, 19, '2020-07-15 07:47:30', '2020-07-15 07:49:12', '2020-07-15 07:47:30', '', '0000-00-00', ''),
('19-1594780103', 611, 2, 19, '2020-07-15 09:28:23', '2020-07-15 09:40:59', '2020-07-15 09:28:23', '', '0000-00-00', ''),
('20-1593135017', 11, 2, 20, '2020-06-26 08:30:17', '2020-06-26 08:30:26', '2020-06-26 08:30:17', '', '0000-00-00', ''),
('20-1593135063', 11, 4, 20, '2020-06-26 08:31:03', '2020-06-26 08:31:12', '2020-06-26 08:31:03', '', '0000-00-00', ''),
('20-1593136016', 11, 1, 20, '2020-06-26 08:46:56', '2020-06-26 10:20:06', '2020-06-26 08:46:56', '', '0000-00-00', ''),
('20-1593145922', 11, 2, 20, '2020-06-26 11:32:02', '2020-06-26 13:00:17', '2020-06-26 11:32:02', '', '0000-00-00', ''),
('20-1593151225', 11, 6, 20, '2020-06-26 13:00:25', '2020-06-26 13:01:34', '2020-06-26 13:00:25', '', '0000-00-00', ''),
('20-1593151338', 11, 6, 20, '2020-06-26 13:02:18', '2020-06-26 13:32:12', '2020-06-26 13:02:18', '', '0000-00-00', ''),
('20-1593164019', 11, 2, 20, '2020-06-26 16:33:39', '0000-00-00 00:00:00', '2020-06-26 16:33:39', '', '0000-00-00', ''),
('20-1593737669', 234, 1, 20, '2020-07-03 07:54:29', '2020-07-03 07:57:50', '2020-07-03 07:54:29', '', '0000-00-00', ''),
('20-1593737875', 234, 3, 20, '2020-07-03 07:57:55', '2020-07-03 07:58:09', '2020-07-03 07:57:55', '', '0000-00-00', ''),
('20-1593737900', 234, 1, 20, '2020-07-03 07:58:20', '2020-07-03 08:46:58', '2020-07-03 07:58:20', '', '0000-00-00', ''),
('20-1594261698', 414, 2, 20, '2020-07-09 09:28:18', '2020-07-09 09:39:05', '2020-07-09 09:28:18', '', '0000-00-00', ''),
('20-1594270684', 414, 2, 20, '2020-07-09 11:58:04', '2020-07-09 12:39:14', '2020-07-09 11:58:04', '', '0000-00-00', ''),
('20-1594348102', 426, 2, 20, '2020-07-10 09:28:22', '2020-07-10 09:41:49', '2020-07-10 09:28:22', '', '0000-00-00', ''),
('20-1594619726', 509, 8, 20, '2020-07-13 12:55:26', '2020-07-13 13:02:31', '2020-07-13 12:55:26', '', '0000-00-00', ''),
('20-1594620180', 509, 8, 20, '2020-07-13 13:03:00', '2020-07-13 13:03:20', '2020-07-13 13:03:00', '', '0000-00-00', ''),
('20-1594632484', 509, 2, 20, '2020-07-13 16:28:04', '2020-07-13 16:40:39', '2020-07-13 16:28:04', '', '0000-00-00', ''),
('20-1594637988', 509, 2, 20, '2020-07-13 17:59:48', '2020-07-13 18:54:31', '2020-07-13 17:59:48', '', '0000-00-00', ''),
('20-1594654097', 509, 2, 20, '2020-07-13 22:28:17', '2020-07-13 22:49:33', '2020-07-13 22:28:17', '', '0000-00-00', ''),
('20-1594775558', 612, 2, 20, '2020-07-15 08:12:38', '2020-07-15 08:12:44', '2020-07-15 08:12:38', '', '0000-00-00', ''),
('20-1594775598', 612, 2, 20, '2020-07-15 08:13:18', '2020-07-15 08:24:13', '2020-07-15 08:13:18', '', '0000-00-00', ''),
('20-1594780093', 612, 2, 20, '2020-07-15 09:28:13', '2020-07-15 09:41:03', '2020-07-15 09:28:13', '', '0000-00-00', ''),
('22-1593151500', 12, 6, 22, '2020-06-26 13:05:00', '2020-06-26 13:36:27', '2020-06-26 13:05:00', '', '0000-00-00', ''),
('22-1593586449', 196, 3, 22, '2020-07-01 13:54:09', '2020-07-02 00:45:24', '2020-07-01 13:54:09', '', '0000-00-00', ''),
('22-1594178006', 388, 1, 22, '2020-07-08 10:13:26', '2020-07-08 14:59:23', '2020-07-08 10:13:26', '', '0000-00-00', ''),
('22-1594602559', 524, 8, 22, '2020-07-13 08:09:19', '2020-07-13 08:43:36', '2020-07-13 08:09:19', '', '0000-00-00', ''),
('22-1594606653', 524, 5, 22, '2020-07-13 09:17:33', '2020-07-13 09:24:34', '2020-07-13 09:17:33', '', '0000-00-00', ''),
('22-1594607299', 524, 2, 22, '2020-07-13 09:28:19', '2020-07-13 09:41:48', '2020-07-13 09:28:19', '', '0000-00-00', ''),
('22-1594630407', 535, 8, 22, '2020-07-13 15:53:27', '2020-07-13 15:56:50', '2020-07-13 15:53:27', '', '0000-00-00', ''),
('22-1594632464', 535, 2, 22, '2020-07-13 16:27:44', '2020-07-13 16:27:49', '2020-07-13 16:27:44', '', '0000-00-00', ''),
('22-1594632471', 535, 7, 22, '2020-07-13 16:27:51', '2020-07-13 16:40:05', '2020-07-13 16:27:51', '', '0000-00-00', ''),
('22-1594633263', 535, 7, 22, '2020-07-13 16:41:03', '2020-07-13 16:51:59', '2020-07-13 16:41:03', '', '0000-00-00', ''),
('22-1594637896', 535, 2, 22, '2020-07-13 17:58:16', '2020-07-13 18:41:48', '2020-07-13 17:58:16', '', '0000-00-00', ''),
('22-1594640594', 535, 7, 22, '2020-07-13 18:43:14', '2020-07-13 18:57:18', '2020-07-13 18:43:14', '', '0000-00-00', ''),
('22-1594714018', 600, 8, 22, '2020-07-14 15:06:58', '2020-07-14 15:15:28', '2020-07-14 15:06:58', '', '0000-00-00', ''),
('22-1594727130', 576, 3, 22, '2020-07-14 18:45:30', '2020-07-14 19:01:23', '2020-07-14 18:45:30', '', '0000-00-00', ''),
('23-1593399601', 83, 1, 23, '2020-06-29 10:00:01', '2020-06-29 10:37:47', '2020-06-29 10:00:01', '', '0000-00-00', ''),
('23-1593657267', 217, 2, 23, '2020-07-02 09:34:27', '2020-07-02 09:44:44', '2020-07-02 09:34:27', '', '0000-00-00', ''),
('23-1593737474', 252, 1, 23, '2020-07-03 07:51:14', '2020-07-06 07:42:44', '2020-07-03 07:51:14', '', '0000-00-00', ''),
('23-1594200904', 390, 2, 23, '2020-07-08 16:35:04', '2020-07-08 16:50:40', '2020-07-08 16:35:04', '', '0000-00-00', ''),
('23-1594206128', 390, 2, 23, '2020-07-08 18:02:08', '2020-07-08 18:40:57', '2020-07-08 18:02:08', '', '0000-00-00', ''),
('23-1594602600', 525, 1, 23, '2020-07-13 08:10:00', '2020-07-13 08:11:07', '2020-07-13 08:10:00', '', '0000-00-00', ''),
('23-1594602669', 525, 8, 23, '2020-07-13 08:11:09', '2020-07-13 08:41:58', '2020-07-13 08:11:09', '', '0000-00-00', ''),
('23-1594607287', 525, 2, 23, '2020-07-13 09:28:07', '2020-07-13 09:43:14', '2020-07-13 09:28:07', '', '0000-00-00', ''),
('23-1594609320', 525, 6, 23, '2020-07-13 10:02:00', '2020-07-13 10:02:32', '2020-07-13 10:02:00', '', '0000-00-00', ''),
('23-1594616291', 525, 2, 23, '2020-07-13 11:58:11', '2020-07-13 12:40:50', '2020-07-13 11:58:11', '', '0000-00-00', ''),
('23-1594630415', 536, 8, 23, '2020-07-13 15:53:35', '2020-07-13 15:56:54', '2020-07-13 15:53:35', '', '0000-00-00', ''),
('23-1594630639', 536, 1, 23, '2020-07-13 15:57:19', '2020-07-13 15:59:54', '2020-07-13 15:57:19', '', '0000-00-00', ''),
('23-1594630928', 536, 1, 23, '2020-07-13 16:02:08', '2020-07-13 16:02:24', '2020-07-13 16:02:08', '', '0000-00-00', ''),
('23-1594632469', 536, 7, 23, '2020-07-13 16:27:49', '2020-07-13 16:39:45', '2020-07-13 16:27:49', '', '0000-00-00', ''),
('23-1594637887', 536, 2, 23, '2020-07-13 17:58:07', '2020-07-13 18:40:46', '2020-07-13 17:58:07', '', '0000-00-00', ''),
('23-1594693697', 563, 2, 23, '2020-07-14 09:28:17', '2020-07-14 09:40:04', '2020-07-14 09:28:17', '', '0000-00-00', ''),
('23-1594721239', 577, 3, 23, '2020-07-14 17:07:19', '2020-07-14 17:54:39', '2020-07-14 17:07:19', '', '0000-00-00', ''),
('23-1594724323', 577, 2, 23, '2020-07-14 17:58:43', '2020-07-14 19:04:14', '2020-07-14 17:58:43', '', '0000-00-00', ''),
('24-1593576505', 151, 2, 24, '2020-07-01 11:08:25', '2020-07-01 13:22:14', '2020-07-01 11:08:25', '', '0000-00-00', ''),
('24-1593601082', 154, 2, 24, '2020-07-01 17:58:02', '2020-07-01 18:38:53', '2020-07-01 17:58:02', '', '0000-00-00', ''),
('24-1593653096', 202, 2, 24, '2020-07-02 08:24:56', '2020-07-02 08:25:00', '2020-07-02 08:24:56', '', '0000-00-00', ''),
('24-1593653113', 202, 8, 24, '2020-07-02 08:25:13', '2020-07-02 08:46:48', '2020-07-02 08:25:13', '', '0000-00-00', ''),
('24-1593660813', 219, 8, 24, '2020-07-02 10:33:33', '2020-07-02 10:40:11', '2020-07-02 10:33:33', '', '0000-00-00', ''),
('24-1593661433', 219, 8, 24, '2020-07-02 10:43:53', '2020-07-02 10:44:06', '2020-07-02 10:43:53', '', '0000-00-00', ''),
('24-1593668809', 219, 2, 24, '2020-07-02 12:46:49', '2020-07-02 12:47:02', '2020-07-02 12:46:49', '', '0000-00-00', ''),
('24-1593677001', 228, 2, 24, '2020-07-02 15:03:21', '2020-07-02 15:03:33', '2020-07-02 15:03:21', '', '0000-00-00', ''),
('24-1593682189', 228, 2, 24, '2020-07-02 16:29:49', '2020-07-02 16:38:22', '2020-07-02 16:29:49', '', '0000-00-00', ''),
('24-1593687520', 228, 2, 24, '2020-07-02 17:58:40', '2020-07-02 18:39:18', '2020-07-02 17:58:40', '', '0000-00-00', ''),
('24-1593745207', 259, 8, 24, '2020-07-03 10:00:07', '2020-07-03 13:14:06', '2020-07-03 10:00:07', '', '0000-00-00', ''),
('24-1594101879', 350, 2, 24, '2020-07-07 13:04:39', '2020-07-07 13:04:48', '2020-07-07 13:04:39', '', '0000-00-00', ''),
('24-1594188275', 398, 3, 24, '2020-07-08 13:04:35', '2020-07-08 13:26:21', '2020-07-08 13:04:35', '', '0000-00-00', ''),
('24-1594256966', 397, 3, 24, '2020-07-09 08:09:26', '2020-07-09 09:25:31', '2020-07-09 08:09:26', '', '0000-00-00', ''),
('24-1594265501', 379, 3, 24, '2020-07-09 10:31:41', '2020-07-09 10:46:52', '2020-07-09 10:31:41', '', '0000-00-00', ''),
('24-1594267232', 379, 3, 24, '2020-07-09 11:00:32', '2020-07-09 11:00:36', '2020-07-09 11:00:32', '', '0000-00-00', ''),
('24-1594270723', 379, 2, 24, '2020-07-09 11:58:43', '2020-07-09 12:38:26', '2020-07-09 11:58:43', '', '0000-00-00', ''),
('24-1594273736', 379, 3, 24, '2020-07-09 12:48:56', '2020-07-09 13:03:02', '2020-07-09 12:48:56', '', '0000-00-00', ''),
('24-1594279489', 379, 3, 24, '2020-07-09 14:24:49', '2020-07-09 14:34:54', '2020-07-09 14:24:49', '', '0000-00-00', ''),
('24-1594285666', 379, 3, 24, '2020-07-09 16:07:46', '2020-07-09 16:36:01', '2020-07-09 16:07:46', '', '0000-00-00', ''),
('24-1594287410', 379, 3, 24, '2020-07-09 16:36:50', '2020-07-09 16:46:33', '2020-07-09 16:36:50', '', '0000-00-00', ''),
('24-1594288083', 379, 4, 24, '2020-07-09 16:48:03', '2020-07-09 16:54:46', '2020-07-09 16:48:03', '', '0000-00-00', ''),
('24-1594291575', 379, 5, 24, '2020-07-09 17:46:15', '2020-07-09 17:46:31', '2020-07-09 17:46:15', '', '0000-00-00', ''),
('24-1594292145', 379, 2, 24, '2020-07-09 17:55:45', '2020-07-09 18:43:15', '2020-07-09 17:55:45', '', '0000-00-00', ''),
('24-1594295933', 379, 3, 24, '2020-07-09 18:58:53', '2020-07-09 18:59:32', '2020-07-09 18:58:53', '', '0000-00-00', ''),
('24-1594295973', 379, 5, 24, '2020-07-09 18:59:33', '2020-07-09 19:08:29', '2020-07-09 18:59:33', '', '0000-00-00', ''),
('24-1594296935', 379, 5, 24, '2020-07-09 19:15:35', '2020-07-09 19:23:03', '2020-07-09 19:15:35', '', '0000-00-00', ''),
('24-1594298219', 379, 5, 24, '2020-07-09 19:36:59', '2020-07-09 19:40:02', '2020-07-09 19:36:59', '', '0000-00-00', ''),
('24-1594298781', 379, 6, 24, '2020-07-09 19:46:21', '2020-07-09 19:46:28', '2020-07-09 19:46:21', '', '0000-00-00', ''),
('24-1594346880', 473, 3, 24, '2020-07-10 09:08:00', '2020-07-10 15:26:57', '2020-07-10 09:08:00', '', '0000-00-00', ''),
('24-1594603279', 508, 3, 24, '2020-07-13 08:21:19', '2020-07-13 08:36:31', '2020-07-13 08:21:19', '', '0000-00-00', ''),
('24-1594630425', 489, 3, 24, '2020-07-13 15:53:45', '2020-07-13 16:15:33', '2020-07-13 15:53:45', '', '0000-00-00', ''),
('24-1594632443', 489, 2, 24, '2020-07-13 16:27:23', '2020-07-13 16:41:03', '2020-07-13 16:27:23', '', '0000-00-00', ''),
('24-1594634969', 489, 8, 24, '2020-07-13 17:09:29', '2020-07-13 17:14:59', '2020-07-13 17:09:29', '', '0000-00-00', ''),
('24-1594635353', 489, 3, 24, '2020-07-13 17:15:53', '2020-07-13 17:26:26', '2020-07-13 17:15:53', '', '0000-00-00', ''),
('24-1594637557', 489, 6, 24, '2020-07-13 17:52:37', '2020-07-13 17:59:11', '2020-07-13 17:52:37', '', '0000-00-00', ''),
('24-1594637958', 489, 2, 24, '2020-07-13 17:59:18', '2020-07-13 18:40:50', '2020-07-13 17:59:18', '', '0000-00-00', ''),
('24-1594648774', 538, 3, 24, '2020-07-13 20:59:34', '2020-07-13 21:03:19', '2020-07-13 20:59:34', '', '0000-00-00', ''),
('24-1594649018', 538, 8, 24, '2020-07-13 21:03:38', '2020-07-13 21:06:08', '2020-07-13 21:03:38', '', '0000-00-00', ''),
('24-1594656689', 517, 3, 24, '2020-07-13 23:11:29', '2020-07-13 23:18:43', '2020-07-13 23:11:29', '', '0000-00-00', ''),
('24-1594657125', 517, 8, 24, '2020-07-13 23:18:45', '2020-07-13 23:34:56', '2020-07-13 23:18:45', '', '0000-00-00', ''),
('24-1594686851', 579, 3, 24, '2020-07-14 07:34:11', '2020-07-14 07:42:17', '2020-07-14 07:34:11', '', '0000-00-00', ''),
('24-1594687551', 579, 3, 24, '2020-07-14 07:45:51', '2020-07-14 07:52:03', '2020-07-14 07:45:51', '', '0000-00-00', ''),
('24-1594692325', 579, 3, 24, '2020-07-14 09:05:25', '2020-07-14 09:11:25', '2020-07-14 09:05:25', '', '0000-00-00', ''),
('24-1594693702', 579, 2, 24, '2020-07-14 09:28:22', '2020-07-14 09:43:04', '2020-07-14 09:28:22', '', '0000-00-00', ''),
('24-1594697782', 579, 3, 24, '2020-07-14 10:36:22', '2020-07-14 10:57:36', '2020-07-14 10:36:22', '', '0000-00-00', ''),
('24-1594699734', 542, 8, 24, '2020-07-14 11:08:54', '2020-07-14 11:12:46', '2020-07-14 11:08:54', '', '0000-00-00', ''),
('24-1594702702', 542, 2, 24, '2020-07-14 11:58:22', '2020-07-14 12:41:05', '2020-07-14 11:58:22', '', '0000-00-00', ''),
('24-1594705921', 542, 3, 24, '2020-07-14 12:52:01', '2020-07-14 12:58:03', '2020-07-14 12:52:01', '', '0000-00-00', ''),
('24-1594709983', 542, 3, 24, '2020-07-14 13:59:43', '2020-07-14 14:11:01', '2020-07-14 13:59:43', '', '0000-00-00', ''),
('24-1594714142', 542, 3, 24, '2020-07-14 15:09:02', '2020-07-14 15:24:42', '2020-07-14 15:09:02', '', '0000-00-00', ''),
('24-1594718644', 575, 3, 24, '2020-07-14 16:24:04', '2020-07-14 16:59:26', '2020-07-14 16:24:04', '', '0000-00-00', ''),
('24-1594721502', 575, 5, 24, '2020-07-14 17:11:42', '2020-07-14 17:22:45', '2020-07-14 17:11:42', '', '0000-00-00', ''),
('24-1594722195', 578, 3, 24, '2020-07-14 17:23:15', '2020-07-14 17:54:07', '2020-07-14 17:23:15', '', '0000-00-00', ''),
('24-1594724054', 578, 8, 24, '2020-07-14 17:54:14', '2020-07-14 17:57:18', '2020-07-14 17:54:14', '', '0000-00-00', ''),
('24-1594724291', 578, 2, 24, '2020-07-14 17:58:11', '2020-07-14 18:39:37', '2020-07-14 17:58:11', '', '0000-00-00', ''),
('24-1594774389', 634, 3, 24, '2020-07-15 07:53:09', '2020-07-15 08:20:44', '2020-07-15 07:53:09', '', '0000-00-00', ''),
('24-1594776044', 634, 8, 24, '2020-07-15 08:20:44', '2020-07-15 08:37:59', '2020-07-15 08:20:44', '', '0000-00-00', ''),
('24-1594777080', 634, 5, 24, '2020-07-15 08:38:00', '2020-07-15 09:08:41', '2020-07-15 08:38:00', '', '0000-00-00', ''),
('24-1594779090', 634, 5, 24, '2020-07-15 09:11:30', '2020-07-15 09:11:48', '2020-07-15 09:11:30', '', '0000-00-00', ''),
('24-1594780045', 634, 2, 24, '2020-07-15 09:27:25', '2020-07-15 09:39:44', '2020-07-15 09:27:25', '', '0000-00-00', ''),
('24-1594782401', 634, 5, 24, '2020-07-15 10:06:41', '0000-00-00 00:00:00', '2020-07-15 10:06:41', '', '0000-00-00', ''),
('25-1593737248', 241, 1, 25, '2020-07-03 07:47:28', '2020-07-03 13:14:56', '2020-07-03 07:47:28', '', '0000-00-00', ''),
('26-1593508243', 61, 1, 26, '2020-06-30 16:10:43', '2020-06-30 16:11:09', '2020-06-30 16:10:43', '', '0000-00-00', ''),
('26-1593508282', 61, 1, 26, '2020-06-30 16:11:22', '2020-06-30 16:11:49', '2020-06-30 16:11:22', '', '0000-00-00', ''),
('26-1593510152', 61, 1, 26, '2020-06-30 16:42:32', '2020-06-30 16:42:40', '2020-06-30 16:42:32', '', '0000-00-00', ''),
('26-1593655462', 199, 1, 26, '2020-07-02 09:04:22', '2020-07-02 09:16:49', '2020-07-02 09:04:22', '', '0000-00-00', ''),
('26-1593657548', 199, 2, 26, '2020-07-02 09:39:08', '2020-07-02 09:46:54', '2020-07-02 09:39:08', '', '0000-00-00', ''),
('26-1593662047', 199, 5, 26, '2020-07-02 10:54:07', '2020-07-02 10:57:42', '2020-07-02 10:54:07', '', '0000-00-00', ''),
('26-1593663211', 199, 5, 26, '2020-07-02 11:13:31', '2020-07-02 11:16:28', '2020-07-02 11:13:31', '', '0000-00-00', ''),
('26-1593665851', 199, 2, 26, '2020-07-02 11:57:31', '2020-07-02 12:38:46', '2020-07-02 11:57:31', '', '0000-00-00', ''),
('26-1593669187', 199, 7, 26, '2020-07-02 12:53:07', '2020-07-02 12:59:41', '2020-07-02 12:53:07', '', '0000-00-00', ''),
('26-1593671139', 225, 3, 26, '2020-07-02 13:25:39', '2020-07-02 13:30:39', '2020-07-02 13:25:39', '', '0000-00-00', ''),
('26-1593671442', 225, 1, 26, '2020-07-02 13:30:42', '2020-07-02 13:33:25', '2020-07-02 13:30:42', '', '0000-00-00', ''),
('26-1593671609', 225, 8, 26, '2020-07-02 13:33:29', '2020-07-02 13:43:01', '2020-07-02 13:33:29', '', '0000-00-00', ''),
('26-1593680062', 225, 5, 26, '2020-07-02 15:54:22', '2020-07-02 15:57:43', '2020-07-02 15:54:22', '', '0000-00-00', ''),
('26-1593681192', 225, 5, 26, '2020-07-02 16:13:12', '2020-07-02 16:23:51', '2020-07-02 16:13:12', '', '0000-00-00', ''),
('26-1593683191', 225, 5, 26, '2020-07-02 16:46:31', '2020-07-02 16:46:36', '2020-07-02 16:46:31', '', '0000-00-00', ''),
('26-1593683206', 225, 5, 26, '2020-07-02 16:46:46', '2020-07-02 16:49:43', '2020-07-02 16:46:46', '', '0000-00-00', ''),
('26-1593684561', 225, 1, 26, '2020-07-02 17:09:21', '2020-07-02 17:09:22', '2020-07-02 17:09:21', '', '0000-00-00', ''),
('26-1593684568', 225, 1, 26, '2020-07-02 17:09:28', '2020-07-02 17:10:43', '2020-07-02 17:09:28', '', '0000-00-00', ''),
('26-1593687444', 225, 2, 26, '2020-07-02 17:57:24', '2020-07-02 18:39:57', '2020-07-02 17:57:24', '', '0000-00-00', ''),
('26-1593690002', 225, 8, 26, '2020-07-02 18:40:02', '2020-07-02 18:41:12', '2020-07-02 18:40:02', '', '0000-00-00', ''),
('26-1593690104', 225, 8, 26, '2020-07-02 18:41:44', '2020-07-02 18:42:56', '2020-07-02 18:41:44', '', '0000-00-00', ''),
('26-1593691860', 225, 1, 26, '2020-07-02 19:11:00', '2020-07-02 19:14:20', '2020-07-02 19:11:00', '', '0000-00-00', ''),
('26-1593697908', 204, 5, 26, '2020-07-02 20:51:48', '2020-07-02 20:52:16', '2020-07-02 20:51:48', '', '0000-00-00', ''),
('26-1593699642', 204, 5, 26, '2020-07-02 21:20:42', '2020-07-02 21:23:45', '2020-07-02 21:20:42', '', '0000-00-00', ''),
('26-1593700825', 204, 8, 26, '2020-07-02 21:40:25', '2020-07-02 21:41:50', '2020-07-02 21:40:25', '', '0000-00-00', ''),
('26-1593701145', 204, 1, 26, '2020-07-02 21:45:45', '2020-07-02 21:46:21', '2020-07-02 21:45:45', '', '0000-00-00', ''),
('26-1593701341', 204, 8, 26, '2020-07-02 21:49:01', '2020-07-02 21:50:51', '2020-07-02 21:49:01', '', '0000-00-00', ''),
('26-1593701914', 204, 8, 26, '2020-07-02 21:58:34', '2020-07-02 22:02:30', '2020-07-02 21:58:34', '', '0000-00-00', ''),
('26-1593703713', 204, 2, 26, '2020-07-02 22:28:33', '2020-07-02 22:28:42', '2020-07-02 22:28:33', '', '0000-00-00', ''),
('26-1593703729', 204, 2, 26, '2020-07-02 22:28:49', '2020-07-02 22:52:54', '2020-07-02 22:28:49', '', '0000-00-00', ''),
('26-1593705514', 204, 1, 26, '2020-07-02 22:58:34', '2020-07-02 23:05:36', '2020-07-02 22:58:34', '', '0000-00-00', ''),
('26-1593706133', 204, 1, 26, '2020-07-02 23:08:53', '2020-07-02 23:09:49', '2020-07-02 23:08:53', '', '0000-00-00', ''),
('26-1593707086', 204, 5, 26, '2020-07-02 23:24:46', '2020-07-02 23:26:26', '2020-07-02 23:24:46', '', '0000-00-00', ''),
('26-1594184285', 380, 2, 26, '2020-07-08 11:58:05', '2020-07-08 12:43:47', '2020-07-08 11:58:05', '', '0000-00-00', ''),
('26-1594261728', 403, 2, 26, '2020-07-09 09:28:48', '2020-07-09 09:39:32', '2020-07-09 09:28:48', '', '0000-00-00', ''),
('26-1594270697', 428, 2, 26, '2020-07-09 11:58:17', '2020-07-09 12:37:37', '2020-07-09 11:58:17', '', '0000-00-00', ''),
('26-1594361259', 443, 8, 26, '2020-07-10 13:07:39', '2020-07-10 13:20:32', '2020-07-10 13:07:39', '', '0000-00-00', ''),
('26-1594602411', 522, 1, 26, '2020-07-13 08:06:51', '2020-07-13 08:08:47', '2020-07-13 08:06:51', '', '0000-00-00', ''),
('26-1594602528', 522, 8, 26, '2020-07-13 08:08:48', '2020-07-13 08:14:56', '2020-07-13 08:08:48', '', '0000-00-00', ''),
('26-1594603924', 522, 6, 26, '2020-07-13 08:32:04', '2020-07-13 08:35:30', '2020-07-13 08:32:04', '', '0000-00-00', ''),
('26-1594607283', 522, 2, 26, '2020-07-13 09:28:03', '2020-07-13 09:42:01', '2020-07-13 09:28:03', '', '0000-00-00', ''),
('26-1594609752', 522, 6, 26, '2020-07-13 10:09:12', '2020-07-13 10:14:52', '2020-07-13 10:09:12', '', '0000-00-00', ''),
('26-1594610507', 522, 6, 26, '2020-07-13 10:21:47', '2020-07-13 10:27:54', '2020-07-13 10:21:47', '', '0000-00-00', ''),
('26-1594611002', 522, 6, 26, '2020-07-13 10:30:02', '2020-07-13 10:32:30', '2020-07-13 10:30:02', '', '0000-00-00', ''),
('26-1594611187', 522, 6, 26, '2020-07-13 10:33:07', '2020-07-13 10:33:36', '2020-07-13 10:33:07', '', '0000-00-00', ''),
('26-1594611273', 522, 6, 26, '2020-07-13 10:34:33', '2020-07-13 10:37:26', '2020-07-13 10:34:33', '', '0000-00-00', ''),
('26-1594611570', 522, 6, 26, '2020-07-13 10:39:30', '2020-07-13 10:41:06', '2020-07-13 10:39:30', '', '0000-00-00', ''),
('26-1594611724', 522, 6, 26, '2020-07-13 10:42:04', '2020-07-13 10:42:30', '2020-07-13 10:42:04', '', '0000-00-00', ''),
('26-1594612223', 522, 6, 26, '2020-07-13 10:50:23', '2020-07-13 10:50:39', '2020-07-13 10:50:23', '', '0000-00-00', ''),
('26-1594612562', 522, 6, 26, '2020-07-13 10:56:02', '2020-07-13 11:11:43', '2020-07-13 10:56:02', '', '0000-00-00', ''),
('26-1594615232', 522, 6, 26, '2020-07-13 11:40:32', '2020-07-13 11:45:51', '2020-07-13 11:40:32', '', '0000-00-00', ''),
('26-1594616238', 522, 2, 26, '2020-07-13 11:57:18', '2020-07-13 12:53:52', '2020-07-13 11:57:18', '', '0000-00-00', ''),
('26-1594629358', 533, 6, 26, '2020-07-13 15:35:58', '2020-07-13 15:45:19', '2020-07-13 15:35:58', '', '0000-00-00', ''),
('26-1594631293', 533, 6, 26, '2020-07-13 16:08:13', '2020-07-13 16:09:20', '2020-07-13 16:08:13', '', '0000-00-00', ''),
('26-1594632192', 533, 5, 26, '2020-07-13 16:23:12', '2020-07-13 16:23:15', '2020-07-13 16:23:12', '', '0000-00-00', ''),
('26-1594632197', 533, 6, 26, '2020-07-13 16:23:17', '2020-07-13 16:49:34', '2020-07-13 16:23:17', '', '0000-00-00', ''),
('26-1594637897', 533, 2, 26, '2020-07-13 17:58:17', '2020-07-13 18:43:42', '2020-07-13 17:58:17', '', '0000-00-00', ''),
('26-1594693665', 565, 2, 26, '2020-07-14 09:27:45', '2020-07-14 09:41:06', '2020-07-14 09:27:45', '', '0000-00-00', ''),
('26-1594696826', 540, 3, 26, '2020-07-14 10:20:26', '2020-07-14 10:48:30', '2020-07-14 10:20:26', '', '0000-00-00', ''),
('26-1594698511', 540, 8, 26, '2020-07-14 10:48:31', '2020-07-14 11:13:28', '2020-07-14 10:48:31', '', '0000-00-00', ''),
('26-1594700036', 540, 1, 26, '2020-07-14 11:13:56', '2020-07-14 11:14:04', '2020-07-14 11:13:56', '', '0000-00-00', ''),
('26-1594700400', 540, 8, 26, '2020-07-14 11:20:00', '2020-07-14 11:22:47', '2020-07-14 11:20:00', '', '0000-00-00', ''),
('26-1594702653', 540, 2, 26, '2020-07-14 11:57:33', '2020-07-14 12:42:35', '2020-07-14 11:57:33', '', '0000-00-00', ''),
('26-1594706267', 540, 8, 26, '2020-07-14 12:57:47', '2020-07-14 13:04:03', '2020-07-14 12:57:47', '', '0000-00-00', ''),
('26-1594707837', 540, 8, 26, '2020-07-14 13:23:57', '2020-07-14 13:31:59', '2020-07-14 13:23:57', '', '0000-00-00', ''),
('26-1594708545', 540, 8, 26, '2020-07-14 13:35:45', '2020-07-14 13:38:13', '2020-07-14 13:35:45', '', '0000-00-00', ''),
('26-1594711454', 540, 6, 26, '2020-07-14 14:24:14', '2020-07-14 14:39:43', '2020-07-14 14:24:14', '', '0000-00-00', ''),
('26-1594712384', 540, 1, 26, '2020-07-14 14:39:44', '2020-07-14 14:44:17', '2020-07-14 14:39:44', '', '0000-00-00', ''),
('26-1594712756', 540, 1, 26, '2020-07-14 14:45:56', '2020-07-14 14:51:26', '2020-07-14 14:45:56', '', '0000-00-00', ''),
('26-1594713718', 540, 6, 26, '2020-07-14 15:01:58', '2020-07-14 15:14:08', '2020-07-14 15:01:58', '', '0000-00-00', ''),
('26-1594721564', 539, 3, 26, '2020-07-14 17:12:44', '2020-07-14 18:46:18', '2020-07-14 17:12:44', '', '0000-00-00', ''),
('26-1594774896', 582, 3, 26, '2020-07-15 08:01:36', '2020-07-15 08:03:45', '2020-07-15 08:01:36', '', '0000-00-00', ''),
('26-1594778165', 582, 3, 26, '2020-07-15 08:56:05', '2020-07-15 09:06:08', '2020-07-15 08:56:05', '', '0000-00-00', ''),
('26-1594780107', 582, 2, 26, '2020-07-15 09:28:27', '2020-07-15 09:40:49', '2020-07-15 09:28:27', '', '0000-00-00', ''),
('28-1593397648', 53, 2, 28, '2020-06-29 09:27:28', '2020-06-29 09:40:02', '2020-06-29 09:27:28', '', '0000-00-00', ''),
('28-1593406586', 53, 2, 28, '2020-06-29 11:56:26', '2020-06-29 14:14:31', '2020-06-29 11:56:26', '', '0000-00-00', ''),
('28-1593579403', 149, 2, 28, '2020-07-01 11:56:43', '2020-07-01 12:41:31', '2020-07-01 11:56:43', '', '0000-00-00', ''),
('28-1594033088', 273, 2, 28, '2020-07-06 17:58:08', '2020-07-06 18:40:11', '2020-07-06 17:58:08', '', '0000-00-00', ''),
('28-1594089537', 310, 2, 28, '2020-07-07 09:38:57', '2020-07-07 13:40:37', '2020-07-07 09:38:57', '', '0000-00-00', ''),
('28-1594184282', 361, 2, 28, '2020-07-08 11:58:02', '2020-07-08 12:38:16', '2020-07-08 11:58:02', '', '0000-00-00', ''),
('28-1594607288', 493, 2, 28, '2020-07-13 09:28:08', '2020-07-13 09:40:19', '2020-07-13 09:28:08', '', '0000-00-00', ''),
('28-1594616286', 493, 2, 28, '2020-07-13 11:58:06', '2020-07-13 12:40:11', '2020-07-13 11:58:06', '', '0000-00-00', ''),
('28-1594687154', 547, 8, 28, '2020-07-14 07:39:14', '2020-07-14 08:42:24', '2020-07-14 07:39:14', '', '0000-00-00', ''),
('28-1594693686', 547, 2, 28, '2020-07-14 09:28:06', '2020-07-14 09:44:54', '2020-07-14 09:28:06', '', '0000-00-00', ''),
('28-1594702656', 547, 2, 28, '2020-07-14 11:57:36', '2020-07-14 12:39:43', '2020-07-14 11:57:36', '', '0000-00-00', ''),
('28-1594715969', 547, 1, 28, '2020-07-14 15:39:29', '2020-07-14 15:40:47', '2020-07-14 15:39:29', '', '0000-00-00', ''),
('28-1594780072', 619, 2, 28, '2020-07-15 09:27:52', '2020-07-15 09:41:29', '2020-07-15 09:27:52', '', '0000-00-00', ''),
('29-1593571003', 148, 2, 29, '2020-07-01 09:36:43', '2020-07-01 09:58:45', '2020-07-01 09:36:43', '', '0000-00-00', ''),
('29-1593579456', 148, 2, 29, '2020-07-01 11:57:36', '2020-07-01 13:47:47', '2020-07-01 11:57:36', '', '0000-00-00', ''),
('29-1593743842', 239, 2, 29, '2020-07-03 09:37:22', '0000-00-00 00:00:00', '2020-07-03 09:37:22', '', '0000-00-00', ''),
('29-1593996393', 272, 2, 29, '2020-07-06 07:46:33', '2020-07-06 07:56:44', '2020-07-06 07:46:33', '', '0000-00-00', ''),
('29-1594046202', 272, 8, 29, '2020-07-06 21:36:42', '2020-07-06 21:51:31', '2020-07-06 21:36:42', '', '0000-00-00', ''),
('29-1594175763', 376, 2, 29, '2020-07-08 09:36:03', '2020-07-08 09:44:02', '2020-07-08 09:36:03', '', '0000-00-00', ''),
('29-1594184244', 362, 2, 29, '2020-07-08 11:57:24', '2020-07-08 12:39:28', '2020-07-08 11:57:24', '', '0000-00-00', ''),
('29-1594607317', 494, 2, 29, '2020-07-13 09:28:37', '2020-07-13 09:40:14', '2020-07-13 09:28:37', '', '0000-00-00', ''),
('29-1594616287', 494, 2, 29, '2020-07-13 11:58:07', '2020-07-13 12:38:45', '2020-07-13 11:58:07', '', '0000-00-00', ''),
('29-1594625179', 494, 1, 29, '2020-07-13 14:26:19', '2020-07-13 14:33:26', '2020-07-13 14:26:19', '', '0000-00-00', ''),
('29-1594687188', 545, 8, 29, '2020-07-14 07:39:48', '2020-07-14 07:55:36', '2020-07-14 07:39:48', '', '0000-00-00', ''),
('29-1594693689', 545, 2, 29, '2020-07-14 09:28:09', '2020-07-14 09:40:16', '2020-07-14 09:28:09', '', '0000-00-00', ''),
('29-1594703823', 545, 2, 29, '2020-07-14 12:17:03', '2020-07-14 12:39:48', '2020-07-14 12:17:03', '', '0000-00-00', ''),
('29-1594712154', 545, 6, 29, '2020-07-14 14:35:54', '2020-07-14 14:37:17', '2020-07-14 14:35:54', '', '0000-00-00', ''),
('29-1594780091', 620, 2, 29, '2020-07-15 09:28:11', '2020-07-15 09:39:06', '2020-07-15 09:28:11', '', '0000-00-00', ''),
('3-1593824916', 231, 3, 3, '2020-07-04 08:08:36', '2020-07-04 09:06:07', '2020-07-04 08:08:36', '', '0000-00-00', ''),
('3-1593997202', 260, 1, 3, '2020-07-06 08:00:02', '2020-07-06 11:43:45', '2020-07-06 08:00:02', '', '0000-00-00', ''),
('3-1594082298', 303, 3, 3, '2020-07-07 07:38:18', '2020-07-07 07:38:23', '2020-07-07 07:38:18', '', '0000-00-00', ''),
('3-1594082307', 303, 3, 3, '2020-07-07 07:38:27', '2020-07-07 07:38:52', '2020-07-07 07:38:27', '', '0000-00-00', ''),
('3-1594082351', 303, 3, 3, '2020-07-07 07:39:11', '2020-07-07 08:24:42', '2020-07-07 07:39:11', '', '0000-00-00', ''),
('3-1594085084', 303, 8, 3, '2020-07-07 08:24:44', '2020-07-07 08:46:41', '2020-07-07 08:24:44', '', '0000-00-00', ''),
('30-1593743811', 238, 2, 30, '2020-07-03 09:36:51', '2020-07-03 09:52:25', '2020-07-03 09:36:51', '', '0000-00-00', ''),
('30-1593751110', 238, 2, 30, '2020-07-03 11:38:30', '2020-07-03 13:05:55', '2020-07-03 11:38:30', '', '0000-00-00', ''),
('30-1594089656', 308, 2, 30, '2020-07-07 09:40:56', '2020-07-07 09:53:39', '2020-07-07 09:40:56', '', '0000-00-00', ''),
('30-1594184232', 360, 2, 30, '2020-07-08 11:57:12', '2020-07-08 12:39:21', '2020-07-08 11:57:12', '', '0000-00-00', ''),
('30-1594186768', 360, 2, 30, '2020-07-08 12:39:28', '2020-07-08 12:39:32', '2020-07-08 12:39:28', '', '0000-00-00', ''),
('30-1594347519', 444, 4, 30, '2020-07-10 09:18:39', '2020-07-10 13:28:08', '2020-07-10 09:18:39', '', '0000-00-00', ''),
('30-1594362667', 444, 1, 30, '2020-07-10 13:31:07', '2020-07-10 13:38:32', '2020-07-10 13:31:07', '', '0000-00-00', ''),
('30-1594363398', 444, 1, 30, '2020-07-10 13:43:18', '2020-07-10 13:45:49', '2020-07-10 13:43:18', '', '0000-00-00', ''),
('30-1594374081', 444, 7, 30, '2020-07-10 16:41:21', '2020-07-13 16:47:01', '2020-07-10 16:41:21', '', '0000-00-00', ''),
('30-1594638025', 444, 2, 30, '2020-07-13 18:00:25', '2020-07-13 18:38:32', '2020-07-13 18:00:25', '', '0000-00-00', ''),
('30-1594696192', 546, 1, 30, '2020-07-14 10:09:52', '2020-07-14 10:19:37', '2020-07-14 10:09:52', '', '0000-00-00', ''),
('30-1594702685', 546, 2, 30, '2020-07-14 11:58:05', '2020-07-14 12:40:32', '2020-07-14 11:58:05', '', '0000-00-00', ''),
('30-1594709432', 546, 1, 30, '2020-07-14 13:50:32', '2020-07-14 13:52:36', '2020-07-14 13:50:32', '', '0000-00-00', ''),
('30-1594719059', 546, 7, 30, '2020-07-14 16:30:59', '2020-07-14 16:50:23', '2020-07-14 16:30:59', '', '0000-00-00', ''),
('30-1594780172', 621, 2, 30, '2020-07-15 09:29:32', '2020-07-15 09:40:39', '2020-07-15 09:29:32', '', '0000-00-00', ''),
('33-1593131737', 25, 3, 33, '2020-06-26 07:35:37', '2020-06-26 07:35:47', '2020-06-26 07:35:37', '', '0000-00-00', ''),
('33-1593131862', 25, 2, 33, '2020-06-26 07:37:42', '2020-06-26 07:37:47', '2020-06-26 07:37:42', '', '0000-00-00', ''),
('33-1593131900', 25, 7, 33, '2020-06-26 07:38:20', '2020-06-26 07:38:22', '2020-06-26 07:38:20', '', '0000-00-00', ''),
('33-1593138426', 25, 2, 33, '2020-06-26 09:27:06', '2020-06-26 09:40:52', '2020-06-26 09:27:06', '', '0000-00-00', ''),
('33-1593146160', 25, 2, 33, '2020-06-26 11:36:00', '2020-06-26 13:04:13', '2020-06-26 11:36:00', '', '0000-00-00', ''),
('33-1593168999', 26, 2, 33, '2020-06-26 17:56:39', '2020-06-26 18:36:18', '2020-06-26 17:56:39', '', '0000-00-00', ''),
('33-1593185681', 26, 2, 33, '2020-06-26 22:34:41', '2020-06-26 22:46:27', '2020-06-26 22:34:41', '', '0000-00-00', ''),
('33-1593195602', 26, 7, 33, '2020-06-27 01:20:02', '2020-06-27 01:22:32', '2020-06-27 01:20:02', '', '0000-00-00', ''),
('33-1593394802', 117, 3, 33, '2020-06-29 08:40:02', '2020-06-29 08:40:25', '2020-06-29 08:40:02', '', '0000-00-00', ''),
('33-1593397659', 117, 2, 33, '2020-06-29 09:27:39', '2020-06-29 09:37:47', '2020-06-29 09:27:39', '', '0000-00-00', ''),
('33-1593405465', 117, 2, 33, '2020-06-29 11:37:45', '2020-06-29 12:17:38', '2020-06-29 11:37:45', '', '0000-00-00', ''),
('33-1593422423', 117, 7, 33, '2020-06-29 16:20:23', '2020-06-29 16:27:16', '2020-06-29 16:20:23', '', '0000-00-00', ''),
('33-1594002510', 297, 2, 33, '2020-07-06 09:28:30', '2020-07-06 09:39:40', '2020-07-06 09:28:30', '', '0000-00-00', ''),
('33-1594003696', 297, 7, 33, '2020-07-06 09:48:16', '2020-07-06 09:57:57', '2020-07-06 09:48:16', '', '0000-00-00', ''),
('33-1594008077', 297, 5, 33, '2020-07-06 11:01:17', '2020-07-06 11:10:19', '2020-07-06 11:01:17', '', '0000-00-00', ''),
('33-1594010383', 297, 2, 33, '2020-07-06 11:39:43', '2020-07-06 12:21:49', '2020-07-06 11:39:43', '', '0000-00-00', ''),
('33-1594012973', 297, 3, 33, '2020-07-06 12:22:53', '2020-07-06 12:38:12', '2020-07-06 12:22:53', '', '0000-00-00', ''),
('33-1594013896', 297, 5, 33, '2020-07-06 12:38:16', '2020-07-06 12:50:42', '2020-07-06 12:38:16', '', '0000-00-00', ''),
('33-1594027262', 297, 7, 33, '2020-07-06 16:21:02', '2020-07-06 16:27:16', '2020-07-06 16:21:02', '', '0000-00-00', ''),
('33-1594033106', 298, 2, 33, '2020-07-06 17:58:26', '2020-07-06 18:38:19', '2020-07-06 17:58:26', '', '0000-00-00', ''),
('33-1594043320', 298, 2, 33, '2020-07-06 20:48:40', '2020-07-06 20:58:10', '2020-07-06 20:48:40', '', '0000-00-00', ''),
('33-1594059567', 298, 7, 33, '2020-07-07 01:19:27', '2020-07-07 01:27:03', '2020-07-07 01:19:27', '', '0000-00-00', ''),
('33-1594087744', 354, 3, 33, '2020-07-07 09:09:04', '2020-07-07 09:11:38', '2020-07-07 09:09:04', '', '0000-00-00', ''),
('33-1594087907', 354, 3, 33, '2020-07-07 09:11:47', '2020-07-07 09:13:21', '2020-07-07 09:11:47', '', '0000-00-00', ''),
('33-1594088885', 354, 2, 33, '2020-07-07 09:28:05', '2020-07-07 09:39:36', '2020-07-07 09:28:05', '', '0000-00-00', ''),
('33-1594096610', 354, 2, 33, '2020-07-07 11:36:50', '2020-07-07 12:43:47', '2020-07-07 11:36:50', '', '0000-00-00', ''),
('33-1594119524', 355, 2, 33, '2020-07-07 17:58:44', '2020-07-07 18:38:04', '2020-07-07 17:58:44', '', '0000-00-00', ''),
('33-1594135532', 355, 2, 33, '2020-07-07 22:25:32', '2020-07-07 22:35:08', '2020-07-07 22:25:32', '', '0000-00-00', ''),
('33-1594145029', 355, 7, 33, '2020-07-08 01:03:49', '2020-07-08 01:13:41', '2020-07-08 01:03:49', '', '0000-00-00', ''),
('33-1594269376', 433, 2, 33, '2020-07-09 11:36:16', '2020-07-09 12:30:55', '2020-07-09 11:36:16', '', '0000-00-00', ''),
('33-1594292293', 434, 2, 33, '2020-07-09 17:58:13', '2020-07-09 18:38:06', '2020-07-09 17:58:13', '', '0000-00-00', ''),
('33-1594308605', 434, 2, 33, '2020-07-09 22:30:05', '2020-07-09 22:40:09', '2020-07-09 22:30:05', '', '0000-00-00', ''),
('33-1594318538', 434, 7, 33, '2020-07-10 01:15:38', '2020-07-10 01:24:49', '2020-07-10 01:15:38', '', '0000-00-00', ''),
('33-1594348099', 479, 2, 33, '2020-07-10 09:28:19', '2020-07-10 09:39:33', '2020-07-10 09:28:19', '', '0000-00-00', ''),
('33-1594355334', 479, 2, 33, '2020-07-10 11:28:54', '2020-07-10 11:31:54', '2020-07-10 11:28:54', '', '0000-00-00', ''),
('33-1594355679', 479, 2, 33, '2020-07-10 11:34:39', '2020-07-10 12:59:36', '2020-07-10 11:34:39', '', '0000-00-00', ''),
('33-1594378713', 480, 2, 33, '2020-07-10 17:58:33', '2020-07-10 18:38:43', '2020-07-10 17:58:33', '', '0000-00-00', ''),
('33-1594395223', 480, 2, 33, '2020-07-10 22:33:43', '2020-07-10 22:43:38', '2020-07-10 22:33:43', '', '0000-00-00', ''),
('33-1594405027', 480, 7, 33, '2020-07-11 01:17:07', '2020-07-11 01:27:07', '2020-07-11 01:17:07', '', '0000-00-00', ''),
('37-1593397362', 17, 1, 37, '2020-06-29 09:22:42', '2020-07-02 23:01:59', '2020-06-29 09:22:42', '', '0000-00-00', ''),
('37-1593705723', 17, 3, 37, '2020-07-02 23:02:03', '2020-07-03 07:42:46', '2020-07-02 23:02:03', '', '0000-00-00', ''),
('37-1594188548', 389, 3, 37, '2020-07-08 13:09:08', '2020-07-08 13:43:09', '2020-07-08 13:09:08', '', '0000-00-00', ''),
('37-1594191118', 389, 1, 37, '2020-07-08 13:51:58', '2020-07-08 14:24:39', '2020-07-08 13:51:58', '', '0000-00-00', ''),
('38-1594170904', 391, 8, 38, '2020-07-08 08:15:04', '2020-07-08 08:18:37', '2020-07-08 08:15:04', '', '0000-00-00', ''),
('38-1594175554', 391, 2, 38, '2020-07-08 09:32:34', '2020-07-08 09:43:17', '2020-07-08 09:32:34', '', '0000-00-00', ''),
('38-1594182561', 391, 1, 38, '2020-07-08 11:29:21', '2020-07-08 11:29:23', '2020-07-08 11:29:21', '', '0000-00-00', ''),
('38-1594184292', 391, 2, 38, '2020-07-08 11:58:12', '2020-07-08 12:38:54', '2020-07-08 11:58:12', '', '0000-00-00', ''),
('38-1594193577', 389, 3, 38, '2020-07-08 14:32:57', '2020-07-08 15:02:40', '2020-07-08 14:32:57', '', '0000-00-00', ''),
('38-1594344583', 441, 8, 38, '2020-07-10 08:29:43', '2020-07-10 08:42:09', '2020-07-10 08:29:43', '', '0000-00-00', ''),
('38-1594348582', 441, 2, 38, '2020-07-10 09:36:22', '2020-07-10 09:45:26', '2020-07-10 09:36:22', '', '0000-00-00', ''),
('38-1594355892', 478, 2, 38, '2020-07-10 11:38:12', '2020-07-10 13:01:22', '2020-07-10 11:38:12', '', '0000-00-00', ''),
('38-1594363623', 478, 8, 38, '2020-07-10 13:47:03', '2020-07-10 13:59:36', '2020-07-10 13:47:03', '', '0000-00-00', ''),
('38-1594773411', 553, 3, 38, '2020-07-15 07:36:51', '2020-07-15 08:26:08', '2020-07-15 07:36:51', '', '0000-00-00', ''),
('38-1594776407', 553, 3, 38, '2020-07-15 08:26:47', '2020-07-15 08:31:29', '2020-07-15 08:26:47', '', '0000-00-00', ''),
('38-1594778571', 553, 3, 38, '2020-07-15 09:02:51', '2020-07-15 09:11:22', '2020-07-15 09:02:51', '', '0000-00-00', ''),
('38-1594780131', 553, 2, 38, '2020-07-15 09:28:51', '2020-07-15 09:40:49', '2020-07-15 09:28:51', '', '0000-00-00', ''),
('38-1594782356', 553, 4, 38, '2020-07-15 10:05:56', '0000-00-00 00:00:00', '2020-07-15 10:05:56', '', '0000-00-00', ''),
('4-1594089861', 303, 6, 4, '2020-07-07 09:44:21', '2020-07-07 11:27:36', '2020-07-07 09:44:21', '', '0000-00-00', ''),
('4-1594096726', 303, 2, 4, '2020-07-07 11:38:46', '2020-07-07 12:31:07', '2020-07-07 11:38:46', '', '0000-00-00', ''),
('4-1594111451', 303, 3, 4, '2020-07-07 15:44:11', '2020-07-07 16:15:55', '2020-07-07 15:44:11', '', '0000-00-00', ''),
('4-1594607750', 487, 2, 4, '2020-07-13 09:35:50', '2020-07-13 09:41:51', '2020-07-13 09:35:50', '', '0000-00-00', ''),
('4-1594614219', 487, 3, 4, '2020-07-13 11:23:39', '2020-07-13 13:55:58', '2020-07-13 11:23:39', '', '0000-00-00', ''),
('4-1594690872', 537, 3, 4, '2020-07-14 08:41:12', '2020-07-15 08:13:56', '2020-07-14 08:41:12', '', '0000-00-00', ''),
('6-1593750891', 246, 2, 6, '2020-07-03 11:34:51', '2020-07-03 14:01:05', '2020-07-03 11:34:51', '', '0000-00-00', ''),
('6-1593760183', 246, 1, 6, '2020-07-03 14:09:43', '2020-07-03 15:56:33', '2020-07-03 14:09:43', '', '0000-00-00', ''),
('6-1594270789', 422, 2, 6, '2020-07-09 11:59:49', '2020-07-09 13:11:46', '2020-07-09 11:59:49', '', '0000-00-00', ''),
('6-1594291850', 422, 1, 6, '2020-07-09 17:50:50', '2020-07-09 18:01:42', '2020-07-09 17:50:50', '', '0000-00-00', ''),
('6-1594292626', 422, 2, 6, '2020-07-09 18:03:46', '2020-07-09 18:57:25', '2020-07-09 18:03:46', '', '0000-00-00', ''),
('6-1594637899', 513, 2, 6, '2020-07-13 17:58:19', '2020-07-13 18:41:31', '2020-07-13 17:58:19', '', '0000-00-00', ''),
('6-1594718829', 505, 2, 6, '2020-07-14 16:27:09', '2020-07-14 17:25:53', '2020-07-14 16:27:09', '', '0000-00-00', ''),
('6-1594724078', 505, 2, 6, '2020-07-14 17:54:38', '2020-07-14 21:14:12', '2020-07-14 17:54:38', '', '0000-00-00', ''),
('6-1594740508', 570, 2, 6, '2020-07-14 22:28:28', '2020-07-14 22:48:39', '2020-07-14 22:28:28', '', '0000-00-00', ''),
('6-1594747661', 569, 8, 6, '2020-07-15 00:27:41', '2020-07-15 00:29:09', '2020-07-15 00:27:41', '', '0000-00-00', ''),
('6-1594750752', 569, 7, 6, '2020-07-15 01:19:12', '0000-00-00 00:00:00', '2020-07-15 01:19:12', '', '0000-00-00', ''),
('7-1593137316', 1, 1, 7, '2020-06-26 09:08:36', '2020-06-26 09:11:14', '2020-06-26 09:08:36', '', '0000-00-00', ''),
('7-1593137752', 1, 8, 7, '2020-06-26 09:15:52', '2020-06-26 09:17:08', '2020-06-26 09:15:52', '', '0000-00-00', ''),
('7-1593138514', 1, 2, 7, '2020-06-26 09:28:34', '2020-06-26 09:44:19', '2020-06-26 09:28:34', '', '0000-00-00', ''),
('7-1593141253', 1, 3, 7, '2020-06-26 10:14:13', '2020-06-26 10:16:31', '2020-06-26 10:14:13', '', '0000-00-00', ''),
('7-1593146096', 1, 2, 7, '2020-06-26 11:34:56', '2020-06-26 13:44:37', '2020-06-26 11:34:56', '', '0000-00-00', ''),
('7-1593158812', 1, 3, 7, '2020-06-26 15:06:52', '2020-06-29 07:48:28', '2020-06-26 15:06:52', '', '0000-00-00', ''),
('7-1593655946', 213, 4, 7, '2020-07-02 09:12:26', '2020-07-02 09:14:25', '2020-07-02 09:12:26', '', '0000-00-00', ''),
('7-1593657147', 213, 2, 7, '2020-07-02 09:32:27', '2020-07-02 09:44:52', '2020-07-02 09:32:27', '', '0000-00-00', ''),
('7-1593665870', 213, 2, 7, '2020-07-02 11:57:50', '2020-07-02 12:42:09', '2020-07-02 11:57:50', '', '0000-00-00', ''),
('7-1593674224', 213, 7, 7, '2020-07-02 14:17:04', '2020-07-02 14:29:31', '2020-07-02 14:17:04', '', '0000-00-00', ''),
('7-1593674990', 213, 4, 7, '2020-07-02 14:29:50', '2020-07-02 14:33:39', '2020-07-02 14:29:50', '', '0000-00-00', ''),
('7-1593677883', 229, 1, 7, '2020-07-02 15:18:03', '2020-07-02 15:49:26', '2020-07-02 15:18:03', '', '0000-00-00', ''),
('7-1593680592', 229, 5, 7, '2020-07-02 16:03:12', '2020-07-02 16:11:20', '2020-07-02 16:03:12', '', '0000-00-00', ''),
('7-1593681821', 229, 2, 7, '2020-07-02 16:23:41', '2020-07-02 16:27:53', '2020-07-02 16:23:41', '', '0000-00-00', ''),
('7-1593690706', 229, 3, 7, '2020-07-02 18:51:46', '2020-07-02 18:51:51', '2020-07-02 18:51:46', '', '0000-00-00', ''),
('7-1593690725', 229, 3, 7, '2020-07-02 18:52:05', '2020-07-02 18:57:17', '2020-07-02 18:52:05', '', '0000-00-00', ''),
('7-1593694801', 229, 3, 7, '2020-07-02 20:00:01', '2020-07-02 20:13:50', '2020-07-02 20:00:01', '', '0000-00-00', ''),
('7-1593700127', 229, 3, 7, '2020-07-02 21:28:47', '2020-07-02 21:34:50', '2020-07-02 21:28:47', '', '0000-00-00', '');
INSERT INTO `itx_t_losstime` (`id`, `masterplan_qty_id`, `losstime_cat_id`, `machine_id`, `start_time`, `finish_time`, `createDate`, `createUser`, `editDate`, `editUser`) VALUES
('7-1593703708', 229, 2, 7, '2020-07-02 22:28:28', '2020-07-02 22:57:42', '2020-07-02 22:28:28', '', '0000-00-00', ''),
('7-1593741550', 243, 5, 7, '2020-07-03 08:59:10', '2020-07-03 09:03:07', '2020-07-03 08:59:10', '', '0000-00-00', ''),
('7-1594269297', 421, 5, 7, '2020-07-09 11:34:57', '2020-07-09 19:42:04', '2020-07-09 11:34:57', '', '0000-00-00', ''),
('7-1594299052', 421, 5, 7, '2020-07-09 19:50:52', '2020-07-10 16:54:57', '2020-07-09 19:50:52', '', '0000-00-00', ''),
('7-1594378801', 421, 2, 7, '2020-07-10 18:00:01', '2020-07-10 18:44:43', '2020-07-10 18:00:01', '', '0000-00-00', ''),
('7-1594394862', 421, 2, 7, '2020-07-10 22:27:42', '2020-07-10 22:44:57', '2020-07-10 22:27:42', '', '0000-00-00', ''),
('7-1594603167', 503, 8, 7, '2020-07-13 08:19:27', '2020-07-13 09:29:07', '2020-07-13 08:19:27', '', '0000-00-00', ''),
('7-1594607353', 503, 2, 7, '2020-07-13 09:29:13', '2020-07-13 15:36:51', '2020-07-13 09:29:13', '', '0000-00-00', ''),
('7-1594632333', 503, 2, 7, '2020-07-13 16:25:33', '2020-07-13 21:43:55', '2020-07-13 16:25:33', '', '0000-00-00', ''),
('7-1594713918', 568, 3, 7, '2020-07-14 15:05:18', '2020-07-14 20:37:05', '2020-07-14 15:05:18', '', '0000-00-00', ''),
('7-1594739179', 568, 1, 7, '2020-07-14 22:06:19', '2020-07-15 01:34:12', '2020-07-14 22:06:19', '', '0000-00-00', ''),
('7-1594773536', 605, 3, 7, '2020-07-15 07:38:56', '2020-07-15 08:36:41', '2020-07-15 07:38:56', '', '0000-00-00', ''),
('7-1594777681', 605, 1, 7, '2020-07-15 08:48:01', '0000-00-00 00:00:00', '2020-07-15 08:48:01', '', '0000-00-00', ''),
('8-1594003623', 247, 2, 8, '2020-07-06 09:47:03', '2020-07-06 10:11:15', '2020-07-06 09:47:03', '', '0000-00-00', ''),
('8-1594010328', 247, 6, 8, '2020-07-06 11:38:48', '2020-07-06 16:45:32', '2020-07-06 11:38:48', '', '0000-00-00', ''),
('8-1594028793', 247, 1, 8, '2020-07-06 16:46:33', '2020-07-06 16:47:38', '2020-07-06 16:46:33', '', '0000-00-00', ''),
('8-1594029066', 247, 1, 8, '2020-07-06 16:51:06', '2020-07-06 16:53:22', '2020-07-06 16:51:06', '', '0000-00-00', ''),
('8-1594029438', 247, 1, 8, '2020-07-06 16:57:18', '2020-07-06 16:59:26', '2020-07-06 16:57:18', '', '0000-00-00', ''),
('8-1594029933', 247, 1, 8, '2020-07-06 17:05:33', '2020-07-06 17:07:01', '2020-07-06 17:05:33', '', '0000-00-00', ''),
('8-1594031238', 247, 1, 8, '2020-07-06 17:27:18', '2020-07-06 17:28:36', '2020-07-06 17:27:18', '', '0000-00-00', ''),
('8-1594031505', 247, 1, 8, '2020-07-06 17:31:45', '2020-07-06 17:33:34', '2020-07-06 17:31:45', '', '0000-00-00', ''),
('8-1594031774', 247, 1, 8, '2020-07-06 17:36:14', '2020-07-06 17:37:39', '2020-07-06 17:36:14', '', '0000-00-00', ''),
('8-1594032060', 247, 1, 8, '2020-07-06 17:41:00', '2020-07-06 17:42:43', '2020-07-06 17:41:00', '', '0000-00-00', ''),
('8-1594032355', 247, 1, 8, '2020-07-06 17:45:55', '2020-07-06 17:47:37', '2020-07-06 17:45:55', '', '0000-00-00', ''),
('8-1594032640', 247, 1, 8, '2020-07-06 17:50:40', '2020-07-06 17:53:00', '2020-07-06 17:50:40', '', '0000-00-00', ''),
('8-1594032994', 247, 1, 8, '2020-07-06 17:56:34', '2020-07-06 17:56:49', '2020-07-06 17:56:34', '', '0000-00-00', ''),
('8-1594033015', 247, 2, 8, '2020-07-06 17:56:55', '2020-07-06 18:41:02', '2020-07-06 17:56:55', '', '0000-00-00', ''),
('8-1594035924', 247, 1, 8, '2020-07-06 18:45:24', '2020-07-06 18:47:21', '2020-07-06 18:45:24', '', '0000-00-00', ''),
('8-1594036346', 247, 1, 8, '2020-07-06 18:52:26', '2020-07-06 18:53:55', '2020-07-06 18:52:26', '', '0000-00-00', ''),
('8-1594036574', 247, 1, 8, '2020-07-06 18:56:14', '2020-07-06 18:57:29', '2020-07-06 18:56:14', '', '0000-00-00', ''),
('8-1594036781', 247, 1, 8, '2020-07-06 18:59:41', '2020-07-06 19:01:56', '2020-07-06 18:59:41', '', '0000-00-00', ''),
('8-1594037124', 247, 1, 8, '2020-07-06 19:05:24', '2020-07-06 19:07:49', '2020-07-06 19:05:24', '', '0000-00-00', ''),
('8-1594037392', 247, 1, 8, '2020-07-06 19:09:52', '2020-07-06 19:25:00', '2020-07-06 19:09:52', '', '0000-00-00', ''),
('8-1594038445', 247, 1, 8, '2020-07-06 19:27:25', '2020-07-06 19:28:58', '2020-07-06 19:27:25', '', '0000-00-00', ''),
('8-1594038708', 247, 1, 8, '2020-07-06 19:31:48', '2020-07-06 19:33:15', '2020-07-06 19:31:48', '', '0000-00-00', ''),
('8-1594039070', 247, 1, 8, '2020-07-06 19:37:50', '2020-07-06 19:41:38', '2020-07-06 19:37:50', '', '0000-00-00', ''),
('8-1594039447', 247, 1, 8, '2020-07-06 19:44:07', '2020-07-06 19:45:39', '2020-07-06 19:44:07', '', '0000-00-00', ''),
('8-1594039680', 247, 1, 8, '2020-07-06 19:48:00', '2020-07-06 19:52:26', '2020-07-06 19:48:00', '', '0000-00-00', ''),
('8-1594040442', 247, 1, 8, '2020-07-06 20:00:42', '2020-07-06 20:01:19', '2020-07-06 20:00:42', '', '0000-00-00', ''),
('8-1594040893', 247, 1, 8, '2020-07-06 20:08:13', '2020-07-06 20:10:02', '2020-07-06 20:08:13', '', '0000-00-00', ''),
('8-1594041145', 247, 1, 8, '2020-07-06 20:12:25', '2020-07-06 20:13:46', '2020-07-06 20:12:25', '', '0000-00-00', ''),
('8-1594041367', 247, 1, 8, '2020-07-06 20:16:07', '2020-07-06 20:17:33', '2020-07-06 20:16:07', '', '0000-00-00', ''),
('8-1594041611', 247, 1, 8, '2020-07-06 20:20:11', '2020-07-06 20:21:55', '2020-07-06 20:20:11', '', '0000-00-00', ''),
('8-1594041837', 247, 1, 8, '2020-07-06 20:23:57', '2020-07-06 20:25:44', '2020-07-06 20:23:57', '', '0000-00-00', ''),
('8-1594042110', 247, 1, 8, '2020-07-06 20:28:30', '2020-07-06 20:30:32', '2020-07-06 20:28:30', '', '0000-00-00', ''),
('8-1594042393', 247, 1, 8, '2020-07-06 20:33:13', '2020-07-06 20:35:13', '2020-07-06 20:33:13', '', '0000-00-00', ''),
('8-1594042761', 247, 1, 8, '2020-07-06 20:39:21', '2020-07-06 20:56:15', '2020-07-06 20:39:21', '', '0000-00-00', ''),
('8-1594043906', 247, 1, 8, '2020-07-06 20:58:26', '2020-07-06 21:00:38', '2020-07-06 20:58:26', '', '0000-00-00', ''),
('8-1594044732', 247, 1, 8, '2020-07-06 21:12:12', '2020-07-06 21:13:21', '2020-07-06 21:12:12', '', '0000-00-00', ''),
('8-1594045001', 247, 1, 8, '2020-07-06 21:16:41', '2020-07-06 21:18:05', '2020-07-06 21:16:41', '', '0000-00-00', ''),
('8-1594045236', 247, 1, 8, '2020-07-06 21:20:36', '2020-07-06 21:35:07', '2020-07-06 21:20:36', '', '0000-00-00', ''),
('8-1594046254', 247, 1, 8, '2020-07-06 21:37:34', '2020-07-06 21:39:27', '2020-07-06 21:37:34', '', '0000-00-00', ''),
('8-1594364827', 457, 3, 8, '2020-07-10 14:07:07', '2020-07-10 19:52:49', '2020-07-10 14:07:07', '', '0000-00-00', ''),
('8-1594394667', 457, 2, 8, '2020-07-10 22:24:27', '2020-07-10 22:50:42', '2020-07-10 22:24:27', '', '0000-00-00', ''),
('9-1593688611', 205, 2, 9, '2020-07-02 18:16:51', '2020-07-02 18:38:42', '2020-07-02 18:16:51', '', '0000-00-00', ''),
('9-1593692100', 205, 8, 9, '2020-07-02 19:15:00', '2020-07-02 19:16:08', '2020-07-02 19:15:00', '', '0000-00-00', ''),
('9-1593693139', 205, 8, 9, '2020-07-02 19:32:19', '2020-07-02 19:38:03', '2020-07-02 19:32:19', '', '0000-00-00', ''),
('9-1593694383', 205, 1, 9, '2020-07-02 19:53:03', '2020-07-02 20:11:16', '2020-07-02 19:53:03', '', '0000-00-00', ''),
('9-1593738624', 244, 3, 9, '2020-07-03 08:10:24', '2020-07-03 08:55:10', '2020-07-03 08:10:24', '', '0000-00-00', ''),
('9-1593743852', 244, 2, 9, '2020-07-03 09:37:32', '2020-07-06 15:55:26', '2020-07-03 09:37:32', '', '0000-00-00', ''),
('9-1594033170', 299, 2, 9, '2020-07-06 17:59:30', '2020-07-07 08:33:25', '2020-07-06 17:59:30', '', '0000-00-00', ''),
('9-1594181210', 378, 3, 9, '2020-07-08 11:06:50', '2020-07-08 11:16:54', '2020-07-08 11:06:50', '', '0000-00-00', ''),
('9-1594181897', 378, 8, 9, '2020-07-08 11:18:17', '2020-07-08 11:20:13', '2020-07-08 11:18:17', '', '0000-00-00', ''),
('9-1594184285', 378, 2, 9, '2020-07-08 11:58:05', '2020-07-08 12:40:27', '2020-07-08 11:58:05', '', '0000-00-00', ''),
('9-1594190855', 378, 3, 9, '2020-07-08 13:47:35', '2020-07-08 15:25:07', '2020-07-08 13:47:35', '', '0000-00-00', ''),
('9-1594200558', 378, 2, 9, '2020-07-08 16:29:18', '2020-07-08 16:51:49', '2020-07-08 16:29:18', '', '0000-00-00', ''),
('9-1594365885', 439, 3, 9, '2020-07-10 14:24:45', '2020-07-10 15:01:46', '2020-07-10 14:24:45', '', '0000-00-00', ''),
('9-1594607312', 532, 2, 9, '2020-07-13 09:28:32', '2020-07-13 09:40:30', '2020-07-13 09:28:32', '', '0000-00-00', ''),
('9-1594613336', 532, 1, 9, '2020-07-13 11:08:56', '2020-07-13 11:21:25', '2020-07-13 11:08:56', '', '0000-00-00', ''),
('9-1594616295', 532, 2, 9, '2020-07-13 11:58:15', '2020-07-13 12:40:59', '2020-07-13 11:58:15', '', '0000-00-00', ''),
('9-1594621086', 532, 1, 9, '2020-07-13 13:18:06', '2020-07-13 13:33:41', '2020-07-13 13:18:06', '', '0000-00-00', ''),
('9-1594626292', 532, 1, 9, '2020-07-13 14:44:52', '2020-07-13 14:58:47', '2020-07-13 14:44:52', '', '0000-00-00', ''),
('9-1594689994', 585, 1, 9, '2020-07-14 08:26:34', '2020-07-14 08:31:14', '2020-07-14 08:26:34', '', '0000-00-00', ''),
('9-1594693725', 585, 2, 9, '2020-07-14 09:28:45', '2020-07-14 09:40:49', '2020-07-14 09:28:45', '', '0000-00-00', ''),
('9-1594696198', 564, 3, 9, '2020-07-14 10:09:58', '2020-07-14 10:28:58', '2020-07-14 10:09:58', '', '0000-00-00', ''),
('9-1594697343', 564, 1, 9, '2020-07-14 10:29:03', '2020-07-14 10:42:02', '2020-07-14 10:29:03', '', '0000-00-00', ''),
('9-1594698126', 564, 8, 9, '2020-07-14 10:42:06', '2020-07-14 10:53:03', '2020-07-14 10:42:06', '', '0000-00-00', ''),
('9-1594702695', 564, 2, 9, '2020-07-14 11:58:15', '2020-07-14 12:39:56', '2020-07-14 11:58:15', '', '0000-00-00', ''),
('9-1594706367', 564, 7, 9, '2020-07-14 12:59:27', '2020-07-14 13:20:21', '2020-07-14 12:59:27', '', '0000-00-00', ''),
('9-1594773477', 626, 3, 9, '2020-07-15 07:37:57', '2020-07-15 08:07:25', '2020-07-15 07:37:57', '', '0000-00-00', ''),
('9-1594775250', 626, 1, 9, '2020-07-15 08:07:30', '2020-07-15 08:14:23', '2020-07-15 08:07:30', '', '0000-00-00', '');

-- --------------------------------------------------------

--
-- Table structure for table `itx_t_master_plan`
--

CREATE TABLE `itx_t_master_plan` (
  `id` int(11) NOT NULL,
  `department` varchar(50) NOT NULL,
  `production_part_no` varchar(50) NOT NULL,
  `product` varchar(50) NOT NULL,
  `model` varchar(50) NOT NULL,
  `description` varchar(50) NOT NULL,
  `cycle` decimal(10,2) NOT NULL,
  `capaHour` decimal(10,2) NOT NULL,
  `capaDay` decimal(10,2) NOT NULL,
  `sum` decimal(10,2) NOT NULL,
  `yearDate` varchar(10) NOT NULL,
  `status_sent` int(11) NOT NULL COMMENT '1 = sent to server',
  `createDate` datetime NOT NULL DEFAULT current_timestamp(),
  `createUser` varchar(50) NOT NULL,
  `editDate` date DEFAULT NULL,
  `editUser` varchar(50) DEFAULT NULL
) ENGINE=InnoDB DEFAULT CHARSET=latin1 ROW_FORMAT=COMPACT;

--
-- Dumping data for table `itx_t_master_plan`
--

INSERT INTO `itx_t_master_plan` (`id`, `department`, `production_part_no`, `product`, `model`, `description`, `cycle`, `capaHour`, `capaDay`, `sum`, `yearDate`, `status_sent`, `createDate`, `createUser`, `editDate`, `editUser`) VALUES
(1, 'Press', 'TWFB-R101D 60 (P) Press 1st', 'Electronic', '', 'BLADE PIN', '0.83', '4320.00', '30240.00', '22000.00', '2020-06', 0, '2020-06-25 14:47:26', 'upload', NULL, NULL),
(2, 'Press', '2FB2113107200 110 (P) Press 1st', 'Electronic', 'HR-F229/249', 'PLATE HINGE', '1.18', '3046.00', '21322.00', '7000.00', '2020-06', 0, '2020-06-25 14:47:26', 'upload', NULL, NULL),
(3, 'Press', '2FB01320100400 250 (P) Press 1st', 'Electronic', 'AQRD-270/275', 'HINGE TOP ASSY', '3.72', '968.00', '6776.00', '8000.00', '2020-06', 0, '2020-06-25 14:47:26', 'upload', NULL, NULL),
(4, 'Press', 'EG581-301 60 (P) Press 1st', 'Automotive', '', 'PLATE GUIDE 1', '5.00', '720.00', '5040.00', '1200.00', '2020-06', 0, '2020-06-25 14:47:26', 'upload', NULL, NULL),
(5, 'Press', 'EG581-301 60 (M) Press 2nd', 'Automotive', '', 'PLATE GUIDE 1', '5.00', '720.00', '5040.00', '1200.00', '2020-06', 0, '2020-06-25 14:47:27', 'upload', NULL, NULL),
(6, 'Press', 'EG581-301 60 (M) Press 3rd', 'Automotive', '', 'PLATE GUIDE 1', '5.00', '720.00', '5040.00', '1200.00', '2020-06', 0, '2020-06-25 14:47:27', 'upload', NULL, NULL),
(7, 'Press', 'EG581-301 60 (M) Press 4th', 'Automotive', '', 'PLATE GUIDE 1', '5.00', '720.00', '5040.00', '1200.00', '2020-06', 0, '2020-06-25 14:47:27', 'upload', NULL, NULL),
(8, 'Press', '102010058300 80 (P) Press 1st', 'Automotive', 'PC1860BS', 'TERMINAL HOLDER 5PL', '0.53', '6825.00', '47775.00', '5000.00', '2020-06', 0, '2020-06-25 14:47:27', 'upload', NULL, NULL),
(9, 'Press', '101060022900 200 (M) Press 1st', 'Electronic', 'A3248D', 'CHASSIS', '56.25', '64.00', '448.00', '440.00', '2020-06', 0, '2020-06-25 14:47:27', 'upload', NULL, NULL),
(10, 'Press', '101060022900 200 (M) Press 2nd', 'Electronic', 'A3248D', 'CHASSIS', '56.25', '64.00', '448.00', '440.00', '2020-06', 0, '2020-06-25 14:47:27', 'upload', NULL, NULL),
(11, 'Press', '101060022900 200 (M) Press 3rd', 'Electronic', 'A3248D', 'CHASSIS', '56.25', '64.00', '448.00', '440.00', '2020-06', 0, '2020-06-25 14:47:27', 'upload', NULL, NULL),
(12, 'Press', '101060022900 200 (M) Press Final', 'Electronic', 'A3248D', 'CHASSIS', '56.25', '64.00', '448.00', '440.00', '2020-06', 0, '2020-06-25 14:47:28', 'upload', NULL, NULL),
(13, 'Press', '101060023100 200 (M) Press 1st', 'Electronic', 'A3224D', 'CHASSIS', '31.58', '114.00', '798.00', '440.00', '2020-06', 0, '2020-06-25 14:47:28', 'upload', NULL, NULL),
(14, 'Press', '101060023100 200 (M) Press 2nd', 'Electronic', 'A3224D', 'CHASSIS', '31.58', '114.00', '798.00', '440.00', '2020-06', 0, '2020-06-25 14:47:28', 'upload', NULL, NULL),
(15, 'Press', '101060023100 200 (M) Press 3rd', 'Electronic', 'A3224D', 'CHASSIS', '31.58', '114.00', '798.00', '440.00', '2020-06', 0, '2020-06-25 14:47:28', 'upload', NULL, NULL),
(16, 'Press', '101060023100 200 (M) Press Final', 'Electronic', 'A3224D', 'CHASSIS', '31.58', '114.00', '798.00', '440.00', '2020-06', 0, '2020-06-25 14:47:28', 'upload', NULL, NULL),
(17, 'Press', '55312 - BZ041 300 (P) Press Final', 'Automotive', 'D21/D22', 'PLATE INSERT RETAINER', '1.70', '2117.00', '14819.00', '2500.00', '2020-06', 0, '2020-06-25 14:47:28', 'upload', NULL, NULL),
(18, 'Press', '18310-LIGG-T000-23 300 (P) Press 1st', 'Automotive', 'LIGG', 'CAP REAR ASSY', '2.74', '1315.00', '9205.00', '4000.00', '2020-06', 0, '2020-06-25 14:47:28', 'upload', NULL, NULL),
(19, 'Press', '18310-LIGG-T000-23 160 (M) Press 2nd', 'Automotive', 'LIGG', 'CAP REAR ASSY', '5.39', '668.00', '4676.00', '4000.00', '2020-06', 0, '2020-06-25 14:47:28', 'upload', NULL, NULL),
(21, 'Powder Coating', 'HK152-380-10-IN Spray Final', 'Automotive', '', 'SPRING FIGHTING RED', '12.00', '300.00', '2100.00', '2000.00', '2020-06', 0, '2020-06-25 15:00:31', 'upload', NULL, NULL),
(22, 'Powder Coating', 'HK842-380-0E-IN Spray Final', 'Automotive', '', 'SPRING FIGHTING RED', '12.00', '300.00', '2100.00', '2000.00', '2020-06', 0, '2020-06-25 15:00:31', 'upload', NULL, NULL),
(23, 'Powder Coating', 'HK452-380-3A-IN Spray Final', 'Automotive', '', 'SPRING FIGHTING RED', '12.00', '300.00', '2100.00', '2000.00', '2020-06', 0, '2020-06-25 15:00:31', 'upload', NULL, NULL),
(24, 'Powder Coating', 'HK0W2-380-0B-IN Powder Coating Final', 'Automotive', '', 'SPRING SILVER METALIC', '5.31', '678.00', '4746.00', '2000.00', '2020-06', 0, '2020-06-25 15:00:31', 'upload', NULL, NULL),
(25, 'Assembly', '30ZYL306A^V Assy Final', 'Automotive', 'NYL306A', 'SEAT LOCK ASSY', '14.40', '250.00', '1750.00', '2300.00', '2020-06', 0, '2020-06-25 15:07:02', 'upload', NULL, NULL),
(26, 'Assembly', '30ZYL306A^V Assy Final', 'Automotive', 'NYL306A', 'SEAT LOCK ASSY', '14.40', '250.00', '1750.00', '2300.00', '2020-06', 0, '2020-06-25 15:07:26', 'upload', NULL, NULL),
(51, 'Press', 'TWFB-R101D 60 (P) Press 1st', 'Electronic', '', 'BLADE PIN', '0.83', '4320.00', '30240.00', '22000.00', '2020-06', 0, '2020-06-26 16:40:00', 'upload', NULL, NULL),
(52, 'Press', '2FB2113107200 110 (P) Press 1st', 'Electronic', 'HR-F229/249', 'PLATE HINGE', '1.18', '3046.00', '21322.00', '7000.00', '2020-06', 0, '2020-06-26 16:40:00', 'upload', NULL, NULL),
(53, 'Press', '2MP2114111200 150 (M) Press 1st', 'Electronic', 'HR-F229/249', 'REINFORCE L', '5.70', '632.00', '4424.00', '3000.00', '2020-06', 0, '2020-06-26 16:40:00', 'upload', NULL, NULL),
(54, 'Press', '2MP2114111200 150 (M) Press 2nd', 'Electronic', 'HR-F229/249', 'REINFORCE L', '6.28', '573.00', '4011.00', '3000.00', '2020-06', 0, '2020-06-26 16:40:00', 'upload', NULL, NULL),
(55, 'Press', '2MP2114111200 150 (M) Press 3rd', 'Electronic', 'HR-F229/249', 'REINFORCE L', '6.14', '586.00', '4102.00', '3000.00', '2020-06', 0, '2020-06-26 16:40:00', 'upload', NULL, NULL),
(56, 'Press', '2MP2114111300 150 (M) Press 1st', 'Electronic', 'HR-F229/249', 'REINFORCE R', '5.70', '632.00', '4424.00', '3000.00', '2020-06', 0, '2020-06-26 16:40:00', 'upload', NULL, NULL),
(57, 'Press', '2MP2114111300 150 (M) Press 2nd', 'Electronic', 'HR-F229/249', 'REINFORCE R', '6.28', '573.00', '4011.00', '3000.00', '2020-06', 0, '2020-06-26 16:40:00', 'upload', NULL, NULL),
(58, 'Press', '2MP2114111300 150 (M) Press 3rd', 'Electronic', 'HR-F229/249', 'REINFORCE R', '6.15', '585.00', '4095.00', '3000.00', '2020-06', 0, '2020-06-26 16:40:00', 'upload', NULL, NULL),
(59, 'Press', '2FB01320100400 250 (P) Press 1st', 'Electronic', 'AQRD-270/275', 'HINGE TOP ASSY', '3.72', '968.00', '6776.00', '8000.00', '2020-06', 0, '2020-06-26 16:40:00', 'upload', NULL, NULL),
(60, 'Press', 'B6H-F197N-00 160 (P) Press Final', 'Automotive', 'B6H1', 'BRKT 7', '0.73', '4940.00', '34580.00', '14171.00', '2020-06', 0, '2020-06-26 16:40:00', 'upload', NULL, NULL),
(61, 'Press', 'B6H-F139L-00-0 200 (P) Press Final', 'Automotive', 'B6H1', 'BRKT 9', '0.79', '4584.00', '32088.00', '10919.00', '2020-06', 0, '2020-06-26 16:40:00', 'upload', NULL, NULL),
(62, 'Press', 'EG581-301 60 (P) Press 1st', 'Automotive', '', 'PLATE GUIDE 1', '5.00', '720.00', '5040.00', '1200.00', '2020-06', 0, '2020-06-26 16:40:00', 'upload', NULL, NULL),
(63, 'Press', 'EG581-301 60 (M) Press 2nd', 'Automotive', '', 'PLATE GUIDE 1', '5.00', '720.00', '5040.00', '1200.00', '2020-06', 0, '2020-06-26 16:40:00', 'upload', NULL, NULL),
(64, 'Press', 'EG581-301 60 (M) Press 3rd', 'Automotive', '', 'PLATE GUIDE 1', '5.00', '720.00', '5040.00', '1200.00', '2020-06', 0, '2020-06-26 16:40:00', 'upload', NULL, NULL),
(65, 'Press', 'EG581-301 60 (M) Press 4th', 'Automotive', '', 'PLATE GUIDE 1', '5.00', '720.00', '5040.00', '1200.00', '2020-06', 0, '2020-06-26 16:40:00', 'upload', NULL, NULL),
(66, 'Press', '102010058300 80 (P) Press 1st', 'Automotive', 'PC1860BS', 'TERMINAL HOLDER 5PL', '0.53', '6825.00', '47775.00', '5000.00', '2020-06', 0, '2020-06-26 16:40:00', 'upload', NULL, NULL),
(67, 'Press', '101250049800 300 (P) Press 1st', 'Electronic', 'A-3224D-AS', 'A3224D REAR PANEL', '10.00', '360.00', '2520.00', '50.00', '2020-06', 0, '2020-06-26 16:40:00', 'upload', NULL, NULL),
(68, 'Press', '101250045000 300 (P) Press 1st', 'Electronic', 'A-3248D-AS', 'A3248D REAR PANEL', '131.25', '27.00', '192.00', '45.00', '2020-06', 0, '2020-06-26 16:40:00', 'upload', NULL, NULL),
(69, 'Press', '101250049900 300 (P) Press 1st', 'Electronic', 'A-3212DM-AS', 'A3212DM REAR PANEL', '10.00', '360.00', '2520.00', '40.00', '2020-06', 0, '2020-06-26 16:40:00', 'upload', NULL, NULL),
(70, 'Press', '101060022900 200 (M) Press 1st', 'Electronic', 'A3248D', 'CHASSIS', '56.25', '64.00', '448.00', '440.00', '2020-06', 0, '2020-06-26 16:40:00', 'upload', NULL, NULL),
(71, 'Press', '101060022900 200 (M) Press 2nd', 'Electronic', 'A3248D', 'CHASSIS', '56.25', '64.00', '448.00', '440.00', '2020-06', 0, '2020-06-26 16:40:00', 'upload', NULL, NULL),
(72, 'Press', '101060022900 200 (M) Press 3rd', 'Electronic', 'A3248D', 'CHASSIS', '56.25', '64.00', '448.00', '440.00', '2020-06', 0, '2020-06-26 16:40:01', 'upload', NULL, NULL),
(73, 'Press', '101060022900 200 (M) Press Final', 'Electronic', 'A3248D', 'CHASSIS', '56.25', '64.00', '448.00', '440.00', '2020-06', 0, '2020-06-26 16:40:01', 'upload', NULL, NULL),
(74, 'Press', '101060023100 200 (M) Press 1st', 'Electronic', 'A3224D', 'CHASSIS', '31.58', '114.00', '798.00', '440.00', '2020-06', 0, '2020-06-26 16:40:01', 'upload', NULL, NULL),
(75, 'Press', '101060023100 200 (M) Press 2nd', 'Electronic', 'A3224D', 'CHASSIS', '31.58', '114.00', '798.00', '440.00', '2020-06', 0, '2020-06-26 16:40:01', 'upload', NULL, NULL),
(76, 'Press', '101060023100 200 (M) Press 3rd', 'Electronic', 'A3224D', 'CHASSIS', '31.58', '114.00', '798.00', '440.00', '2020-06', 0, '2020-06-26 16:40:01', 'upload', NULL, NULL),
(77, 'Press', '101060023100 200 (M) Press Final', 'Electronic', 'A3224D', 'CHASSIS', '31.58', '114.00', '798.00', '440.00', '2020-06', 0, '2020-06-26 16:40:01', 'upload', NULL, NULL),
(78, 'Press', '55312 - BZ041 300 (P) Press Final', 'Automotive', 'D21/D22', 'PLATE INSERT RETAINER', '1.70', '2117.00', '14819.00', '2500.00', '2020-06', 0, '2020-06-26 16:40:01', 'upload', NULL, NULL),
(79, 'Press', '18310-LIGG-T000-23 300 (P) Press 1st', 'Automotive', 'LIGG', 'CAP REAR ASSY', '2.74', '1315.00', '9205.00', '4000.00', '2020-06', 0, '2020-06-26 16:40:01', 'upload', NULL, NULL),
(80, 'Press', '18310-LIGG-T000-23 160 (M) Press 2nd', 'Automotive', 'LIGG', 'CAP REAR ASSY', '5.39', '668.00', '4676.00', '4000.00', '2020-06', 0, '2020-06-26 16:40:01', 'upload', NULL, NULL),
(81, 'Press', '50103-K18-9000-H1 200 (P) Press 1st', 'Automotive', 'K18', 'STIFFENER R', '6.42', '561.00', '3927.00', '920.00', '2020-06', 0, '2020-06-26 16:40:01', 'upload', NULL, NULL),
(82, 'Press', '50103-K18-9000-H1 200 (M) Press 2nd', 'Automotive', 'K18', 'STIFFENER R', '6.42', '561.00', '3927.00', '920.00', '2020-06', 0, '2020-06-26 16:40:01', 'upload', NULL, NULL),
(83, 'Press', '50103-K18-9000-H1 200 (M) Press Final', 'Automotive', 'K18', 'STIFFENER R', '6.42', '561.00', '3927.00', '920.00', '2020-06', 0, '2020-06-26 16:40:01', 'upload', NULL, NULL),
(84, 'Press', '50104-K18-9000-H1 200 (P) Press 1st', 'Automotive', 'K18', 'STIFFENER L', '6.42', '561.00', '3927.00', '920.00', '2020-06', 0, '2020-06-26 16:40:01', 'upload', NULL, NULL),
(85, 'Press', '50104-K18-9000-H1 200 (M) Press 2nd', 'Automotive', 'K18', 'STIFFENER L', '6.42', '561.00', '3927.00', '920.00', '2020-06', 0, '2020-06-26 16:40:01', 'upload', NULL, NULL),
(86, 'Press', '50104-K18-9000-H1 200 (M) Press Final', 'Automotive', 'K18', 'STIFFENER L', '6.42', '561.00', '3927.00', '920.00', '2020-06', 0, '2020-06-26 16:40:01', 'upload', NULL, NULL),
(87, 'Powder Coating', 'HK152-380-10-IN Spray Final', 'Automotive', '', 'SPRING FIGHTING RED', '12.00', '300.00', '2100.00', '2000.00', '2020-06', 0, '2020-06-26 16:40:01', 'upload', NULL, NULL),
(88, 'Powder Coating', 'HK842-380-0E-IN Spray Final', 'Automotive', '', 'SPRING FIGHTING RED', '12.00', '300.00', '2100.00', '2000.00', '2020-06', 0, '2020-06-26 16:40:01', 'upload', NULL, NULL),
(89, 'Powder Coating', 'HK452-380-3A-IN Spray Final', 'Automotive', '', 'SPRING FIGHTING RED', '12.00', '300.00', '2100.00', '2000.00', '2020-06', 0, '2020-06-26 16:40:01', 'upload', NULL, NULL),
(90, 'Powder Coating', 'HK0J2-380-00-IN Powder Coating Final', 'Automotive', '', 'SPRING AXIS GRAY', '2.20', '1634.00', '11438.00', '3000.00', '2020-06', 0, '2020-06-26 16:40:01', 'upload', NULL, NULL),
(91, 'Powder Coating', 'HK0W2-380-0B-IN Powder Coating Final', 'Automotive', '', 'SPRING SILVER METALIC', '5.31', '678.00', '4746.00', '2000.00', '2020-06', 0, '2020-06-26 16:40:01', 'upload', NULL, NULL),
(92, 'Assembly', '30ZYL306A^V Assy Final', 'Automotive', 'NYL306A', 'SEAT LOCK ASSY', '14.40', '250.00', '1750.00', '4600.00', '2020-06', 0, '2020-06-26 16:40:01', 'upload', NULL, NULL),
(93, 'Press', 'TWFB-R101D 60 (P) Press 1st', 'Electronic', '', 'BLADE PIN', '0.83', '4320.00', '30240.00', '22000.00', '2020-06', 0, '2020-06-26 16:47:09', 'upload', NULL, NULL),
(94, 'Press', '2FB2113107200 110 (P) Press 1st', 'Electronic', 'HR-F229/249', 'PLATE HINGE', '1.18', '3046.00', '21322.00', '7000.00', '2020-06', 0, '2020-06-26 16:47:09', 'upload', NULL, NULL),
(95, 'Press', '2FB01320100400 250 (P) Press 1st', 'Electronic', 'AQRD-270/275', 'HINGE TOP ASSY', '3.72', '968.00', '6776.00', '8000.00', '2020-06', 0, '2020-06-26 16:47:09', 'upload', NULL, NULL),
(96, 'Press', 'EG581-301 60 (P) Press 1st', 'Automotive', '', 'PLATE GUIDE 1', '5.00', '720.00', '5040.00', '1200.00', '2020-06', 0, '2020-06-26 16:47:09', 'upload', NULL, NULL),
(97, 'Press', 'EG581-301 60 (M) Press 2nd', 'Automotive', '', 'PLATE GUIDE 1', '5.00', '720.00', '5040.00', '1200.00', '2020-06', 0, '2020-06-26 16:47:09', 'upload', NULL, NULL),
(98, 'Press', 'EG581-301 60 (M) Press 3rd', 'Automotive', '', 'PLATE GUIDE 1', '5.00', '720.00', '5040.00', '1200.00', '2020-06', 0, '2020-06-26 16:47:09', 'upload', NULL, NULL),
(99, 'Press', 'EG581-301 60 (M) Press 4th', 'Automotive', '', 'PLATE GUIDE 1', '5.00', '720.00', '5040.00', '1200.00', '2020-06', 0, '2020-06-26 16:47:09', 'upload', NULL, NULL),
(100, 'Press', '102010058300 80 (P) Press 1st', 'Automotive', 'PC1860BS', 'TERMINAL HOLDER 5PL', '0.53', '6825.00', '47775.00', '5000.00', '2020-06', 0, '2020-06-26 16:47:09', 'upload', NULL, NULL),
(101, 'Press', '101060022900 200 (M) Press 1st', 'Electronic', 'A3248D', 'CHASSIS', '56.25', '64.00', '448.00', '440.00', '2020-06', 0, '2020-06-26 16:47:09', 'upload', NULL, NULL),
(102, 'Press', '101060022900 200 (M) Press 2nd', 'Electronic', 'A3248D', 'CHASSIS', '56.25', '64.00', '448.00', '440.00', '2020-06', 0, '2020-06-26 16:47:09', 'upload', NULL, NULL),
(103, 'Press', '101060022900 200 (M) Press 3rd', 'Electronic', 'A3248D', 'CHASSIS', '56.25', '64.00', '448.00', '440.00', '2020-06', 0, '2020-06-26 16:47:09', 'upload', NULL, NULL),
(104, 'Press', '101060022900 200 (M) Press Final', 'Electronic', 'A3248D', 'CHASSIS', '56.25', '64.00', '448.00', '440.00', '2020-06', 0, '2020-06-26 16:47:09', 'upload', NULL, NULL),
(105, 'Press', '101060023100 200 (M) Press 1st', 'Electronic', 'A3224D', 'CHASSIS', '31.58', '114.00', '798.00', '440.00', '2020-06', 0, '2020-06-26 16:47:09', 'upload', NULL, NULL),
(106, 'Press', '101060023100 200 (M) Press 2nd', 'Electronic', 'A3224D', 'CHASSIS', '31.58', '114.00', '798.00', '440.00', '2020-06', 0, '2020-06-26 16:47:09', 'upload', NULL, NULL),
(107, 'Press', '101060023100 200 (M) Press 3rd', 'Electronic', 'A3224D', 'CHASSIS', '31.58', '114.00', '798.00', '440.00', '2020-06', 0, '2020-06-26 16:47:09', 'upload', NULL, NULL),
(108, 'Press', '101060023100 200 (M) Press Final', 'Electronic', 'A3224D', 'CHASSIS', '31.58', '114.00', '798.00', '440.00', '2020-06', 0, '2020-06-26 16:47:09', 'upload', NULL, NULL),
(109, 'Press', '55312 - BZ041 300 (P) Press Final', 'Automotive', 'D21/D22', 'PLATE INSERT RETAINER', '1.70', '2117.00', '14819.00', '2500.00', '2020-06', 0, '2020-06-26 16:47:09', 'upload', NULL, NULL),
(110, 'Press', '18310-LIGG-T000-23 300 (P) Press 1st', 'Automotive', 'LIGG', 'CAP REAR ASSY', '2.74', '1315.00', '9205.00', '4000.00', '2020-06', 0, '2020-06-26 16:47:09', 'upload', NULL, NULL),
(111, 'Press', '18310-LIGG-T000-23 160 (M) Press 2nd', 'Automotive', 'LIGG', 'CAP REAR ASSY', '5.39', '668.00', '4676.00', '4000.00', '2020-06', 0, '2020-06-26 16:47:09', 'upload', NULL, NULL),
(112, 'Powder Coating', 'HK152-380-10-IN Spray Final', 'Automotive', '', 'SPRING FIGHTING RED', '12.00', '300.00', '2100.00', '2000.00', '2020-06', 0, '2020-06-26 16:47:09', 'upload', NULL, NULL),
(113, 'Powder Coating', 'HK842-380-0E-IN Spray Final', 'Automotive', '', 'SPRING FIGHTING RED', '12.00', '300.00', '2100.00', '2000.00', '2020-06', 0, '2020-06-26 16:47:09', 'upload', NULL, NULL),
(114, 'Powder Coating', 'HK452-380-3A-IN Spray Final', 'Automotive', '', 'SPRING FIGHTING RED', '12.00', '300.00', '2100.00', '2000.00', '2020-06', 0, '2020-06-26 16:47:10', 'upload', NULL, NULL),
(115, 'Powder Coating', 'HK0W2-380-0B-IN Powder Coating Final', 'Automotive', '', 'SPRING SILVER METALIC', '5.31', '678.00', '4746.00', '2000.00', '2020-06', 0, '2020-06-26 16:47:10', 'upload', NULL, NULL),
(116, 'Assembly', '30ZYL306A^V Assy Final', 'Automotive', 'NYL306A', 'SEAT LOCK ASSY', '14.40', '250.00', '1750.00', '6900.00', '2020-06', 0, '2020-06-26 16:47:10', 'upload', NULL, NULL),
(117, 'Press', 'TWFB-R101D 60 (P) Press 1st', 'Electronic', '', 'BLADE PIN', '0.83', '4320.00', '30240.00', '22000.00', '2020-06', 0, '2020-06-29 16:56:24', 'upload', NULL, NULL),
(118, 'Press', '2FB2113107200 110 (P) Press 1st', 'Electronic', 'HR-F229/249', 'PLATE HINGE', '1.18', '3046.00', '21322.00', '7000.00', '2020-06', 0, '2020-06-29 16:56:24', 'upload', NULL, NULL),
(119, 'Press', '2FB01320100400 250 (P) Press 1st', 'Electronic', 'AQRD-270/275', 'HINGE TOP ASSY', '3.72', '968.00', '6776.00', '8000.00', '2020-06', 0, '2020-06-29 16:56:24', 'upload', NULL, NULL),
(120, 'Press', 'B6H-F161J-00-1 160 (P) Press Final', 'Automotive', 'B6H1', 'BRKT 8', '0.68', '5318.00', '37226.00', '4589.00', '2020-06', 0, '2020-06-29 16:56:24', 'upload', NULL, NULL),
(121, 'Press', 'EG581-301 60 (P) Press 1st', 'Automotive', '', 'PLATE GUIDE 1', '5.00', '720.00', '5040.00', '1200.00', '2020-06', 0, '2020-06-29 16:56:24', 'upload', NULL, NULL),
(122, 'Press', 'EG581-301 60 (M) Press 2nd', 'Automotive', '', 'PLATE GUIDE 1', '5.00', '720.00', '5040.00', '1200.00', '2020-06', 0, '2020-06-29 16:56:24', 'upload', NULL, NULL),
(123, 'Press', 'EG581-301 60 (M) Press 3rd', 'Automotive', '', 'PLATE GUIDE 1', '5.00', '720.00', '5040.00', '1200.00', '2020-06', 0, '2020-06-29 16:56:24', 'upload', NULL, NULL),
(124, 'Press', 'EG581-301 60 (M) Press 4th', 'Automotive', '', 'PLATE GUIDE 1', '5.00', '720.00', '5040.00', '1200.00', '2020-06', 0, '2020-06-29 16:56:24', 'upload', NULL, NULL),
(125, 'Press', '102010058300 80 (P) Press 1st', 'Automotive', 'PC1860BS', 'TERMINAL HOLDER 5PL', '0.53', '6825.00', '47775.00', '5000.00', '2020-06', 0, '2020-06-29 16:56:24', 'upload', NULL, NULL),
(126, 'Press', '101060022900 200 (M) Press 1st', 'Electronic', 'A3248D', 'CHASSIS', '56.25', '64.00', '448.00', '440.00', '2020-06', 0, '2020-06-29 16:56:24', 'upload', NULL, NULL),
(127, 'Press', '101060022900 200 (M) Press 2nd', 'Electronic', 'A3248D', 'CHASSIS', '56.25', '64.00', '448.00', '440.00', '2020-06', 0, '2020-06-29 16:56:24', 'upload', NULL, NULL),
(128, 'Press', '101060022900 200 (M) Press 3rd', 'Electronic', 'A3248D', 'CHASSIS', '56.25', '64.00', '448.00', '440.00', '2020-06', 0, '2020-06-29 16:56:24', 'upload', NULL, NULL),
(129, 'Press', '101060022900 200 (M) Press Final', 'Electronic', 'A3248D', 'CHASSIS', '56.25', '64.00', '448.00', '440.00', '2020-06', 0, '2020-06-29 16:56:24', 'upload', NULL, NULL),
(130, 'Press', '101060023100 200 (M) Press 1st', 'Electronic', 'A3224D', 'CHASSIS', '31.58', '114.00', '798.00', '440.00', '2020-06', 0, '2020-06-29 16:56:25', 'upload', NULL, NULL),
(131, 'Press', '101060023100 200 (M) Press 2nd', 'Electronic', 'A3224D', 'CHASSIS', '31.58', '114.00', '798.00', '440.00', '2020-06', 0, '2020-06-29 16:56:25', 'upload', NULL, NULL),
(132, 'Press', '101060023100 200 (M) Press 3rd', 'Electronic', 'A3224D', 'CHASSIS', '31.58', '114.00', '798.00', '440.00', '2020-06', 0, '2020-06-29 16:56:25', 'upload', NULL, NULL),
(133, 'Press', '101060023100 200 (M) Press Final', 'Electronic', 'A3224D', 'CHASSIS', '31.58', '114.00', '798.00', '440.00', '2020-06', 0, '2020-06-29 16:56:25', 'upload', NULL, NULL),
(134, 'Press', '55312 - BZ041 300 (P) Press Final', 'Automotive', 'D21/D22', 'PLATE INSERT RETAINER', '1.70', '2117.00', '14819.00', '2500.00', '2020-06', 0, '2020-06-29 16:56:25', 'upload', NULL, NULL),
(135, 'Press', '18310-LIGG-T000-23 300 (P) Press 1st', 'Automotive', 'LIGG', 'CAP REAR ASSY', '2.74', '1315.00', '9205.00', '5729.00', '2020-06', 0, '2020-06-29 16:56:25', 'upload', NULL, NULL),
(136, 'Press', '18310-LIGG-T000-23 160 (M) Press 2nd', 'Automotive', 'LIGG', 'CAP REAR ASSY', '5.39', '668.00', '4676.00', '5729.00', '2020-06', 0, '2020-06-29 16:56:25', 'upload', NULL, NULL),
(137, 'Press', '18310-LEIJ-A702-35 200 (P) Press 1st', 'Automotive', 'LEIJ', 'STAY A TAIL COVER', '1.71', '2100.00', '14700.00', '5681.00', '2020-06', 0, '2020-06-29 16:56:25', 'upload', NULL, NULL),
(138, 'Powder Coating', 'HK152-380-10-IN Spray Final', 'Automotive', '', 'SPRING FIGHTING RED', '12.00', '300.00', '2100.00', '2000.00', '2020-06', 0, '2020-06-29 16:56:25', 'upload', NULL, NULL),
(139, 'Powder Coating', 'HK842-380-0E-IN Spray Final', 'Automotive', '', 'SPRING FIGHTING RED', '12.00', '300.00', '2100.00', '2000.00', '2020-06', 0, '2020-06-29 16:56:25', 'upload', NULL, NULL),
(140, 'Powder Coating', 'HK452-380-3A-IN Spray Final', 'Automotive', '', 'SPRING FIGHTING RED', '12.00', '300.00', '2100.00', '2000.00', '2020-06', 0, '2020-06-29 16:56:25', 'upload', NULL, NULL),
(141, 'Powder Coating', 'HK0W2-380-0B-IN Powder Coating Final', 'Automotive', '', 'SPRING SILVER METALIC', '5.31', '678.00', '4746.00', '2000.00', '2020-06', 0, '2020-06-29 16:56:25', 'upload', NULL, NULL),
(142, 'Assembly', '30ZYL306A^V Assy Final', 'Automotive', 'NYL306A', 'SEAT LOCK ASSY', '14.40', '250.00', '1750.00', '6900.00', '2020-06', 0, '2020-06-29 16:56:25', 'upload', NULL, NULL),
(143, 'Press', '2FB22202111000 160 (M) Press 1st', 'Electronic', 'HR-F229/249', 'SEAT', '6.03', '597.00', '4179.00', '3000.00', '2020-07', 0, '2020-06-30 19:06:23', 'upload', NULL, NULL),
(144, 'Press', '2FB22202111000 160 (M) Press 2nd', 'Electronic', 'HR-F229/249', 'SEAT', '9.84', '366.00', '2562.00', '3000.00', '2020-07', 0, '2020-06-30 19:06:23', 'upload', NULL, NULL),
(145, 'Press', '2FB22202111000 150 (M) Press Final', 'Electronic', 'HR-F229/249', 'SEAT', '5.56', '648.00', '4536.00', '3000.00', '2020-07', 0, '2020-06-30 19:06:23', 'upload', NULL, NULL),
(146, 'Press', '2FB2313115300 250 (P) Press Final', 'Electronic', 'MJ-R16A', 'DOOR STOPPER PLATE R', '1.71', '2100.00', '14700.00', '700.00', '2020-07', 0, '2020-06-30 19:06:23', 'upload', NULL, NULL),
(147, 'Press', '2FB01320100500 200 (P) Press 1st', 'Electronic', 'AQRD-270/275', 'HINGE MIDLE ASSY', '1.60', '2257.00', '15799.00', '2541.00', '2020-07', 0, '2020-06-30 19:06:23', 'upload', NULL, NULL),
(148, 'Press', '2FB01320100500 80 (M) Press 2nd', 'Electronic', 'AQRD-270/275', 'HINGE MIDLE ASSY', '5.95', '605.00', '4235.00', '2541.00', '2020-07', 0, '2020-06-30 19:06:23', 'upload', NULL, NULL),
(149, 'Press', '2FB2132016100 250 (P) Press 1st', 'Electronic', 'AQR-13G', 'HINGE MIDDLE ASSY. 13G', '1.77', '2033.00', '14231.00', '1415.00', '2020-07', 0, '2020-06-30 19:06:23', 'upload', NULL, NULL),
(150, 'Press', '0060127401 150 (M) Press 1st', 'Electronic', 'AQR-13G', 'PLATE REINF REIL', '0.74', '4870.00', '34090.00', '3656.00', '2020-07', 0, '2020-06-30 19:06:23', 'upload', NULL, NULL),
(151, 'Press', 'BK6-F1138-00 250 (P) Press Final', 'Automotive', 'BK-6', 'GUSSET LH', '1.85', '1950.00', '13650.00', '2500.00', '2020-07', 0, '2020-06-30 19:06:23', 'upload', NULL, NULL),
(152, 'Press', 'BK6-F1139-00 250 (P) Press Final', 'Automotive', 'BK-6', 'GUSSET RH', '2.69', '1338.00', '9366.00', '2500.00', '2020-07', 0, '2020-06-30 19:06:23', 'upload', NULL, NULL),
(153, 'Press', 'B6H-F139F-00 160 (P) Press Final', 'Automotive', 'B6H1', 'BRKT 4', '0.85', '4236.00', '29652.00', '6000.00', '2020-07', 0, '2020-06-30 19:06:23', 'upload', NULL, NULL),
(154, 'Press', 'VTYL301-303^V 110 (P) Press 1st', 'Automotive', 'NYL306A', 'PLATE A', '1.09', '3300.00', '23100.00', '8000.00', '2020-07', 0, '2020-06-30 19:06:23', 'upload', NULL, NULL),
(155, 'Press', 'NYL302-301^V 110 (P) Press 1st', 'Automotive', 'NYL306A', 'PLATE B', '1.09', '3300.00', '23100.00', '8000.00', '2020-07', 0, '2020-06-30 19:06:23', 'upload', NULL, NULL),
(156, 'Press', '30ZYL306A^V 160 (P) Press 1st', 'Automotive', 'NYL306A', 'SEAT LOCK ASSY', '1.09', '3311.00', '23177.00', '8000.00', '2020-07', 0, '2020-06-30 19:06:23', 'upload', NULL, NULL),
(157, 'Press', '101060023100 200 (M) Press 1st', 'Electronic', 'A3224D', 'CHASSIS', '31.58', '114.00', '798.00', '440.00', '2020-07', 0, '2020-06-30 19:06:23', 'upload', NULL, NULL),
(158, 'Press', '101060023100 200 (M) Press 2nd', 'Electronic', 'A3224D', 'CHASSIS', '31.58', '114.00', '798.00', '440.00', '2020-07', 0, '2020-06-30 19:06:23', 'upload', NULL, NULL),
(159, 'Press', '101060023100 200 (M) Press 3rd', 'Electronic', 'A3224D', 'CHASSIS', '31.58', '114.00', '798.00', '440.00', '2020-07', 0, '2020-06-30 19:06:23', 'upload', NULL, NULL),
(160, 'Press', '101060023100 200 (M) Press Final', 'Electronic', 'A3224D', 'CHASSIS', '31.58', '114.00', '798.00', '440.00', '2020-07', 0, '2020-06-30 19:06:23', 'upload', NULL, NULL),
(161, 'Press', '18310-LIGG-T000-24 300 (P) Press 1st', 'Automotive', 'LIGG', 'CAP REAR INNER', '3.17', '1137.00', '7959.00', '1830.00', '2020-07', 0, '2020-06-30 19:06:23', 'upload', NULL, NULL),
(162, 'Press', '18310-LIGG-T000-24 160 (M) Press 2nd', 'Automotive', 'LIGG', 'CAP REAR INNER', '4.50', '800.00', '5600.00', '1830.00', '2020-07', 0, '2020-06-30 19:06:23', 'upload', NULL, NULL),
(163, 'Press', '50145-K18-9000-H1 80 (M) Press 1st', 'Automotive', 'K18', 'STAY A BATT', '2.33', '1542.00', '10794.00', '2900.00', '2020-07', 0, '2020-06-30 19:06:23', 'upload', NULL, NULL),
(164, 'Press', '50145-K18-9000-H1 80 (M) Press 2nd', 'Automotive', 'K18', 'STAY A BATT', '2.33', '1542.00', '10794.00', '2900.00', '2020-07', 0, '2020-06-30 19:06:24', 'upload', NULL, NULL),
(165, 'Press', '3118020220 200 (P) Press Final  ', 'Automotive', '', 'SH PLATE B1', '0.75', '4820.00', '33740.00', '7000.00', '2020-07', 0, '2020-06-30 19:06:24', 'upload', NULL, NULL),
(166, 'Press', '3118020230 300 (P) Press Final', 'Automotive', '', 'SH PLATE C1', '1.03', '3482.00', '24374.00', '3443.00', '2020-07', 0, '2020-06-30 19:06:24', 'upload', NULL, NULL),
(167, 'Press', '3118020240 250 (P) Press Final ', 'Automotive', '', 'SH PLATE D1', '1.40', '2577.00', '18039.00', '6000.00', '2020-07', 0, '2020-06-30 19:06:24', 'upload', NULL, NULL),
(168, 'Press', '101060022900 200 (M) Press 1st', 'Electronic', 'A3248D', 'CHASSIS', '56.25', '64.00', '448.00', '60.00', '2020-07', 0, '2020-07-01 08:37:39', 'upload', NULL, NULL),
(169, 'Press', '101060022900 200 (M) Press 2nd', 'Electronic', 'A3248D', 'CHASSIS', '56.25', '64.00', '448.00', '60.00', '2020-07', 0, '2020-07-01 08:37:39', 'upload', NULL, NULL),
(170, 'Press', '101060022900 200 (M) Press 3rd', 'Electronic', 'A3248D', 'CHASSIS', '56.25', '64.00', '448.00', '60.00', '2020-07', 0, '2020-07-01 08:37:39', 'upload', NULL, NULL),
(171, 'Press', '101060022900 200 (M) Press Final', 'Electronic', 'A3248D', 'CHASSIS', '56.25', '64.00', '448.00', '60.00', '2020-07', 0, '2020-07-01 08:37:39', 'upload', NULL, NULL),
(172, 'Press', '101060023000 200 (M) Press 1st', 'Electronic', 'P3248D', 'CHASSIS', '78.26', '46.00', '322.00', '15.00', '2020-07', 0, '2020-07-01 08:37:39', 'upload', NULL, NULL),
(173, 'Press', '101060023000 200 (M) Press 2nd', 'Electronic', 'P3248D', 'CHASSIS', '78.26', '46.00', '322.00', '15.00', '2020-07', 0, '2020-07-01 08:37:39', 'upload', NULL, NULL),
(174, 'Press', '101060023000 200 (M) Press 3rd', 'Electronic', 'P3248D', 'CHASSIS', '78.26', '46.00', '322.00', '15.00', '2020-07', 0, '2020-07-01 08:37:39', 'upload', NULL, NULL),
(175, 'Press', '101060023000 200 (M) Press Final', 'Electronic', 'P3248D', 'CHASSIS', '78.26', '46.00', '322.00', '15.00', '2020-07', 0, '2020-07-01 08:37:40', 'upload', NULL, NULL),
(176, 'Press', '101060022900 200 (M) Press 1st', 'Electronic', 'A3248D', 'CHASSIS', '56.25', '64.00', '448.00', '60.00', '2020-07', 0, '2020-07-01 08:38:09', 'upload', NULL, NULL),
(177, 'Press', '101060022900 200 (M) Press 2nd', 'Electronic', 'A3248D', 'CHASSIS', '56.25', '64.00', '448.00', '60.00', '2020-07', 0, '2020-07-01 08:38:09', 'upload', NULL, NULL),
(178, 'Press', '101060022900 200 (M) Press 3rd', 'Electronic', 'A3248D', 'CHASSIS', '56.25', '64.00', '448.00', '60.00', '2020-07', 0, '2020-07-01 08:38:09', 'upload', NULL, NULL),
(179, 'Press', '101060022900 200 (M) Press Final', 'Electronic', 'A3248D', 'CHASSIS', '56.25', '64.00', '448.00', '60.00', '2020-07', 0, '2020-07-01 08:38:09', 'upload', NULL, NULL),
(180, 'Press', '101060023000 200 (M) Press 1st', 'Electronic', 'P3248D', 'CHASSIS', '78.26', '46.00', '322.00', '15.00', '2020-07', 0, '2020-07-01 08:38:09', 'upload', NULL, NULL),
(181, 'Press', '101060023000 200 (M) Press 2nd', 'Electronic', 'P3248D', 'CHASSIS', '78.26', '46.00', '322.00', '15.00', '2020-07', 0, '2020-07-01 08:38:09', 'upload', NULL, NULL),
(182, 'Press', '101060023000 200 (M) Press 3rd', 'Electronic', 'P3248D', 'CHASSIS', '78.26', '46.00', '322.00', '15.00', '2020-07', 0, '2020-07-01 08:38:10', 'upload', NULL, NULL),
(183, 'Press', '101060023000 200 (M) Press Final', 'Electronic', 'P3248D', 'CHASSIS', '78.26', '46.00', '322.00', '15.00', '2020-07', 0, '2020-07-01 08:38:10', 'upload', NULL, NULL),
(184, 'HS Press', 'A036-4-01 Perforating Final', 'Automotive', '4\"', 'BUSHING 4\" x 3.5T 3HOLE KOTAK', '0.40', '9000.00', '63000.00', '50000.00', '2020-07', 0, '2020-07-01 13:19:42', 'upload', NULL, NULL),
(185, 'HS Press', 'A028-4-06 Perforating Final', 'Automotive', '4\"', 'BUSHING 4\" x 3T BLANK KOTAK', '0.40', '9000.00', '63000.00', '30000.00', '2020-07', 0, '2020-07-01 13:19:42', 'upload', NULL, NULL),
(186, 'HS Press', 'A028-4-04 Perforating Final', 'Automotive', '4\"', 'BUSHING 4\" X 2.5 BLANK - KOTAK', '0.40', '9000.00', '63000.00', '50000.00', '2020-07', 0, '2020-07-01 13:19:42', 'upload', NULL, NULL),
(187, 'HS Press', 'A036-4-01 Perforating Final', 'Automotive', '4\"', 'BUSHING 4\" x 3.5T 3HOLE KOTAK', '0.40', '9000.00', '63000.00', '50000.00', '2020-07', 0, '2020-07-01 13:19:53', 'upload', NULL, NULL),
(188, 'HS Press', 'A028-4-06 Perforating Final', 'Automotive', '4\"', 'BUSHING 4\" x 3T BLANK KOTAK', '0.40', '9000.00', '63000.00', '30000.00', '2020-07', 0, '2020-07-01 13:19:53', 'upload', NULL, NULL),
(189, 'HS Press', 'A028-4-04 Perforating Final', 'Automotive', '4\"', 'BUSHING 4\" X 2.5 BLANK - KOTAK', '0.40', '9000.00', '63000.00', '50000.00', '2020-07', 0, '2020-07-01 13:19:53', 'upload', NULL, NULL),
(190, 'Press', 'B145-97504 80 (M) Press 1st', 'Automotive', 'D40', 'BRACKET FR INNER SEAT TRACK LWR FR', '5.01', '719.00', '5033.00', '2500.00', '2020-07', 0, '2020-07-01 13:44:30', 'upload', NULL, NULL),
(191, 'Press', 'B145-97504 80 (M) Press 2nd', 'Automotive', 'D40', 'BRACKET FR INNER SEAT TRACK LWR FR', '4.29', '840.00', '5880.00', '2500.00', '2020-07', 0, '2020-07-01 13:44:30', 'upload', NULL, NULL),
(192, 'Press', 'B145-97504 200 (M) Press 3rd', 'Automotive', 'D40', 'BRACKET FR INNER SEAT TRACK LWR FR', '4.50', '800.00', '5600.00', '2500.00', '2020-07', 0, '2020-07-01 13:44:30', 'upload', NULL, NULL),
(193, 'Press', 'B145-97504 80 (M) Press 4th', 'Automotive', 'D40', 'BRACKET FR INNER SEAT TRACK LWR FR', '4.50', '800.00', '5600.00', '2500.00', '2020-07', 0, '2020-07-01 13:44:30', 'upload', NULL, NULL),
(194, 'Press', 'B145-97504 80 (M) Press Final', 'Automotive', 'D40', 'BRACKET FR INNER SEAT TRACK LWR FR', '5.56', '648.00', '4536.00', '2500.00', '2020-07', 0, '2020-07-01 13:44:30', 'upload', NULL, NULL),
(195, 'Press', '2FB2113107200 110 (P) Press 1st', 'Electronic', 'HR-F229/249', 'PLATE HINGE', '1.18', '3046.00', '21322.00', '4095.00', '2020-07', 0, '2020-07-01 17:05:11', 'upload', NULL, NULL),
(196, 'Press', 'B6H-F114X-00 110 (P) Press 1st', 'Automotive', 'B6H', 'PATCH', '0.61', '5940.00', '41580.00', '5037.00', '2020-07', 0, '2020-07-01 17:05:11', 'upload', NULL, NULL),
(197, 'Press', 'B6H-F114X-00 80 (M) Press Final', 'Automotive', 'B6H', 'PATCH', '0.61', '5940.00', '41580.00', '5037.00', '2020-07', 0, '2020-07-01 17:05:11', 'upload', NULL, NULL),
(198, 'Press', 'F161J-00 250 (P) Press 1st', 'Automotive', '2DP1', 'BRACKET 8', '1.71', '2100.00', '14700.00', '1083.00', '2020-07', 0, '2020-07-01 17:05:11', 'upload', NULL, NULL),
(199, 'Press', 'F161J-00 80 (M) Press Final', 'Automotive', '2DP1', 'BRACKET 8', '4.14', '869.00', '6083.00', '1083.00', '2020-07', 0, '2020-07-01 17:05:11', 'upload', NULL, NULL),
(200, 'Press', 'B6H-F197N-00 160 (P) Press Final', 'Automotive', 'B6H1', 'BRKT 7', '0.73', '4940.00', '34580.00', '10000.00', '2020-07', 0, '2020-07-01 17:05:11', 'upload', NULL, NULL),
(201, 'Press', 'B6H-F139L-00-0 200 (P) Press Final', 'Automotive', 'B6H1', 'BRKT 9', '0.79', '4584.00', '32088.00', '10919.00', '2020-07', 0, '2020-07-01 17:05:11', 'upload', NULL, NULL),
(202, 'Press', '30EG70-301^V1 60 (M) Press 1st', 'Automotive', '', 'CASE ENGINE STOP SWITCH', '5.33', '676.00', '4732.00', '1000.00', '2020-07', 0, '2020-07-01 17:05:11', 'upload', NULL, NULL),
(203, 'Press', '30EG70-301^V1 60 (M) Press 2nd', 'Automotive', '', 'CASE ENGINE STOP SWITCH', '7.74', '465.00', '3255.00', '1000.00', '2020-07', 0, '2020-07-01 17:05:11', 'upload', NULL, NULL),
(204, 'Press', '30EG70-301^V1 60 (M) Press 3rd', 'Automotive', '', 'CASE ENGINE STOP SWITCH', '5.43', '663.00', '4641.00', '1000.00', '2020-07', 0, '2020-07-01 17:05:11', 'upload', NULL, NULL),
(205, 'Press', '30ET1-303^V2 60 (M) Press 1st', 'Automotive', '', 'HINGE CAP', '3.33', '1080.00', '7560.00', '1000.00', '2020-07', 0, '2020-07-01 17:05:11', 'upload', NULL, NULL),
(206, 'Press', '30ET1-303^V2 60 (M) Press 2nd', 'Automotive', '', 'HINGE CAP', '2.39', '1507.00', '10549.00', '1000.00', '2020-07', 0, '2020-07-01 17:05:11', 'upload', NULL, NULL),
(207, 'Press', '30ET1-303^V2 60 (M) Press 3rd', 'Automotive', '', 'HINGE CAP', '4.31', '836.00', '5852.00', '1000.00', '2020-07', 0, '2020-07-01 17:05:11', 'upload', NULL, NULL),
(208, 'Press', '30ET1-303^V2 60 (M) Press 4th', 'Automotive', '', 'HINGE CAP', '3.84', '938.00', '6566.00', '1000.00', '2020-07', 0, '2020-07-01 17:05:11', 'upload', NULL, NULL),
(209, 'Press', '30ZHG507-305 110 (P) Press 1st', 'Automotive', 'AHM', 'BAND', '1.20', '3000.00', '21000.00', '12000.00', '2020-07', 0, '2020-07-01 17:05:11', 'upload', NULL, NULL),
(210, 'Press', 'ZYT004-301 60 (P) Press Final', 'Automotive', '', 'SPRING PLATE', '5.00', '720.00', '5040.00', '14000.00', '2020-07', 0, '2020-07-01 17:05:11', 'upload', NULL, NULL),
(211, 'Press', '3208030110 200 (P) Press 1st', 'Automotive', '5D9', '5D9 PRI CL OUT', '6.00', '600.00', '4200.00', '2200.00', '2020-07', 0, '2020-07-01 17:05:11', 'upload', NULL, NULL),
(212, 'Press', '3208030110 60 (M) Press 2nd', 'Automotive', '5D9', '5D9 PRI CL OUT', '6.00', '600.00', '4200.00', '2200.00', '2020-07', 0, '2020-07-01 17:05:11', 'upload', NULL, NULL),
(213, 'Press', '3208030110 110 (M) Press Final', 'Automotive', '5D9', '5D9 PRI CL OUT', '6.00', '600.00', '4200.00', '2200.00', '2020-07', 0, '2020-07-01 17:05:11', 'upload', NULL, NULL),
(214, 'Press', '3118020210 160 (P) Press Final', 'Automotive', '', 'SH PLATE A1', '0.41', '8835.00', '61845.00', '5000.00', '2020-07', 0, '2020-07-01 17:05:11', 'upload', NULL, NULL),
(215, 'Press', '3118020220 200 (P) Press Final  ', 'Automotive', '', 'SH PLATE B1', '0.75', '4820.00', '33740.00', '6400.00', '2020-07', 0, '2020-07-01 17:05:12', 'upload', NULL, NULL),
(216, 'Press', '3118020230 300 (P) Press Final', 'Automotive', '', 'SH PLATE C1', '1.03', '3482.00', '24374.00', '5000.00', '2020-07', 0, '2020-07-01 17:05:12', 'upload', NULL, NULL),
(217, 'Press', '3118020240 250 (P) Press Final ', 'Automotive', '', 'SH PLATE D1', '1.40', '2577.00', '18039.00', '6200.00', '2020-07', 0, '2020-07-01 17:05:12', 'upload', NULL, NULL),
(218, 'Press', '3127010100 300 (P) Press Final', 'Automotive', '09G', 'DRVE PLATE', '3.21', '1123.00', '7861.00', '3200.00', '2020-07', 0, '2020-07-01 17:05:12', 'upload', NULL, NULL),
(219, 'Powder Coating', 'HK0W2-380-0B-IN Powder Coating Final', 'Automotive', '', 'SPRING SILVER METALIC', '5.31', '678.00', '4746.00', '3000.00', '2020-07', 0, '2020-07-01 17:05:12', 'upload', NULL, NULL),
(220, 'Powder Coating', 'HK972-380-00-05 Powder Coating Final', 'Automotive', '', 'SPRING BLACK GLOSS EXTERIOR', '12.00', '300.00', '2100.00', '6000.00', '2020-07', 0, '2020-07-01 17:15:04', 'upload', NULL, NULL),
(221, 'Press', '30ZYL306A^V 160 (P) Press 1st', 'Automotive', 'NYL306A', 'SEAT LOCK ASSY', '1.09', '3311.00', '23177.00', '10000.00', '2020-07', 0, '2020-07-02 12:04:15', 'upload', NULL, NULL),
(222, 'Press', 'KM112-304 80 (P) Press Final', 'Automotive', '', 'INSERT PLATE', '5.00', '720.00', '5040.00', '5000.00', '2020-07', 0, '2020-07-02 12:04:15', 'upload', NULL, NULL),
(223, 'Press', 'B6H-F148W-00 160 (P) Press Final', 'Automotive', 'B6H', 'BRKT3', '5.00', '720.00', '5040.00', '9156.00', '2020-07', 0, '2020-07-02 13:03:54', 'upload', NULL, NULL),
(224, 'Press', 'B6H-113A-00 160 (P) Press Final', 'Automotive', 'B6H', 'BRACKET BOX', '0.73', '4940.00', '34580.00', '6000.00', '2020-07', 0, '2020-07-02 14:30:24', 'upload', NULL, NULL),
(225, 'Press', 'ZYT004-301 60 (P) Press Final', 'Automotive', '', 'SPRING PLATE', '5.00', '720.00', '5040.00', '14000.00', '2020-07', 0, '2020-07-02 14:30:24', 'upload', NULL, NULL),
(226, 'Press', 'AG79-304^V2 60 (P) Press 1st', 'Automotive', '5T0-H272G-V0', 'PLATE GUIDE 2', '5.00', '720.00', '5040.00', '400.00', '2020-07', 0, '2020-07-02 14:30:24', 'upload', NULL, NULL),
(227, 'HS Press', 'TT0081 Perforating 1st', 'Electronic', 'Terminal', 'TERMINAL', '0.08', '43295.00', '303065.00', '240000.00', '2020-07', 0, '2020-07-02 15:08:19', 'upload', NULL, NULL),
(228, 'Press', '2MP2114111200 150 (M) Press 1st', 'Electronic', 'HR-F229/249', 'REINFORCE L', '5.70', '632.00', '4424.00', '950.00', '2020-07', 0, '2020-07-02 15:08:19', 'upload', NULL, NULL),
(229, 'Press', '2MP2114111200 150 (M) Press 2nd', 'Electronic', 'HR-F229/249', 'REINFORCE L', '6.28', '573.00', '4011.00', '950.00', '2020-07', 0, '2020-07-02 15:08:19', 'upload', NULL, NULL),
(230, 'Press', '2MP2114111200 150 (M) Press 3rd', 'Electronic', 'HR-F229/249', 'REINFORCE L', '6.14', '586.00', '4102.00', '950.00', '2020-07', 0, '2020-07-02 15:08:19', 'upload', NULL, NULL),
(231, 'Press', '2MP2114111300 150 (M) Press 1st', 'Electronic', 'HR-F229/249', 'REINFORCE R', '5.70', '632.00', '4424.00', '950.00', '2020-07', 0, '2020-07-02 15:08:19', 'upload', NULL, NULL),
(232, 'Press', '2MP2114111300 150 (M) Press 2nd', 'Electronic', 'HR-F229/249', 'REINFORCE R', '6.28', '573.00', '4011.00', '950.00', '2020-07', 0, '2020-07-02 15:08:19', 'upload', NULL, NULL),
(233, 'Press', '2MP2114111300 150 (M) Press 3rd', 'Electronic', 'HR-F229/249', 'REINFORCE R', '6.15', '585.00', '4095.00', '950.00', '2020-07', 0, '2020-07-02 15:08:20', 'upload', NULL, NULL),
(234, 'Press', '2FB22202111000 160 (M) Press 1st', 'Electronic', 'HR-F229/249', 'SEAT', '6.03', '597.00', '4179.00', '3500.00', '2020-07', 0, '2020-07-02 15:08:20', 'upload', NULL, NULL),
(235, 'Press', '2FB22202111000 160 (M) Press 2nd', 'Electronic', 'HR-F229/249', 'SEAT', '9.84', '366.00', '2562.00', '3500.00', '2020-07', 0, '2020-07-02 15:08:20', 'upload', NULL, NULL),
(236, 'Press', '2FB22202111000 150 (M) Press Final', 'Electronic', 'HR-F229/249', 'SEAT', '5.56', '648.00', '4536.00', '3500.00', '2020-07', 0, '2020-07-02 15:08:20', 'upload', NULL, NULL),
(237, 'Press', '2MP0132011600 200 (P) Press 1st', 'Electronic', 'AQRD-270/275', 'HINGE BOTTOM ASSY', '1.71', '2100.00', '14700.00', '4733.00', '2020-07', 0, '2020-07-02 15:08:20', 'upload', NULL, NULL),
(238, 'Press', '2MP0132011600 60 (M) Press 2nd', 'Electronic', 'AQRD-270/275', 'HINGE BOTTOM ASSY', '6.21', '580.00', '4060.00', '4733.00', '2020-07', 0, '2020-07-02 15:08:20', 'upload', NULL, NULL),
(239, 'Press', '2MP2530810000 110 (P) Press Final', 'Electronic', 'AQR-13G', 'SUPPORT PWB', '7.41', '486.00', '3402.00', '2000.00', '2020-07', 0, '2020-07-02 15:08:20', 'upload', NULL, NULL),
(240, 'Press', 'B6H-F148X-00 160 (P) Press 1st', 'Automotive', 'B6H1', 'BRKT 4', '0.85', '4236.00', '29652.00', '14630.00', '2020-07', 0, '2020-07-02 15:08:20', 'upload', NULL, NULL),
(241, 'Press', 'B6H-F139L-00-0 200 (P) Press Final', 'Automotive', 'B6H1', 'BRKT 9', '0.79', '4584.00', '32088.00', '10919.00', '2020-07', 0, '2020-07-02 15:08:20', 'upload', NULL, NULL),
(242, 'Press', '30ZHG507-301 60 (P) Press 1st', 'Automotive', 'AHM', 'LEVER', '0.56', '6400.00', '44800.00', '5000.00', '2020-07', 0, '2020-07-02 15:08:20', 'upload', NULL, NULL),
(243, 'Press', 'TL333-301 110 (P) Press 1st', 'Automotive', 'TL333', 'PLATE LEVER', '0.98', '3660.00', '25620.00', '10074.00', '2020-07', 0, '2020-07-02 15:08:20', 'upload', NULL, NULL),
(244, 'Press', 'ZYM024-304 60 (P) Press 1st', 'Automotive', '', 'PLATE', '5.00', '720.00', '5040.00', '10000.00', '2020-07', 0, '2020-07-02 15:08:20', 'upload', NULL, NULL),
(245, 'Press', '18310-LIGG-T000-23 300 (P) Press 1st', 'Automotive', 'LIGG', 'CAP REAR ASSY', '2.74', '1315.00', '9205.00', '5978.00', '2020-07', 0, '2020-07-02 15:08:20', 'upload', NULL, NULL),
(246, 'Press', '18310-LIGG-T000-23 160 (M) Press 2nd', 'Automotive', 'LIGG', 'CAP REAR ASSY', '5.39', '668.00', '4676.00', '5978.00', '2020-07', 0, '2020-07-02 15:08:20', 'upload', NULL, NULL),
(247, 'Press', '18310-LIGG-T000-24 300 (P) Press 1st', 'Automotive', 'LIGG', 'CAP REAR INNER', '3.17', '1137.00', '7959.00', '5758.00', '2020-07', 0, '2020-07-02 15:08:20', 'upload', NULL, NULL),
(248, 'Press', '18310-LIGG-T000-24 160 (M) Press 2nd', 'Automotive', 'LIGG', 'CAP REAR INNER', '4.50', '800.00', '5600.00', '5758.00', '2020-07', 0, '2020-07-02 15:08:20', 'upload', NULL, NULL),
(249, 'Press', '18310-LEIJ-A702-35 200 (P) Press 1st', 'Automotive', 'LEIJ', 'STAY A TAIL COVER', '1.71', '2100.00', '14700.00', '8000.00', '2020-07', 0, '2020-07-02 15:08:20', 'upload', NULL, NULL),
(250, 'Press', '7501208101 160 (P) Press 1st', 'Automotive', '5D9', 'CORE PLATE', '1.44', '2507.00', '17547.00', '3000.00', '2020-07', 0, '2020-07-02 15:08:20', 'upload', NULL, NULL),
(251, 'Press', '3111010201 160 (P) Press 1st', 'Automotive', '5D9', 'DRVE PLATE', '2.10', '1718.00', '12026.00', '3000.00', '2020-07', 0, '2020-07-02 15:08:20', 'upload', NULL, NULL),
(252, 'Press', '3118020210 160 (P) Press Final', 'Automotive', '', 'SH PLATE A1', '0.41', '8835.00', '61845.00', '7000.00', '2020-07', 0, '2020-07-02 15:08:20', 'upload', NULL, NULL),
(253, 'Press', '3118020220 200 (P) Press Final  ', 'Automotive', '', 'SH PLATE B1', '0.75', '4820.00', '33740.00', '5000.00', '2020-07', 0, '2020-07-02 15:08:20', 'upload', NULL, NULL),
(254, 'Press', '3118020230 300 (P) Press Final', 'Automotive', '', 'SH PLATE C1', '1.03', '3482.00', '24374.00', '6602.00', '2020-07', 0, '2020-07-02 15:08:21', 'upload', NULL, NULL),
(255, 'Press', '3118020250 200 (P) Press Final', 'Automotive', '', 'SH PLATE E1', '0.61', '5912.00', '41384.00', '5000.00', '2020-07', 0, '2020-07-02 15:08:21', 'upload', NULL, NULL),
(256, 'HS Press', 'TT0081 Perforating 1st', 'Electronic', 'Terminal', 'TERMINAL', '0.08', '43295.00', '303065.00', '200000.00', '2020-07', 0, '2020-07-03 16:56:18', 'upload', NULL, NULL),
(257, 'Press', '2MP2223121000 160 (M) Press 1st', 'Electronic', 'AQR-13G', 'F CONTAINER RAIL L', '7.02', '513.00', '3591.00', '1854.00', '2020-07', 0, '2020-07-03 16:56:18', 'upload', NULL, NULL),
(258, 'Press', '2MP2223121000 160 (M) Press 2nd', 'Electronic', 'AQR-13G', 'F CONTAINER RAIL L', '7.09', '508.00', '3556.00', '1854.00', '2020-07', 0, '2020-07-03 16:56:18', 'upload', NULL, NULL),
(259, 'Press', '2MP2223121000 200 (M) Press 3rd', 'Electronic', 'AQR-13G', 'F CONTAINER RAIL L', '6.64', '542.00', '3794.00', '1854.00', '2020-07', 0, '2020-07-03 16:56:18', 'upload', NULL, NULL),
(260, 'Press', '2MP2223121000 200 (M) Press 4th', 'Electronic', 'AQR-13G', 'F CONTAINER RAIL L', '7.05', '511.00', '3577.00', '1854.00', '2020-07', 0, '2020-07-03 16:56:18', 'upload', NULL, NULL),
(261, 'Press', '2MP2223121000 200 (M) Press 5th', 'Electronic', 'AQR-13G', 'F CONTAINER RAIL L', '7.02', '513.00', '3591.00', '1854.00', '2020-07', 0, '2020-07-03 16:56:18', 'upload', NULL, NULL),
(262, 'Press', '2MP2223121100 200 (M) Press 1st', 'Electronic', 'AQR-13G', 'F CONTAINER RAIL R', '6.99', '515.00', '3605.00', '1854.00', '2020-07', 0, '2020-07-03 16:56:18', 'upload', NULL, NULL),
(263, 'Press', '2MP2223121100 200 (M) Press 2nd', 'Electronic', 'AQR-13G', 'F CONTAINER RAIL R', '7.09', '508.00', '3556.00', '1854.00', '2020-07', 0, '2020-07-03 16:56:18', 'upload', NULL, NULL),
(264, 'Press', '2MP2223121100 200 (M) Press 3rd', 'Electronic', 'AQR-13G', 'F CONTAINER RAIL R', '6.64', '542.00', '3794.00', '1854.00', '2020-07', 0, '2020-07-03 16:56:18', 'upload', NULL, NULL),
(265, 'Press', '2MP2223121100 200 (M) Press 4th', 'Electronic', 'AQR-13G', 'F CONTAINER RAIL R', '7.05', '511.00', '3577.00', '1854.00', '2020-07', 0, '2020-07-03 16:56:18', 'upload', NULL, NULL),
(266, 'Press', '2MP2223121100 200 (M) Press 5th', 'Electronic', 'AQR-13G', 'F CONTAINER RAIL R', '7.05', '511.00', '3577.00', '1854.00', '2020-07', 0, '2020-07-03 16:56:18', 'upload', NULL, NULL),
(267, 'Press', '0060528894 150 (M) Press 1st', 'Electronic', 'AQRD-270/275', 'PLATE REINF R', '4.22', '854.00', '5978.00', '2763.00', '2020-07', 0, '2020-07-03 16:56:18', 'upload', NULL, NULL),
(268, 'Press', '0060528894 150 (M) Press 2nd', 'Electronic', 'AQRD-270/275', 'PLATE REINF R', '5.62', '641.00', '4487.00', '2763.00', '2020-07', 0, '2020-07-03 16:56:18', 'upload', NULL, NULL),
(269, 'Press', '0060528894 150 (M) Press 3rd', 'Electronic', 'AQRD-270/275', 'PLATE REINF R', '6.67', '540.00', '3780.00', '2763.00', '2020-07', 0, '2020-07-03 16:56:18', 'upload', NULL, NULL),
(270, 'Press', '0060528895 150 (M) Press 1st', 'Electronic', 'AQRD-270/275', 'PLATE REINF L', '4.22', '854.00', '5978.00', '2763.00', '2020-07', 0, '2020-07-03 16:56:19', 'upload', NULL, NULL),
(271, 'Press', '0060528895 150 (M) Press 2nd', 'Electronic', 'AQRD-270/275', 'PLATE REINF L', '5.62', '641.00', '4487.00', '2763.00', '2020-07', 0, '2020-07-03 16:56:19', 'upload', NULL, NULL),
(272, 'Press', '0060528895 150 (M) Press 3rd', 'Electronic', 'AQRD-270/275', 'PLATE REINF L', '6.67', '540.00', '3780.00', '2763.00', '2020-07', 0, '2020-07-03 16:56:19', 'upload', NULL, NULL),
(273, 'Press', '0060127401 150 (M) Press 1st', 'Electronic', 'AQR-13G', 'PLATE REINF REIL', '0.74', '4870.00', '34090.00', '3067.00', '2020-07', 0, '2020-07-03 16:56:19', 'upload', NULL, NULL),
(274, 'Press', '2MS-F7445-00 110 (P) Press 1st', 'Automotive', '2MS', 'PLATE 1', '4.19', '859.00', '6013.00', '410.00', '2020-07', 0, '2020-07-03 16:56:19', 'upload', NULL, NULL),
(275, 'Press', '2MS-F7445-00 80 (M) Press 2nd', 'Automotive', '2MS', 'PLATE 1', '5.94', '606.00', '4242.00', '410.00', '2020-07', 0, '2020-07-03 16:56:19', 'upload', NULL, NULL),
(276, 'Press', '2MS-F7445-00 80 (M) Press Final', 'Automotive', '2MS', 'PLATE 1', '7.36', '489.00', '3423.00', '410.00', '2020-07', 0, '2020-07-03 16:56:19', 'upload', NULL, NULL),
(277, 'Press', '2MS-1 80 (P) Press Final', 'Automotive', '2MS', 'WEIGHT 1', '3.14', '1146.00', '8022.00', '387.00', '2020-07', 0, '2020-07-03 16:56:19', 'upload', NULL, NULL),
(278, 'Press', '2MS-2 80 (M) Press Final', 'Automotive', '2MS', 'WEIGHT 2', '2.11', '1705.00', '11935.00', '444.00', '2020-07', 0, '2020-07-03 16:56:19', 'upload', NULL, NULL),
(279, 'Press', 'F11117-00 160 (P) Press 1st', 'Automotive', '2DP', 'SLEEVE 1', '1.09', '3300.00', '23100.00', '6923.00', '2020-07', 0, '2020-07-03 16:56:19', 'upload', NULL, NULL),
(280, 'Press', 'F11117-00 60 (M) Press Final', 'Automotive', '2DP', 'SLEEVE 1', '4.62', '780.00', '5460.00', '6923.00', '2020-07', 0, '2020-07-03 16:56:19', 'upload', NULL, NULL),
(281, 'Press', 'B6H-F114X-00 110 (P) Press 1st', 'Automotive', 'B6H', 'PATCH', '0.61', '5940.00', '41580.00', '4905.00', '2020-07', 0, '2020-07-03 16:56:19', 'upload', NULL, NULL),
(282, 'Press', 'B6H-F114X-00 80 (M) Press Final', 'Automotive', 'B6H', 'PATCH', '0.61', '5940.00', '41580.00', '4905.00', '2020-07', 0, '2020-07-03 16:56:19', 'upload', NULL, NULL),
(283, 'Press', '30ZHG507-301 60 (P) Press 1st', 'Automotive', 'AHM', 'LEVER', '0.56', '6400.00', '44800.00', '5000.00', '2020-07', 0, '2020-07-03 16:56:19', 'upload', NULL, NULL),
(284, 'Press', 'ZYM024-304 60 (P) Press 1st', 'Automotive', '', 'PLATE', '5.00', '720.00', '5040.00', '10000.00', '2020-07', 0, '2020-07-03 16:56:19', 'upload', NULL, NULL),
(285, 'Press', 'KM112-304 80 (P) Press Final', 'Automotive', '', 'INSERT PLATE', '5.00', '720.00', '5040.00', '5000.00', '2020-07', 0, '2020-07-03 16:56:19', 'upload', NULL, NULL),
(286, 'Press', '18315-LIGG-T000-H1 250 (P) Press 1st', 'Automotive', 'LIGG', 'STAY MUFFLER', '2.36', '1523.00', '10661.00', '3402.00', '2020-07', 0, '2020-07-03 16:56:19', 'upload', NULL, NULL),
(287, 'Press', '3118020220 200 (P) Press Final  ', 'Automotive', '', 'SH PLATE B1', '0.75', '4820.00', '33740.00', '4000.00', '2020-07', 0, '2020-07-03 16:56:19', 'upload', NULL, NULL),
(288, 'Press', '3118020230 300 (P) Press Final', 'Automotive', '', 'SH PLATE C1', '1.03', '3482.00', '24374.00', '6200.00', '2020-07', 0, '2020-07-03 16:56:19', 'upload', NULL, NULL),
(289, 'Press', '3118020240 250 (P) Press Final ', 'Automotive', '', 'SH PLATE D1', '1.40', '2577.00', '18039.00', '10000.00', '2020-07', 0, '2020-07-03 16:56:19', 'upload', NULL, NULL),
(290, 'Press', '3118020250 200 (P) Press Final', 'Automotive', '', 'SH PLATE E1', '0.61', '5912.00', '41384.00', '10000.00', '2020-07', 0, '2020-07-03 16:56:19', 'upload', NULL, NULL);
INSERT INTO `itx_t_master_plan` (`id`, `department`, `production_part_no`, `product`, `model`, `description`, `cycle`, `capaHour`, `capaDay`, `sum`, `yearDate`, `status_sent`, `createDate`, `createUser`, `editDate`, `editUser`) VALUES
(291, 'Press', '23901-BZ120 150 (P) Press Final', 'Automotive', 'D40L', 'BRACKET', '41.38', '87.00', '609.00', '250.00', '2020-07', 0, '2020-07-03 16:56:19', 'upload', NULL, NULL),
(292, 'Powder Coating', 'HK972-380-00-05 Powder Coating Final', 'Automotive', '', 'SPRING BLACK GLOSS EXTERIOR', '5.31', '678.00', '4746.00', '9000.00', '2020-07', 0, '2020-07-03 16:56:19', 'upload', NULL, NULL),
(293, 'Assembly', '30ZYL306A^V Assy Final', 'Automotive', 'NYL306A', 'SEAT LOCK ASSY', '14.40', '250.00', '1750.00', '2300.00', '2020-07', 0, '2020-07-03 16:56:19', 'upload', NULL, NULL),
(294, 'Assembly', '30ZYL306A^V Assy Final', 'Automotive', 'NYL306A', 'SEAT LOCK ASSY', '14.40', '250.00', '1750.00', '2300.00', '2020-07', 0, '2020-07-03 17:06:43', 'upload', NULL, NULL),
(295, 'Press', '2FB2113110100 110 (P) Press 1st', 'Electronic', 'AQR-16D/18D', 'PLATE MTG SUPPORT', '0.86', '4200.00', '29400.00', '3961.00', '2020-07', 0, '2020-07-06 09:15:47', 'upload', NULL, NULL),
(296, 'Press', '2FB2113110100 60 (M) Press 2nd', 'Electronic', 'AQR-16D/18D', 'PLATE MTG SUPPORT', '5.00', '720.00', '5040.00', '3961.00', '2020-07', 0, '2020-07-06 09:15:47', 'upload', NULL, NULL),
(297, 'HS Press', 'TT0081 Perforating 1st', 'Electronic', 'Terminal', 'TERMINAL', '0.08', '43295.00', '303065.00', '210000.00', '2020-07', 0, '2020-07-06 09:52:03', 'upload', NULL, NULL),
(298, 'Press', '3111010201 160 (P) Press 1st', 'Automotive', '5D9', 'DRVE PLATE', '2.10', '1718.00', '12026.00', '2500.00', '2020-07', 0, '2020-07-06 09:52:03', 'upload', NULL, NULL),
(299, 'HS Press', 'CL-61-2 Perforating Final', 'Automotive', 'CL-61', 'TUMBLER 2 (L 3.0)', '0.21', '17041.00', '119287.00', '50000.00', '2020-07', 0, '2020-07-06 18:22:25', 'upload', NULL, NULL),
(300, 'HS Press', 'CL-61-3 Perforating Final', 'Automotive', 'CL-61', 'TUMBLER 3 (L 3.5)', '0.56', '6408.00', '44856.00', '50000.00', '2020-07', 0, '2020-07-06 18:22:25', 'upload', NULL, NULL),
(301, 'Press', 'MK452907 160 (P) Press Final', 'Automotive', 'BRACKET PIPE', 'BRACKET PIPE', '1.71', '2100.00', '14700.00', '1465.00', '2020-07', 0, '2020-07-06 18:22:25', 'upload', NULL, NULL),
(302, 'Press', '2FB01320100500 200 (P) Press 1st', 'Electronic', 'AQRD-270/275', 'HINGE MIDLE ASSY', '1.60', '2257.00', '15799.00', '4000.00', '2020-07', 0, '2020-07-06 18:22:25', 'upload', NULL, NULL),
(303, 'Press', '2FB01320100500 80 (M) Press 2nd', 'Electronic', 'AQRD-270/275', 'HINGE MIDLE ASSY', '5.95', '605.00', '4235.00', '4000.00', '2020-07', 0, '2020-07-06 18:22:25', 'upload', NULL, NULL),
(304, 'Press', '2MP2220210100 150 (M) Press 1st', 'Electronic', 'AQR-13G', 'SEAT AQR-13G', '7.96', '452.00', '3164.00', '3000.00', '2020-07', 0, '2020-07-06 18:22:25', 'upload', NULL, NULL),
(305, 'Press', '2MP2220210100 150 (M) Press 2nd', 'Electronic', 'AQR-13G', 'SEAT AQR-13G', '8.67', '415.00', '2905.00', '3000.00', '2020-07', 0, '2020-07-06 18:22:25', 'upload', NULL, NULL),
(306, 'Press', '2MP2220210100 160 (M) Press Final', 'Electronic', 'AQR-13G', 'SEAT AQR-13G', '6.55', '550.00', '3850.00', '3000.00', '2020-07', 0, '2020-07-06 18:22:25', 'upload', NULL, NULL),
(307, 'Press', '2671803 150 (M) Press 1st', 'Automotive', '2XP', 'KNOB BRKT UPR RHRR BACK', '3.60', '1000.00', '7000.00', '1500.00', '2020-07', 0, '2020-07-06 18:22:25', 'upload', NULL, NULL),
(308, 'Press', '2671803 150 (M) Press 2nd', 'Automotive', '2XP', 'KNOB BRKT UPR RHRR BACK', '8.89', '405.00', '2835.00', '1500.00', '2020-07', 0, '2020-07-06 18:22:25', 'upload', NULL, NULL),
(309, 'Press', '2671803 150 (M) Press 3rd', 'Automotive', '2XP', 'KNOB BRKT UPR RHRR BACK', '10.00', '360.00', '2520.00', '1500.00', '2020-07', 0, '2020-07-06 18:22:25', 'upload', NULL, NULL),
(310, 'Press', '2671803 150 (M) Press 4th', 'Automotive', '2XP', 'KNOB BRKT UPR RHRR BACK', '10.00', '360.00', '2520.00', '1500.00', '2020-07', 0, '2020-07-06 18:22:25', 'upload', NULL, NULL),
(311, 'Press', '2671803 150 (M) Press Final', 'Automotive', '2XP', 'KNOB BRKT UPR RHRR BACK', '12.08', '298.00', '2086.00', '1500.00', '2020-07', 0, '2020-07-06 18:22:25', 'upload', NULL, NULL),
(312, 'Press', '2672618 150 (M) Press 1st', 'Automotive', '2XP', 'KNOB BRKT UPR LHRR BACK', '4.50', '800.00', '5600.00', '1500.00', '2020-07', 0, '2020-07-06 18:22:25', 'upload', NULL, NULL),
(313, 'Press', '2672618 150 (M) Press 2nd', 'Automotive', '2XP', 'KNOB BRKT UPR LHRR BACK', '8.89', '405.00', '2835.00', '1500.00', '2020-07', 0, '2020-07-06 18:22:26', 'upload', NULL, NULL),
(314, 'Press', '2672618 150 (M) Press 3rd', 'Automotive', '2XP', 'KNOB BRKT UPR LHRR BACK', '10.00', '360.00', '2520.00', '1500.00', '2020-07', 0, '2020-07-06 18:22:26', 'upload', NULL, NULL),
(315, 'Press', '2672618 150 (M) Press 4th', 'Automotive', '2XP', 'KNOB BRKT UPR LHRR BACK', '10.00', '360.00', '2520.00', '1500.00', '2020-07', 0, '2020-07-06 18:22:26', 'upload', NULL, NULL),
(316, 'Press', '2672618 150 (M) Press Final', 'Automotive', '2XP', 'KNOB BRKT UPR LHRR BACK', '9.65', '373.00', '2611.00', '1500.00', '2020-07', 0, '2020-07-06 18:22:26', 'upload', NULL, NULL),
(317, 'Press', '82715-OKD50 160 (M) Press 1st', 'Automotive', '650-A', 'BRKT WIRRING HARDNESS CLAMP', '4.72', '762.00', '5334.00', '900.00', '2020-07', 0, '2020-07-06 18:22:26', 'upload', NULL, NULL),
(318, 'Press', '82715-OKD50 150 (M) Press 2nd', 'Automotive', '650-A', 'BRKT WIRRING HARDNESS CLAMP', '6.34', '568.00', '3976.00', '900.00', '2020-07', 0, '2020-07-06 18:22:26', 'upload', NULL, NULL),
(319, 'Press', '82715-OKD50 150 (M) Press Final', 'Automotive', '650-A', 'BRKT WIRRING HARDNESS CLAMP', '6.34', '568.00', '3976.00', '900.00', '2020-07', 0, '2020-07-06 18:22:26', 'upload', NULL, NULL),
(320, 'Press', 'F118U-00 300 (P) Press 1st', 'Automotive', '2DP1', 'BRACKET 3', '1.71', '2100.00', '14700.00', '2900.00', '2020-07', 0, '2020-07-06 18:22:26', 'upload', NULL, NULL),
(321, 'Press', 'F118U-00 80 (M) Press Final', 'Automotive', '2DP1', 'BRACKET 3', '5.18', '695.00', '4865.00', '2900.00', '2020-07', 0, '2020-07-06 18:22:26', 'upload', NULL, NULL),
(322, 'Press', 'F112L-00 300 (P) Press 1st', 'Automotive', '2DP1', 'BRACKET 5', '1.34', '2681.00', '18767.00', '2200.00', '2020-07', 0, '2020-07-06 18:22:26', 'upload', NULL, NULL),
(323, 'Press', 'F112L-00 160 (M) Press Final', 'Automotive', '2DP1', 'BRACKET 5', '5.76', '625.00', '4375.00', '2200.00', '2020-07', 0, '2020-07-06 18:22:26', 'upload', NULL, NULL),
(324, 'Press', 'F161J-00 250 (P) Press 1st', 'Automotive', '2DP1', 'BRACKET 8', '1.71', '2100.00', '14700.00', '2700.00', '2020-07', 0, '2020-07-06 18:22:26', 'upload', NULL, NULL),
(325, 'Press', 'F161J-00 80 (M) Press Final', 'Automotive', '2DP1', 'BRACKET 8', '4.14', '869.00', '6083.00', '2700.00', '2020-07', 0, '2020-07-06 18:22:26', 'upload', NULL, NULL),
(326, 'Press', 'B6H-F139F-00 160 (P) Press Final', 'Automotive', 'B6H1', 'BRKT 4', '0.85', '4236.00', '29652.00', '6000.00', '2020-07', 0, '2020-07-06 18:22:26', 'upload', NULL, NULL),
(327, 'Press', 'B6H-F197N-00 160 (P) Press Final', 'Automotive', 'B6H1', 'BRKT 7', '0.73', '4940.00', '34580.00', '2800.00', '2020-07', 0, '2020-07-06 18:22:26', 'upload', NULL, NULL),
(328, 'Press', 'B6H-F161J-00-1 160 (P) Press Final', 'Automotive', 'B6H1', 'BRKT 8', '0.68', '5318.00', '37226.00', '1200.00', '2020-07', 0, '2020-07-06 18:22:26', 'upload', NULL, NULL),
(329, 'Press', 'B6H-F148W-00 160 (P) Press 1st', 'Automotive', 'B6H', 'BRKT 3', '2.84', '1267.00', '8867.00', '13689.00', '2020-07', 0, '2020-07-06 18:22:26', 'upload', NULL, NULL),
(330, 'Press', 'TL333-301 110 (P) Press 1st', 'Automotive', 'TL333', 'PLATE LEVER', '0.98', '3660.00', '25620.00', '6000.00', '2020-07', 0, '2020-07-06 18:22:26', 'upload', NULL, NULL),
(331, 'Press', '30ZYM023-303 60 (P) Press 1st', 'Automotive', '', 'PLATE', '5.00', '720.00', '5040.00', '5000.00', '2020-07', 0, '2020-07-06 18:22:26', 'upload', NULL, NULL),
(332, 'Press', '30ZYM023-303 60 (M) Press Final', 'Automotive', '', 'PLATE', '5.00', '720.00', '5040.00', '5000.00', '2020-07', 0, '2020-07-06 18:22:26', 'upload', NULL, NULL),
(333, 'Press', '55192 - BZ180 160 (M) Press 1st', 'Automotive', 'D21/D22', 'BRACKET JUNCTION BLOK MOUNTING', '5.78', '623.00', '4361.00', '3088.00', '2020-07', 0, '2020-07-06 18:22:26', 'upload', NULL, NULL),
(334, 'Press', '55192 - BZ180 200 (M) Press 2nd', 'Automotive', 'D21/D22', 'BRACKET JUNCTION BLOK MOUNTING', '5.80', '621.00', '4347.00', '3088.00', '2020-07', 0, '2020-07-06 18:22:26', 'upload', NULL, NULL),
(335, 'Press', '55192 - BZ180 200 (M) Press 3rd', 'Automotive', 'D21/D22', 'BRACKET JUNCTION BLOK MOUNTING', '6.36', '566.00', '3962.00', '3088.00', '2020-07', 0, '2020-07-06 18:22:26', 'upload', NULL, NULL),
(336, 'Press', '55192 - BZ180 160 (M) Press Final', 'Automotive', 'D21/D22', 'BRACKET JUNCTION BLOK MOUNTING', '9.45', '381.00', '2667.00', '3088.00', '2020-07', 0, '2020-07-06 18:22:27', 'upload', NULL, NULL),
(337, 'Press', '18310-LA1A-N001-H1 80 (P) Press 1st', 'Automotive', 'LA1A/KOJA', 'STAY MUFFLER PROTECTOR B', '5.00', '720.00', '5040.00', '3300.00', '2020-07', 0, '2020-07-06 18:22:27', 'upload', NULL, NULL),
(338, 'Press', '3208030110 200 (P) Press 1st', 'Automotive', '5D9', '5D9 PRI CL OUT', '6.00', '600.00', '4200.00', '3052.00', '2020-07', 0, '2020-07-06 18:22:27', 'upload', NULL, NULL),
(339, 'Press', '3208030110 60 (M) Press 2nd', 'Automotive', '5D9', '5D9 PRI CL OUT', '6.00', '600.00', '4200.00', '3052.00', '2020-07', 0, '2020-07-06 18:22:27', 'upload', NULL, NULL),
(340, 'Press', '3208030110 110 (M) Press Final', 'Automotive', '5D9', '5D9 PRI CL OUT', '6.00', '600.00', '4200.00', '3052.00', '2020-07', 0, '2020-07-06 18:22:27', 'upload', NULL, NULL),
(341, 'Press', '3118020220 200 (P) Press Final  ', 'Automotive', '', 'SH PLATE B1', '0.75', '4820.00', '33740.00', '6904.00', '2020-07', 0, '2020-07-06 18:22:27', 'upload', NULL, NULL),
(342, 'Press', '3118020230 300 (P) Press Final', 'Automotive', '', 'SH PLATE C1', '1.03', '3482.00', '24374.00', '6440.00', '2020-07', 0, '2020-07-06 18:22:27', 'upload', NULL, NULL),
(343, 'Press', '3118020240 250 (P) Press Final ', 'Automotive', '', 'SH PLATE D1', '1.40', '2577.00', '18039.00', '10000.00', '2020-07', 0, '2020-07-06 18:22:27', 'upload', NULL, NULL),
(344, 'Press', '3127010100 300 (P) Press Final', 'Automotive', '09G', 'DRVE PLATE', '3.21', '1123.00', '7861.00', '1963.00', '2020-07', 0, '2020-07-06 18:22:27', 'upload', NULL, NULL),
(345, 'Press', 'ZHL301-304 60 (P) Press Final', '', '', 'CAP BODY', '2.14', '1681.00', '11767.00', '2500.00', '2020-07', 0, '2020-07-06 18:22:27', 'upload', NULL, NULL),
(346, 'Press', 'B6H-F119V-00 160 (P) Press Final', 'Automotive', 'B6H', 'BRACKET RH', '1.40', '2577.00', '18039.00', '10200.00', '2020-07', 0, '2020-07-06 18:22:27', 'upload', NULL, NULL),
(347, 'Press', 'B6H-F119W-00 160 (P) Press Final', 'Automotive', 'B6H', 'BRACKET LH', '1.40', '2577.00', '18039.00', '10200.00', '2020-07', 0, '2020-07-06 18:22:27', 'upload', NULL, NULL),
(348, 'Powder Coating', '2MP2223121000 Spray Final', 'Electronic', 'AQR-13G', 'F CONTAINER RAIL L', '7.84', '459.00', '3213.00', '2000.00', '2020-07', 0, '2020-07-06 18:22:27', 'upload', NULL, NULL),
(349, 'Powder Coating', '2MP2223121100 Spray Final', 'Electronic', 'AQR-13G', 'F CONTAINER RAIL R', '4.95', '728.00', '5096.00', '2000.00', '2020-07', 0, '2020-07-06 18:22:27', 'upload', NULL, NULL),
(350, 'Assembly', '30ZYL306A^V Assy Final', 'Automotive', 'NYL306A', 'SEAT LOCK ASSY', '14.40', '250.00', '1750.00', '2300.00', '2020-07', 0, '2020-07-06 18:22:27', 'upload', NULL, NULL),
(351, 'Assembly', '30ZYL306A^V Assy Final', 'Automotive', 'NYL306A', 'SEAT LOCK ASSY', '14.40', '250.00', '1750.00', '2300.00', '2020-07', 0, '2020-07-06 18:25:07', 'upload', NULL, NULL),
(352, 'HS Press', 'TT0081 Perforating 1st', 'Electronic', 'Terminal', 'TERMINAL', '0.08', '43295.00', '303065.00', '200000.00', '2020-07', 0, '2020-07-07 17:30:50', 'upload', NULL, NULL),
(353, 'Press', '2FB2113107200 110 (P) Press 1st', 'Electronic', 'HR-F229/249', 'PLATE HINGE', '1.18', '3046.00', '21322.00', '10200.00', '2020-07', 0, '2020-07-07 17:30:51', 'upload', NULL, NULL),
(354, 'Press', '2MP2114111200 150 (M) Press 1st', 'Electronic', 'HR-F229/249', 'REINFORCE L', '5.70', '632.00', '4424.00', '3500.00', '2020-07', 0, '2020-07-07 17:30:51', 'upload', NULL, NULL),
(355, 'Press', '2MP2114111200 150 (M) Press 2nd', 'Electronic', 'HR-F229/249', 'REINFORCE L', '6.28', '573.00', '4011.00', '3500.00', '2020-07', 0, '2020-07-07 17:30:51', 'upload', NULL, NULL),
(356, 'Press', '2MP2114111200 150 (M) Press 3rd', 'Electronic', 'HR-F229/249', 'REINFORCE L', '6.14', '586.00', '4102.00', '3500.00', '2020-07', 0, '2020-07-07 17:30:51', 'upload', NULL, NULL),
(357, 'Press', '2MP2114111300 150 (M) Press 1st', 'Electronic', 'HR-F229/249', 'REINFORCE R', '5.70', '632.00', '4424.00', '3500.00', '2020-07', 0, '2020-07-07 17:30:51', 'upload', NULL, NULL),
(358, 'Press', '2MP2114111300 150 (M) Press 2nd', 'Electronic', 'HR-F229/249', 'REINFORCE R', '6.28', '573.00', '4011.00', '3500.00', '2020-07', 0, '2020-07-07 17:30:51', 'upload', NULL, NULL),
(359, 'Press', '2MP2114111300 150 (M) Press 3rd', 'Electronic', 'HR-F229/249', 'REINFORCE R', '6.15', '585.00', '4095.00', '3500.00', '2020-07', 0, '2020-07-07 17:30:51', 'upload', NULL, NULL),
(360, 'Press', '2FB22202111000 160 (M) Press 1st', 'Electronic', 'HR-F229/249', 'SEAT', '6.03', '597.00', '4179.00', '3500.00', '2020-07', 0, '2020-07-07 17:30:51', 'upload', NULL, NULL),
(361, 'Press', '2FB22202111000 160 (M) Press 2nd', 'Electronic', 'HR-F229/249', 'SEAT', '9.84', '366.00', '2562.00', '3500.00', '2020-07', 0, '2020-07-07 17:30:51', 'upload', NULL, NULL),
(362, 'Press', '2FB22202111000 150 (M) Press Final', 'Electronic', 'HR-F229/249', 'SEAT', '5.56', '648.00', '4536.00', '3500.00', '2020-07', 0, '2020-07-07 17:30:51', 'upload', NULL, NULL),
(363, 'Press', '2MP0132011600 200 (P) Press 1st', 'Electronic', 'AQRD-270/275', 'HINGE BOTTOM ASSY', '1.71', '2100.00', '14700.00', '4733.00', '2020-07', 0, '2020-07-07 17:30:51', 'upload', NULL, NULL),
(364, 'Press', '2MP0132011600 60 (M) Press 2nd', 'Electronic', 'AQRD-270/275', 'HINGE BOTTOM ASSY', '6.21', '580.00', '4060.00', '4733.00', '2020-07', 0, '2020-07-07 17:30:51', 'upload', NULL, NULL),
(365, 'Press', '2FB01320100500 200 (P) Press 1st', 'Electronic', 'AQRD-270/275', 'HINGE MIDLE ASSY', '1.60', '2257.00', '15799.00', '4000.00', '2020-07', 0, '2020-07-07 17:30:51', 'upload', NULL, NULL),
(366, 'Press', '2FB01320100500 80 (M) Press 2nd', 'Electronic', 'AQRD-270/275', 'HINGE MIDLE ASSY', '5.95', '605.00', '4235.00', '4000.00', '2020-07', 0, '2020-07-07 17:30:51', 'upload', NULL, NULL),
(367, 'Press', '2MS-F7446-00 110 (P) Press 1st', 'Automotive', '2MS', 'PLATE 2', '1.26', '2860.00', '20020.00', '1852.00', '2020-07', 0, '2020-07-07 17:30:51', 'upload', NULL, NULL),
(368, 'Press', '2MS-F7446-00 80 (M) Press Final', 'Automotive', '2MS', 'PLATE 2', '6.78', '531.00', '3717.00', '1852.00', '2020-07', 0, '2020-07-07 17:30:51', 'upload', NULL, NULL),
(369, 'Press', '2MS-2 80 (M) Press Final', 'Automotive', '2MS', 'WEIGHT 2', '2.11', '1705.00', '11935.00', '529.00', '2020-07', 0, '2020-07-07 17:30:51', 'upload', NULL, NULL),
(370, 'Press', '82715-OKD40 160 (M) Press 1st', 'Automotive', '650-A', 'BRKT WIRRING HARDNESS CLAMP', '4.69', '767.00', '5369.00', '500.00', '2020-07', 0, '2020-07-07 17:30:51', 'upload', NULL, NULL),
(371, 'Press', '82715-OKD40 150 (M) Press 2nd', 'Automotive', '650-A', 'BRKT WIRRING HARDNESS CLAMP', '7.20', '500.00', '3500.00', '500.00', '2020-07', 0, '2020-07-07 17:30:51', 'upload', NULL, NULL),
(372, 'Press', '82715-OKD40 150 (M) Press Final', 'Automotive', '650-A', 'BRKT WIRRING HARDNESS CLAMP', '7.16', '503.00', '3521.00', '500.00', '2020-07', 0, '2020-07-07 17:30:51', 'upload', NULL, NULL),
(373, 'Press', 'B6H-F139F-00 160 (P) Press Final', 'Automotive', 'B6H1', 'BRKT 4', '0.85', '4236.00', '29652.00', '7477.00', '2020-07', 0, '2020-07-07 17:30:51', 'upload', NULL, NULL),
(374, 'Press', 'B6H-F148X-00 160 (P) Press 1st', 'Automotive', 'B6H', 'BRKT4', '0.85', '4236.00', '29652.00', '16000.00', '2020-07', 0, '2020-07-07 17:30:51', 'upload', NULL, NULL),
(375, 'Press', 'B6H-113A-00 160 (P) Press Final', 'Automotive', 'B6H', 'BRACKET BOX', '0.85', '4236.00', '29652.00', '10000.00', '2020-07', 0, '2020-07-07 17:30:51', 'upload', NULL, NULL),
(376, 'Press', '30ZYL306A^V 160 (P) Press 1st', 'Automotive', 'NYL306A', 'SEAT LOCK ASSY', '1.09', '3311.00', '23177.00', '13283.00', '2020-07', 0, '2020-07-07 17:30:51', 'upload', NULL, NULL),
(377, 'Press', '101060022900 200 (M) Press 1st', 'Electronic', 'A3248D', 'CHASSIS', '56.25', '64.00', '448.00', '50.00', '2020-07', 0, '2020-07-07 17:30:51', 'upload', NULL, NULL),
(378, 'Press', '101060022900 200 (M) Press 2nd', 'Electronic', 'A3248D', 'CHASSIS', '56.25', '64.00', '448.00', '50.00', '2020-07', 0, '2020-07-07 17:30:52', 'upload', NULL, NULL),
(379, 'Press', '101060022900 200 (M) Press 3rd', 'Electronic', 'A3248D', 'CHASSIS', '56.25', '64.00', '448.00', '50.00', '2020-07', 0, '2020-07-07 17:30:52', 'upload', NULL, NULL),
(380, 'Press', '101060022900 200 (M) Press Final', 'Electronic', 'A3248D', 'CHASSIS', '56.25', '64.00', '448.00', '50.00', '2020-07', 0, '2020-07-07 17:30:52', 'upload', NULL, NULL),
(381, 'Press', '101060023100 200 (M) Press 1st', 'Electronic', 'A3224D', 'CHASSIS', '31.58', '114.00', '798.00', '450.00', '2020-07', 0, '2020-07-07 17:30:52', 'upload', NULL, NULL),
(382, 'Press', '101060023100 200 (M) Press 2nd', 'Electronic', 'A3224D', 'CHASSIS', '31.58', '114.00', '798.00', '450.00', '2020-07', 0, '2020-07-07 17:30:52', 'upload', NULL, NULL),
(383, 'Press', '101060023100 200 (M) Press 3rd', 'Electronic', 'A3224D', 'CHASSIS', '31.58', '114.00', '798.00', '450.00', '2020-07', 0, '2020-07-07 17:30:52', 'upload', NULL, NULL),
(384, 'Press', '101060023100 200 (M) Press Final', 'Electronic', 'A3224D', 'CHASSIS', '31.58', '114.00', '798.00', '450.00', '2020-07', 0, '2020-07-07 17:30:52', 'upload', NULL, NULL),
(385, 'Press', '18310-LIGG-T000-23 300 (P) Press 1st', 'Automotive', 'LIGG', 'CAP REAR ASSY', '2.74', '1315.00', '9205.00', '5497.00', '2020-07', 0, '2020-07-07 17:30:52', 'upload', NULL, NULL),
(386, 'Press', '18310-LIGG-T000-23 160 (M) Press 2nd', 'Automotive', 'LIGG', 'CAP REAR ASSY', '5.39', '668.00', '4676.00', '5497.00', '2020-07', 0, '2020-07-07 17:30:52', 'upload', NULL, NULL),
(387, 'Press', '18310-LIGG-T000-24 300 (P) Press 1st', 'Automotive', 'LIGG', 'CAP REAR INNER', '3.17', '1137.00', '7959.00', '6322.00', '2020-07', 0, '2020-07-07 17:30:52', 'upload', NULL, NULL),
(388, 'Press', '18310-LIGG-T000-24 160 (M) Press 2nd', 'Automotive', 'LIGG', 'CAP REAR INNER', '4.50', '800.00', '5600.00', '6322.00', '2020-07', 0, '2020-07-07 17:30:52', 'upload', NULL, NULL),
(389, 'Press', '18315-LIGG-T000-H1 250 (P) Press 1st', 'Automotive', 'LIGG', 'STAY MUFFLER', '2.36', '1523.00', '10661.00', '3564.00', '2020-07', 0, '2020-07-07 17:30:52', 'upload', NULL, NULL),
(390, 'Press', '50351-K12-9000-26 110 (P) Press 1st', 'Automotive', 'K59', 'BRACKET UPPER', '1.20', '3000.00', '21000.00', '5672.00', '2020-07', 0, '2020-07-07 17:30:52', 'upload', NULL, NULL),
(391, 'Press', '50351-K12-9000-26 150 (M) Press Final', 'Automotive', 'K59', 'BRACKET UPPER', '6.00', '600.00', '4200.00', '5672.00', '2020-07', 0, '2020-07-07 17:30:52', 'upload', NULL, NULL),
(392, 'Press', '3108070000 200 (P) Press 1st', 'Automotive', '5D9', 'CLS PLATE', '1.80', '2000.00', '14000.00', '2889.00', '2020-07', 0, '2020-07-07 17:30:52', 'upload', NULL, NULL),
(393, 'Press', '3127050000 200 (P) Press 1st', 'Automotive', '5D9', 'CLS PLATE', '1.80', '2000.00', '14000.00', '5000.00', '2020-07', 0, '2020-07-07 17:30:52', 'upload', NULL, NULL),
(394, 'Press', '7501208101 160 (P) Press 1st', 'Automotive', '5D9', 'CORE PLATE', '1.44', '2507.00', '17547.00', '2000.00', '2020-07', 0, '2020-07-07 17:30:52', 'upload', NULL, NULL),
(395, 'Press', '3111010201 160 (P) Press 1st', 'Automotive', '5D9', 'DRVE PLATE', '2.10', '1718.00', '12026.00', '2000.00', '2020-07', 0, '2020-07-07 17:30:52', 'upload', NULL, NULL),
(396, 'Press', '3118020210 160 (P) Press Final', 'Automotive', '', 'SH PLATE A1', '0.41', '8835.00', '61845.00', '10000.00', '2020-07', 0, '2020-07-07 17:30:52', 'upload', NULL, NULL),
(397, 'Press', '3118020230 300 (P) Press Final', 'Automotive', '', 'SH PLATE C1', '1.03', '3482.00', '24374.00', '7514.00', '2020-07', 0, '2020-07-07 17:30:52', 'upload', NULL, NULL),
(398, 'Press', '3118020240 250 (P) Press Final ', 'Automotive', '', 'SH PLATE D1', '1.40', '2577.00', '18039.00', '7200.00', '2020-07', 0, '2020-07-07 17:30:52', 'upload', NULL, NULL),
(399, 'Press', '3A40010300 160 (P) Press 1st', 'Automotive', 'K56F', 'GS PLATE', '0.85', '4236.00', '29652.00', '5141.00', '2020-07', 0, '2020-07-07 17:30:52', 'upload', NULL, NULL),
(400, 'Press', '3118020250 200 (P) Press Final', 'Automotive', '', 'SH PLATE E1', '0.61', '5912.00', '41384.00', '6425.00', '2020-07', 0, '2020-07-07 17:30:52', 'upload', NULL, NULL),
(401, 'Powder Coating', 'HK0J2-380-00-IN Powder Coating Final', 'Automotive', '', 'SPRING AXIS GRAY', '2.20', '1634.00', '11438.00', '10000.00', '2020-07', 0, '2020-07-07 17:30:52', 'upload', NULL, NULL),
(402, 'Press', '2MP2114111200 150 (M) Press 1st', 'Electronic', 'HR-F229/249', 'REINFORCE L', '5.70', '632.00', '4424.00', '4899.00', '2020-07', 0, '2020-07-08 17:15:49', 'upload', NULL, NULL),
(403, 'Press', '2MP2114111200 150 (M) Press 2nd', 'Electronic', 'HR-F229/249', 'REINFORCE L', '6.28', '573.00', '4011.00', '4899.00', '2020-07', 0, '2020-07-08 17:15:49', 'upload', NULL, NULL),
(404, 'Press', '2MP2114111200 150 (M) Press 3rd', 'Electronic', 'HR-F229/249', 'REINFORCE L', '6.14', '586.00', '4102.00', '4899.00', '2020-07', 0, '2020-07-08 17:15:49', 'upload', NULL, NULL),
(405, 'Press', '2MP2114111300 150 (M) Press 1st', 'Electronic', 'HR-F229/249', 'REINFORCE R', '5.70', '632.00', '4424.00', '4899.00', '2020-07', 0, '2020-07-08 17:15:50', 'upload', NULL, NULL),
(406, 'Press', '2MP2114111300 150 (M) Press 2nd', 'Electronic', 'HR-F229/249', 'REINFORCE R', '6.28', '573.00', '4011.00', '4899.00', '2020-07', 0, '2020-07-08 17:15:50', 'upload', NULL, NULL),
(407, 'Press', '2MP2114111300 150 (M) Press 3rd', 'Electronic', 'HR-F229/249', 'REINFORCE R', '6.15', '585.00', '4095.00', '4899.00', '2020-07', 0, '2020-07-08 17:15:50', 'upload', NULL, NULL),
(408, 'Press', '2FB01320100500 200 (P) Press 1st', 'Electronic', 'AQRD-270/275', 'HINGE MIDLE ASSY', '1.60', '2257.00', '15799.00', '4000.00', '2020-07', 0, '2020-07-08 17:15:50', 'upload', NULL, NULL),
(409, 'Press', '2FB01320100500 80 (M) Press 2nd', 'Electronic', 'AQRD-270/275', 'HINGE MIDLE ASSY', '5.95', '605.00', '4235.00', '4000.00', '2020-07', 0, '2020-07-08 17:15:50', 'upload', NULL, NULL),
(410, 'Press', '0060528894 150 (M) Press 1st', 'Electronic', 'AQRD-270/275', 'PLATE REINF R', '4.22', '854.00', '5978.00', '2924.00', '2020-07', 0, '2020-07-08 17:15:50', 'upload', NULL, NULL),
(411, 'Press', '0060528894 150 (M) Press 2nd', 'Electronic', 'AQRD-270/275', 'PLATE REINF R', '5.62', '641.00', '4487.00', '2924.00', '2020-07', 0, '2020-07-08 17:15:50', 'upload', NULL, NULL),
(412, 'Press', '0060528894 150 (M) Press 3rd', 'Electronic', 'AQRD-270/275', 'PLATE REINF R', '6.67', '540.00', '3780.00', '2924.00', '2020-07', 0, '2020-07-08 17:15:50', 'upload', NULL, NULL),
(413, 'Press', '0060528895 150 (M) Press 1st', 'Electronic', 'AQRD-270/275', 'PLATE REINF L', '4.22', '854.00', '5978.00', '2924.00', '2020-07', 0, '2020-07-08 17:15:50', 'upload', NULL, NULL),
(414, 'Press', '0060528895 150 (M) Press 2nd', 'Electronic', 'AQRD-270/275', 'PLATE REINF L', '5.62', '641.00', '4487.00', '2924.00', '2020-07', 0, '2020-07-08 17:15:50', 'upload', NULL, NULL),
(415, 'Press', '0060528895 150 (M) Press 3rd', 'Electronic', 'AQRD-270/275', 'PLATE REINF L', '6.67', '540.00', '3780.00', '2924.00', '2020-07', 0, '2020-07-08 17:15:50', 'upload', NULL, NULL),
(416, 'Press', 'B6H-F148W-00 160 (P) Press 1st', 'Automotive', 'B6H', 'BRKT 3', '2.84', '1267.00', '8867.00', '13549.00', '2020-07', 0, '2020-07-08 17:15:50', 'upload', NULL, NULL),
(417, 'Press', '30ZHG507-305 110 (P) Press 1st', 'Automotive', 'AHM', 'BAND', '1.20', '3000.00', '21000.00', '25000.00', '2020-07', 0, '2020-07-08 17:15:50', 'upload', NULL, NULL),
(418, 'Press', '30ZHG006-301^V 60 (P) Press 1st', 'Automotive', 'AHM', 'PLATE', '0.73', '4900.00', '34300.00', '25000.00', '2020-07', 0, '2020-07-08 17:15:50', 'upload', NULL, NULL),
(419, 'Press', '102010058500 250 (P) Press 1st', 'Automotive', 'PC1860BS', 'FIRE DOME-BRACKET 5PL', '3.89', '925.00', '6475.00', '1000.00', '2020-07', 0, '2020-07-08 17:15:50', 'upload', NULL, NULL),
(420, 'Press', '102010058500 110 (M) Press 2nd', 'Automotive', 'PC1860BS', 'FIRE DOME-BRACKET 5PL', '3.89', '925.00', '6475.00', '1000.00', '2020-07', 0, '2020-07-08 17:15:50', 'upload', NULL, NULL),
(421, 'Press', '50351-K59-A100-31 110 (P) Press 1st', 'Automotive', 'K59', 'BRACKET LOWER', '1.71', '2100.00', '14700.00', '4905.00', '2020-07', 0, '2020-07-08 17:15:50', 'upload', NULL, NULL),
(422, 'Press', '50351-K59-A100-31 150 (M) Press Final', 'Automotive', 'K59', 'BRACKET LOWER', '9.47', '380.00', '2660.00', '4905.00', '2020-07', 0, '2020-07-08 17:15:50', 'upload', NULL, NULL),
(423, 'Press', 'A385-87408 80 (M) Press Final', 'Automotive', 'D40D', 'BRACKET RR SEAT CUSHION HOLDER', '6.67', '540.00', '3780.00', '2100.00', '2020-07', 0, '2020-07-08 17:15:50', 'upload', NULL, NULL),
(424, 'Press', '3118020210 160 (P) Press Final', 'Automotive', '', 'SH PLATE A1', '0.41', '8835.00', '61845.00', '10000.00', '2020-07', 0, '2020-07-08 17:15:50', 'upload', NULL, NULL),
(425, 'Press', '3118020230 300 (P) Press Final', 'Automotive', '', 'SH PLATE C1', '1.03', '3482.00', '24374.00', '10000.00', '2020-07', 0, '2020-07-08 17:15:50', 'upload', NULL, NULL),
(426, 'Press', '3118020240 250 (P) Press Final ', 'Automotive', '', 'SH PLATE D1', '1.40', '2577.00', '18039.00', '10000.00', '2020-07', 0, '2020-07-08 17:15:50', 'upload', NULL, NULL),
(427, 'Powder Coating', 'HK842-380-0E-IN Spray Final', 'Automotive', '', 'SPRING FIGHTING RED', '12.00', '300.00', '2100.00', '4000.00', '2020-07', 0, '2020-07-08 17:15:51', 'upload', NULL, NULL),
(428, 'Powder Coating', 'HK972-380-00-05 Powder Coating Final', 'Automotive', '', 'SPRING BLACK GLOSS EXTERIOR', '5.31', '678.00', '4746.00', '5000.00', '2020-07', 0, '2020-07-08 17:15:51', 'upload', NULL, NULL),
(429, 'Assembly', '30ZYL306A^V Assy Final', 'Automotive', 'NYL306A', 'SEAT LOCK ASSY', '14.40', '250.00', '1750.00', '2300.00', '2020-07', 0, '2020-07-08 17:15:51', 'upload', NULL, NULL),
(430, 'Assembly', '30ZYL306A^V Assy Final', 'Automotive', 'NYL306A', 'SEAT LOCK ASSY', '14.40', '250.00', '1750.00', '2300.00', '2020-07', 0, '2020-07-08 17:16:55', 'upload', NULL, NULL),
(431, 'Assembly', '30ZYL306A^V Assy Final', 'Automotive', 'NYL306A', 'SEAT LOCK ASSY', '14.40', '250.00', '1750.00', '2300.00', '2020-07', 0, '2020-07-08 17:17:14', 'upload', NULL, NULL),
(432, 'Press', '2FB22202111000 160 (M) Press 1st', 'Electronic', 'HR-F229/249', 'SEAT', '6.03', '597.00', '4179.00', '4000.00', '2020-07', 0, '2020-07-09 17:09:19', 'upload', NULL, NULL),
(433, 'Press', '2FB22202111000 160 (M) Press 2nd', 'Electronic', 'HR-F229/249', 'SEAT', '9.84', '366.00', '2562.00', '4000.00', '2020-07', 0, '2020-07-09 17:09:19', 'upload', NULL, NULL),
(434, 'Press', '2FB22202111000 150 (M) Press Final', 'Electronic', 'HR-F229/249', 'SEAT', '5.56', '648.00', '4536.00', '4000.00', '2020-07', 0, '2020-07-09 17:09:19', 'upload', NULL, NULL),
(435, 'Press', 'B6H-F114X-00 110 (P) Press 1st', 'Automotive', 'B6H', 'PATCH', '0.61', '5940.00', '41580.00', '10000.00', '2020-07', 0, '2020-07-09 17:09:19', 'upload', NULL, NULL),
(436, 'Press', 'B6H-F114X-00 80 (M) Press Final', 'Automotive', 'B6H', 'PATCH', '0.61', '5940.00', '41580.00', '10000.00', '2020-07', 0, '2020-07-09 17:09:19', 'upload', NULL, NULL),
(437, 'Press', 'F118U-00 300 (P) Press 1st', 'Automotive', '2DP1', 'BRACKET 3', '1.71', '2100.00', '14700.00', '1300.00', '2020-07', 0, '2020-07-09 17:09:19', 'upload', NULL, NULL),
(438, 'Press', 'F118U-00 80 (M) Press Final', 'Automotive', '2DP1', 'BRACKET 3', '5.18', '695.00', '4865.00', '1300.00', '2020-07', 0, '2020-07-09 17:09:19', 'upload', NULL, NULL),
(439, 'Press', 'F112L-00 300 (P) Press 1st', 'Automotive', '2DP1', 'BRACKET 5', '1.34', '2681.00', '18767.00', '1600.00', '2020-07', 0, '2020-07-09 17:09:19', 'upload', NULL, NULL),
(440, 'Press', 'F112L-00 160 (M) Press Final', 'Automotive', '2DP1', 'BRACKET 5', '5.76', '625.00', '4375.00', '1600.00', '2020-07', 0, '2020-07-09 17:09:19', 'upload', NULL, NULL),
(441, 'Press', 'F161J-00 250 (P) Press 1st', 'Automotive', '2DP1', 'BRACKET 8', '1.71', '2100.00', '14700.00', '2200.00', '2020-07', 0, '2020-07-09 17:09:20', 'upload', NULL, NULL),
(442, 'Press', 'F161J-00 80 (M) Press Final', 'Automotive', '2DP1', 'BRACKET 8', '4.14', '869.00', '6083.00', '2200.00', '2020-07', 0, '2020-07-09 17:09:20', 'upload', NULL, NULL),
(443, 'Press', 'B6H-F197N-00 160 (P) Press Final', 'Automotive', 'B6H1', 'BRKT 7', '0.73', '4940.00', '34580.00', '12000.00', '2020-07', 0, '2020-07-09 17:09:20', 'upload', NULL, NULL),
(444, 'Press', 'B6H-F161J-00-1 160 (P) Press Final', 'Automotive', 'B6H1', 'BRKT 8', '0.68', '5318.00', '37226.00', '12000.00', '2020-07', 0, '2020-07-09 17:09:20', 'upload', NULL, NULL),
(445, 'Press', 'B6H-F139L-00-0 200 (P) Press Final', 'Automotive', 'B6H1', 'BRKT 9', '0.79', '4584.00', '32088.00', '10000.00', '2020-07', 0, '2020-07-09 17:09:20', 'upload', NULL, NULL),
(446, 'Press', 'AG79-304^V2 60 (P) Press 1st', 'Automotive', '5T0-H272G-V0', 'PLATE GUIDE 2', '0.79', '4584.00', '32088.00', '2500.00', '2020-07', 0, '2020-07-09 17:09:20', 'upload', NULL, NULL),
(447, 'Press', '30EG573-302^V 80 (M) Press 1st', 'Automotive', '', 'PLATE GUIDE 3', '6.00', '600.00', '4200.00', '2200.00', '2020-07', 0, '2020-07-09 17:09:20', 'upload', NULL, NULL),
(448, 'Press', '30EG573-302^V 60 (M) Press 2nd', 'Automotive', '', 'PLATE GUIDE 3', '6.00', '600.00', '4200.00', '2200.00', '2020-07', 0, '2020-07-09 17:09:20', 'upload', NULL, NULL),
(449, 'Press', '30EG573-302^V 60 (M) Press 3rd', 'Automotive', '', 'PLATE GUIDE 3', '6.00', '600.00', '4200.00', '2200.00', '2020-07', 0, '2020-07-09 17:09:20', 'upload', NULL, NULL),
(450, 'Press', '30EL602-301^V2 60 (M) Press 1st', 'Automotive', '5TN', 'PLATE COVER', '6.00', '600.00', '4200.00', '2000.00', '2020-07', 0, '2020-07-09 17:09:20', 'upload', NULL, NULL),
(451, 'Press', '30EL602-301^V2 60 (M) Press 2nd', 'Automotive', '', 'PLATE COVER', '6.00', '600.00', '4200.00', '2000.00', '2020-07', 0, '2020-07-09 17:09:20', 'upload', NULL, NULL),
(452, 'Press', '30ZHG507-305 110 (P) Press 1st', 'Automotive', 'AHM', 'BAND', '1.20', '3000.00', '21000.00', '24307.00', '2020-07', 0, '2020-07-09 17:09:20', 'upload', NULL, NULL),
(453, 'Press', 'TL333-301 110 (P) Press 1st', 'Automotive', 'TL333', 'PLATE LEVER', '0.98', '3660.00', '25620.00', '3000.00', '2020-07', 0, '2020-07-09 17:09:20', 'upload', NULL, NULL),
(454, 'Press', 'ZYM024-304 60 (P) Press 1st', 'Automotive', '', 'PLATE', '5.00', '720.00', '5040.00', '20000.00', '2020-07', 0, '2020-07-09 17:09:20', 'upload', NULL, NULL),
(455, 'Press', '59772-60KA0A 80 (M) Press 1st', 'Automotive', 'Y4L', 'BRACKET PROPELLER SHAFT GUARD', '2.90', '1243.00', '8701.00', '2000.00', '2020-07', 0, '2020-07-09 17:09:20', 'upload', NULL, NULL),
(456, 'Press', '59772-60KA0A 110 (M) Press 2nd', 'Automotive', 'Y4L', 'BRACKET PROPELLER SHAFT GUARD', '2.90', '1243.00', '8701.00', '2000.00', '2020-07', 0, '2020-07-09 17:09:20', 'upload', NULL, NULL),
(457, 'Press', '59772-60KA0A 110 (M) Press 3rd', 'Automotive', 'Y4L', 'BRACKET PROPELLER SHAFT GUARD', '2.90', '1243.00', '8701.00', '2000.00', '2020-07', 0, '2020-07-09 17:09:20', 'upload', NULL, NULL),
(458, 'Press', '59772-60KA0A 110 (M) Press Final', 'Automotive', 'Y4L', 'BRACKET PROPELLER SHAFT GUARD', '2.90', '1243.00', '8701.00', '2000.00', '2020-07', 0, '2020-07-09 17:09:20', 'upload', NULL, NULL),
(459, 'Press', 'A266-97505 160 (M) Press 1st', 'Automotive', 'D40', 'BRACKET RR SEAT BACK STOPPER RH ', '6.61', '545.00', '3815.00', '1000.00', '2020-07', 0, '2020-07-09 17:09:21', 'upload', NULL, NULL),
(460, 'Press', 'A266-97505 200 (M) Press 2nd', 'Automotive', 'D40', 'BRACKET RR SEAT BACK STOPPER RH ', '5.51', '653.00', '4571.00', '1000.00', '2020-07', 0, '2020-07-09 17:09:21', 'upload', NULL, NULL),
(461, 'Press', 'A266-97505 80 (M) Press Final', 'Automotive', 'D40', 'BRACKET RR SEAT BACK STOPPER RH ', '6.83', '527.00', '3689.00', '1000.00', '2020-07', 0, '2020-07-09 17:09:21', 'upload', NULL, NULL),
(462, 'Press', 'A267-97502 160 (M) Press 1st', 'Automotive', 'D40', 'BRACKET RR SEAT BACK STOPPER LH', '6.61', '545.00', '3815.00', '1000.00', '2020-07', 0, '2020-07-09 17:09:21', 'upload', NULL, NULL),
(463, 'Press', 'A267-97502 200 (M) Press 2nd', 'Automotive', 'D40', 'BRACKET RR SEAT BACK STOPPER LH', '5.51', '653.00', '4571.00', '1000.00', '2020-07', 0, '2020-07-09 17:09:21', 'upload', NULL, NULL),
(464, 'Press', 'A267-97502 80 (M) Press Final', 'Automotive', 'D40', 'BRACKET RR SEAT BACK STOPPER LH', '6.83', '527.00', '3689.00', '1000.00', '2020-07', 0, '2020-07-09 17:09:21', 'upload', NULL, NULL),
(465, 'Press', '3208030110 200 (P) Press 1st', 'Automotive', '5D9', '5D9 PRI CL OUT', '6.00', '600.00', '4200.00', '6000.00', '2020-07', 0, '2020-07-09 17:09:21', 'upload', NULL, NULL),
(466, 'Press', '3208030110 60 (M) Press 2nd', 'Automotive', '5D9', '5D9 PRI CL OUT', '6.00', '600.00', '4200.00', '6000.00', '2020-07', 0, '2020-07-09 17:09:21', 'upload', NULL, NULL),
(467, 'Press', '3208030110 110 (M) Press Final', 'Automotive', '5D9', '5D9 PRI CL OUT', '6.00', '600.00', '4200.00', '6000.00', '2020-07', 0, '2020-07-09 17:09:21', 'upload', NULL, NULL),
(468, 'Press', '3108070000 200 (P) Press 1st', 'Automotive', '5D9', 'CLS PLATE', '1.80', '2000.00', '14000.00', '2889.00', '2020-07', 0, '2020-07-09 17:09:21', 'upload', NULL, NULL),
(469, 'Press', '3127050000 200 (P) Press 1st', 'Automotive', '5D9', 'CLS PLATE', '1.80', '2000.00', '14000.00', '5000.00', '2020-07', 0, '2020-07-09 17:09:21', 'upload', NULL, NULL),
(470, 'Press', '3118020220 200 (P) Press Final  ', 'Automotive', '', 'SH PLATE B1', '0.75', '4820.00', '33740.00', '6904.00', '2020-07', 0, '2020-07-09 17:09:21', 'upload', NULL, NULL),
(471, 'Press', '3118020230 300 (P) Press Final', 'Automotive', '', 'SH PLATE C1', '1.03', '3482.00', '24374.00', '8000.00', '2020-07', 0, '2020-07-09 17:09:21', 'upload', NULL, NULL),
(472, 'Press', '3118020240 250 (P) Press Final ', 'Automotive', '', 'SH PLATE D1', '1.40', '2577.00', '18039.00', '7008.00', '2020-07', 0, '2020-07-09 17:09:21', 'upload', NULL, NULL),
(473, 'Press', '3118020250 200 (P) Press Final', 'Automotive', '', 'SH PLATE E1', '0.61', '5912.00', '41384.00', '6425.00', '2020-07', 0, '2020-07-09 17:09:21', 'upload', NULL, NULL),
(474, 'Press', '3127010100 300 (P) Press Final', 'Automotive', '09G', 'DRVE PLATE', '3.21', '1123.00', '7861.00', '2859.00', '2020-07', 0, '2020-07-09 17:09:21', 'upload', NULL, NULL),
(475, 'Assembly', '30ZYL306A^V Assy Final', 'Automotive', 'NYL306A', 'SEAT LOCK ASSY', '14.40', '250.00', '1750.00', '2300.00', '2020-07', 0, '2020-07-09 17:09:21', 'upload', NULL, NULL),
(476, 'Assembly', '30ZYL306A^V Assy Final', 'Automotive', 'NYL306A', 'SEAT LOCK ASSY', '14.40', '250.00', '1750.00', '2300.00', '2020-07', 0, '2020-07-09 17:10:18', 'upload', NULL, NULL),
(477, 'Press', '30EG70-302^V2 60 (M) Press 1st', 'Automotive', '3KA6', 'COVER', '5.12', '703.00', '4921.00', '1500.00', '2020-07', 0, '2020-07-10 09:48:03', 'upload', NULL, NULL),
(478, 'Press', '30EG70-302^V2 60 (M) Press 2nd', 'Automotive', '3KA6', 'COVER', '5.53', '651.00', '4557.00', '1500.00', '2020-07', 0, '2020-07-10 09:48:03', 'upload', NULL, NULL),
(479, 'Press', 'EG50-301 60 (M) Press 1st', 'Automotive', '', 'PLATE GUIDE 5', '0.49', '7364.00', '51548.00', '2500.00', '2020-07', 0, '2020-07-10 09:48:03', 'upload', NULL, NULL),
(480, 'Press', 'EG50-301 60 (M) Press 2nd', 'Automotive', '', 'PLATE GUIDE 5', '0.49', '7364.00', '51548.00', '2500.00', '2020-07', 0, '2020-07-10 09:48:03', 'upload', NULL, NULL),
(481, 'Press', '102010058500 250 (P) Press 1st', 'Automotive', 'PC1860BS', 'FIRE DOME-BRACKET 5PL', '3.89', '925.00', '6475.00', '1000.00', '2020-07', 0, '2020-07-10 09:48:03', 'upload', NULL, NULL),
(482, 'Press', '102010058500 110 (M) Press 2nd', 'Automotive', 'PC1860BS', 'FIRE DOME-BRACKET 5PL', '3.89', '925.00', '6475.00', '1000.00', '2020-07', 0, '2020-07-10 09:48:03', 'upload', NULL, NULL),
(483, 'HS Press', 'CL-61-4 Perforating Final', 'Automotive', 'CL-61', 'TUMBLER 4 (L 4.0)', '0.41', '8845.00', '61915.00', '50000.00', '2020-07', 0, '2020-07-10 17:58:13', 'upload', NULL, NULL),
(484, 'HS Press', 'A028-4-01 Perforating Final', 'Automotive', '4\"', 'BUSHING 4\" x 1.5T BLANK BULAT', '0.40', '9000.00', '63000.00', '80000.00', '2020-07', 0, '2020-07-10 17:58:13', 'upload', NULL, NULL),
(485, 'Press', '41533-0K070-01 160 (P) Press Final', 'Automotive', '640A', 'BRKT 1', '1.71', '2100.00', '14700.00', '3000.00', '2020-07', 0, '2020-07-10 17:58:13', 'upload', NULL, NULL),
(486, 'Press', '16278-BZ110-B1 150 (P) Press Final', 'Automotive', 'D05E', 'BRACKET A', '2.84', '1267.00', '8867.00', '900.00', '2020-07', 0, '2020-07-10 17:58:13', 'upload', NULL, NULL),
(487, 'Press', '16278-BZ110-B2 150 (P) Press Final', 'Automotive', 'D05E', 'BRACKET B', '2.84', '1267.00', '8867.00', '900.00', '2020-07', 0, '2020-07-10 17:58:13', 'upload', NULL, NULL),
(488, 'Press', '2MP2114111200 150 (M) Press 1st', 'Electronic', 'HR-F229/249', 'REINFORCE L', '5.70', '632.00', '4424.00', '3000.00', '2020-07', 0, '2020-07-10 17:58:13', 'upload', NULL, NULL),
(489, 'Press', '2MP2114111200 150 (M) Press 2nd', 'Electronic', 'HR-F229/249', 'REINFORCE L', '6.28', '573.00', '4011.00', '3000.00', '2020-07', 0, '2020-07-10 17:58:13', 'upload', NULL, NULL),
(490, 'Press', '2MP2114111200 150 (M) Press 3rd', 'Electronic', 'HR-F229/249', 'REINFORCE L', '6.14', '586.00', '4102.00', '3000.00', '2020-07', 0, '2020-07-10 17:58:13', 'upload', NULL, NULL),
(491, 'Press', '2MP2114111300 150 (M) Press 1st', 'Electronic', 'HR-F229/249', 'REINFORCE R', '5.70', '632.00', '4424.00', '3000.00', '2020-07', 0, '2020-07-10 17:58:13', 'upload', NULL, NULL),
(492, 'Press', '2MP2114111300 150 (M) Press 2nd', 'Electronic', 'HR-F229/249', 'REINFORCE R', '6.28', '573.00', '4011.00', '3000.00', '2020-07', 0, '2020-07-10 17:58:13', 'upload', NULL, NULL),
(493, 'Press', '2MP2114111300 150 (M) Press 3rd', 'Electronic', 'HR-F229/249', 'REINFORCE R', '6.15', '585.00', '4095.00', '3000.00', '2020-07', 0, '2020-07-10 17:58:13', 'upload', NULL, NULL),
(494, 'Press', 'F11117-00 160 (P) Press 1st', 'Automotive', '2DP', 'SLEEVE 1', '1.09', '3300.00', '23100.00', '8019.00', '2020-07', 0, '2020-07-10 17:58:13', 'upload', NULL, NULL),
(495, 'Press', 'F11117-00 60 (M) Press Final', 'Automotive', '2DP', 'SLEEVE 1', '4.62', '780.00', '5460.00', '8019.00', '2020-07', 0, '2020-07-10 17:58:13', 'upload', NULL, NULL),
(496, 'Press', 'F161J-00 250 (P) Press 1st', 'Automotive', '2DP1', 'BRACKET 8', '1.71', '2100.00', '14700.00', '2018.00', '2020-07', 0, '2020-07-10 17:58:13', 'upload', NULL, NULL),
(497, 'Press', 'F161J-00 80 (M) Press Final', 'Automotive', '2DP1', 'BRACKET 8', '4.14', '869.00', '6083.00', '2018.00', '2020-07', 0, '2020-07-10 17:58:13', 'upload', NULL, NULL),
(498, 'Press', 'B6H-F148W-00 160 (P) Press 1st', 'Automotive', 'B6H', 'BRKT 3', '2.84', '1267.00', '8867.00', '13549.00', '2020-07', 0, '2020-07-10 17:58:14', 'upload', NULL, NULL),
(499, 'Press', '30ZHG507-305 110 (P) Press 1st', 'Automotive', 'AHM', 'BAND', '1.20', '3000.00', '21000.00', '20000.00', '2020-07', 0, '2020-07-10 17:58:14', 'upload', NULL, NULL),
(500, 'Press', '30EG70-302^V2 60 (M) Press 1st', 'Automotive', '3KA6', 'COVER', '5.12', '703.00', '4921.00', '1300.00', '2020-07', 0, '2020-07-10 17:58:14', 'upload', NULL, NULL),
(501, 'Press', '30EG70-302^V2 60 (M) Press 2nd', 'Automotive', '3KA6', 'COVER', '5.53', '651.00', '4557.00', '1300.00', '2020-07', 0, '2020-07-10 17:58:14', 'upload', NULL, NULL),
(502, 'Press', '30ET1-304^V2 60 (M) Press 1st', 'Automotive', '29N', 'PLATE GUIDE', '5.71', '630.00', '4410.00', '1000.00', '2020-07', 0, '2020-07-10 17:58:14', 'upload', NULL, NULL),
(503, 'Press', '30ET1-304^V2 60 (M) Press 2nd', 'Automotive', '29N', 'PLATE GUIDE', '5.78', '623.00', '4361.00', '1000.00', '2020-07', 0, '2020-07-10 17:58:14', 'upload', NULL, NULL),
(504, 'Press', '102010058500 250 (P) Press 1st', 'Automotive', 'PC1860BS', 'FIRE DOME-BRACKET 5PL', '3.89', '925.00', '6475.00', '2000.00', '2020-07', 0, '2020-07-10 17:58:14', 'upload', NULL, NULL),
(505, 'Press', '102010058500 110 (M) Press 2nd', 'Automotive', 'PC1860BS', 'FIRE DOME-BRACKET 5PL', '3.89', '925.00', '6475.00', '2000.00', '2020-07', 0, '2020-07-10 17:58:14', 'upload', NULL, NULL),
(506, 'Press', '504-29-024-6A 300 (P) Press 1st', 'Electronic', '504-29-024-6A', 'ANGLE', '5.00', '720.00', '5040.00', '3875.00', '2020-07', 0, '2020-07-10 17:58:14', 'upload', NULL, NULL),
(507, 'Press', '504-29-024-6A 200 (M) Press 2nd', 'Electronic', '504-29-024-6A', 'ANGLE', '5.00', '720.00', '5040.00', '3875.00', '2020-07', 0, '2020-07-10 17:58:14', 'upload', NULL, NULL),
(508, 'Press', '504-29-024-6A 200 (M) Press 3rd', 'Electronic', '504-29-024-6A', 'ANGLE', '5.00', '720.00', '5040.00', '3875.00', '2020-07', 0, '2020-07-10 17:58:14', 'upload', NULL, NULL),
(509, 'Press', 'A382-87401 60 (M) Press 1st', 'Automotive', 'D14N', 'BRACKET RR SEAT CUSHION LH', '4.14', '870.00', '6090.00', '4748.00', '2020-07', 0, '2020-07-10 17:58:14', 'upload', NULL, NULL),
(510, 'Press', 'A382-87401 60 (M) Press Final', 'Automotive', 'D14N', 'BRACKET RR SEAT CUSHION LH', '5.03', '716.00', '5012.00', '4748.00', '2020-07', 0, '2020-07-10 17:58:14', 'upload', NULL, NULL),
(511, 'Press', '3111010201 160 (P) Press 1st', 'Automotive', '5D9', 'DRVE PLATE', '2.10', '1718.00', '12026.00', '2000.00', '2020-07', 0, '2020-07-10 17:58:14', 'upload', NULL, NULL),
(512, 'Press', '7506657000 160 (P) Press 1st', 'Automotive', '2P2', 'DRVE PLATE', '2.02', '1784.00', '12488.00', '2558.00', '2020-07', 0, '2020-07-10 17:58:14', 'upload', NULL, NULL),
(513, 'Press', '3118020220 200 (P) Press Final  ', 'Automotive', '', 'SH PLATE B1', '0.75', '4820.00', '33740.00', '6904.00', '2020-07', 0, '2020-07-10 17:58:14', 'upload', NULL, NULL),
(514, 'Press', '3118020230 300 (P) Press Final', 'Automotive', '', 'SH PLATE C1', '1.03', '3482.00', '24374.00', '8000.00', '2020-07', 0, '2020-07-10 17:58:14', 'upload', NULL, NULL),
(515, 'Press', '3118020240 250 (P) Press Final ', 'Automotive', '', 'SH PLATE D1', '1.40', '2577.00', '18039.00', '8000.00', '2020-07', 0, '2020-07-10 17:58:14', 'upload', NULL, NULL),
(516, 'Powder Coating', 'HK972-380-00-05 Powder Coating Final', 'Automotive', '', 'SPRING BLACK GLOSS EXTERIOR', '5.31', '678.00', '4746.00', '6000.00', '2020-07', 0, '2020-07-10 17:58:14', 'upload', NULL, NULL),
(517, 'Press', 'F112L-00 160 (M) Press Final', 'Automotive', '2DP1', 'BRACKET 5', '5.76', '625.00', '4375.00', '1000.00', '2020-07', 0, '2020-07-13 08:04:32', 'upload', NULL, NULL),
(518, 'Press', 'B6H-F161J-00-1 160 (P) Press Final', 'Automotive', 'B6H1', 'BRKT 8', '0.68', '5318.00', '37226.00', '7000.00', '2020-07', 0, '2020-07-13 08:04:32', 'upload', NULL, NULL),
(519, 'Press', 'A266-97505 160 (M) Press 1st', 'Automotive', 'D40', 'BRACKET RR SEAT BACK STOPPER RH ', '6.61', '545.00', '3815.00', '1000.00', '2020-07', 0, '2020-07-13 08:04:32', 'upload', NULL, NULL),
(520, 'Press', 'A266-97505 200 (M) Press 2nd', 'Automotive', 'D40', 'BRACKET RR SEAT BACK STOPPER RH ', '5.51', '653.00', '4571.00', '1000.00', '2020-07', 0, '2020-07-13 08:04:32', 'upload', NULL, NULL),
(521, 'Press', 'A266-97505 80 (M) Press Final', 'Automotive', 'D40', 'BRACKET RR SEAT BACK STOPPER RH ', '6.83', '527.00', '3689.00', '1000.00', '2020-07', 0, '2020-07-13 08:04:32', 'upload', NULL, NULL),
(522, 'Press', 'A267-97502 160 (M) Press 1st', 'Automotive', 'D40', 'BRACKET RR SEAT BACK STOPPER LH', '6.61', '545.00', '3815.00', '1000.00', '2020-07', 0, '2020-07-13 08:04:32', 'upload', NULL, NULL),
(523, 'Press', 'A267-97502 200 (M) Press 2nd', 'Automotive', 'D40', 'BRACKET RR SEAT BACK STOPPER LH', '5.51', '653.00', '4571.00', '1000.00', '2020-07', 0, '2020-07-13 08:04:32', 'upload', NULL, NULL),
(524, 'Press', 'A267-97502 80 (M) Press Final', 'Automotive', 'D40', 'BRACKET RR SEAT BACK STOPPER LH', '6.83', '527.00', '3689.00', '1000.00', '2020-07', 0, '2020-07-13 08:04:32', 'upload', NULL, NULL),
(525, 'Press', '30EG573-302^V 60 (M) Press 2nd', 'Automotive', '', 'PLATE GUIDE 3', '6.00', '600.00', '4200.00', '600.00', '2020-07', 0, '2020-07-13 08:13:11', 'upload', NULL, NULL),
(526, 'Press', '30EG573-302^V 60 (M) Press 3rd', 'Automotive', '', 'PLATE GUIDE 3', '6.00', '600.00', '4200.00', '600.00', '2020-07', 0, '2020-07-13 08:13:11', 'upload', NULL, NULL),
(527, 'Press', 'B6H-F114X-00 80 (M) Press Final', 'Automotive', 'B6H', 'PATCH', '0.61', '5940.00', '41580.00', '4500.00', '2020-07', 0, '2020-07-13 08:59:12', 'upload', NULL, NULL),
(528, 'Press', 'B6H-F197N-00 160 (P) Press Final', 'Automotive', 'B6H1', 'BRKT 7', '0.73', '4940.00', '34580.00', '8000.00', '2020-07', 0, '2020-07-13 08:59:12', 'upload', NULL, NULL),
(529, 'Press', 'B6H-F139L-00-0 200 (P) Press Final', 'Automotive', 'B6H1', 'BRKT 9', '0.79', '4584.00', '32088.00', '8000.00', '2020-07', 0, '2020-07-13 15:20:03', 'upload', NULL, NULL),
(530, 'Press', '3208030110 200 (P) Press 1st', 'Automotive', '5D9', '5D9 PRI CL OUT', '6.00', '600.00', '4200.00', '1000.00', '2020-07', 0, '2020-07-13 15:34:56', 'upload', NULL, NULL),
(531, 'Press', '3208030110 60 (M) Press 2nd', 'Automotive', '5D9', '5D9 PRI CL OUT', '6.00', '600.00', '4200.00', '1000.00', '2020-07', 0, '2020-07-13 15:34:56', 'upload', NULL, NULL),
(532, 'Press', '3208030110 110 (M) Press Final', 'Automotive', '5D9', '5D9 PRI CL OUT', '6.00', '600.00', '4200.00', '1000.00', '2020-07', 0, '2020-07-13 15:34:56', 'upload', NULL, NULL),
(533, 'HS Press', 'A024-7-07 Perforating Final', 'Automotive', '7\"', 'BUSHING 7\" X 3T MII & V12/2022 - KOTAK', '0.40', '9000.00', '63000.00', '100000.00', '2020-07', 0, '2020-07-13 17:06:45', 'upload', NULL, NULL),
(534, 'Press', '32909-BZ100-A 160 (P) Press Final', 'Automotive', 'D17', 'OIL COOLER W/ CLAMP', '0.86', '4200.00', '29400.00', '3000.00', '2020-07', 0, '2020-07-13 17:06:45', 'upload', NULL, NULL),
(535, 'Press', '32909-BZ100-B 160 (P) Press Final', 'Automotive', 'D17', 'OIL COOLER W/ CLAMP', '1.54', '2335.00', '16345.00', '4000.00', '2020-07', 0, '2020-07-13 17:06:45', 'upload', NULL, NULL),
(536, 'Press', '32909-BZ100-C 160 (P) Press Final', 'Automotive', 'D17', 'OIL COOLER W/ CLAMP', '1.60', '2243.00', '15701.00', '4000.00', '2020-07', 0, '2020-07-13 17:06:45', 'upload', NULL, NULL),
(537, 'Press', '32909-BZ100-D 250 (P) Press 1st', 'Automotive', 'D17', 'OIL COOLER W/ CLAMP', '1.71', '2100.00', '14700.00', '4000.00', '2020-07', 0, '2020-07-13 17:06:45', 'upload', NULL, NULL),
(538, 'Press', '2FB01320100500 200 (P) Press 1st', 'Electronic', 'AQRD-270/275', 'HINGE MIDLE ASSY', '1.60', '2257.00', '15799.00', '5114.00', '2020-07', 0, '2020-07-13 17:06:45', 'upload', NULL, NULL),
(539, 'Press', '2FB01320100500 80 (M) Press 2nd', 'Electronic', 'AQRD-270/275', 'HINGE MIDLE ASSY', '5.95', '605.00', '4235.00', '5114.00', '2020-07', 0, '2020-07-13 17:06:45', 'upload', NULL, NULL),
(540, 'Press', '0060528894 150 (M) Press 1st', 'Electronic', 'AQRD-270/275', 'PLATE REINF R', '4.22', '854.00', '5978.00', '2000.00', '2020-07', 0, '2020-07-13 17:06:45', 'upload', NULL, NULL),
(541, 'Press', '0060528894 150 (M) Press 2nd', 'Electronic', 'AQRD-270/275', 'PLATE REINF R', '5.62', '641.00', '4487.00', '2000.00', '2020-07', 0, '2020-07-13 17:06:45', 'upload', NULL, NULL),
(542, 'Press', '0060528894 150 (M) Press 3rd', 'Electronic', 'AQRD-270/275', 'PLATE REINF R', '6.67', '540.00', '3780.00', '2000.00', '2020-07', 0, '2020-07-13 17:06:45', 'upload', NULL, NULL),
(543, 'Press', '0060528895 150 (M) Press 1st', 'Electronic', 'AQRD-270/275', 'PLATE REINF L', '4.22', '854.00', '5978.00', '2000.00', '2020-07', 0, '2020-07-13 17:06:45', 'upload', NULL, NULL),
(544, 'Press', '0060528895 150 (M) Press 2nd', 'Electronic', 'AQRD-270/275', 'PLATE REINF L', '5.62', '641.00', '4487.00', '2000.00', '2020-07', 0, '2020-07-13 17:06:46', 'upload', NULL, NULL),
(545, 'Press', '0060528895 150 (M) Press 3rd', 'Electronic', 'AQRD-270/275', 'PLATE REINF L', '6.67', '540.00', '3780.00', '2000.00', '2020-07', 0, '2020-07-13 17:06:46', 'upload', NULL, NULL),
(546, 'Press', '2MS-F7445-00 110 (P) Press 1st', 'Automotive', '2MS', 'PLATE 1', '4.19', '859.00', '6013.00', '1500.00', '2020-07', 0, '2020-07-13 17:06:46', 'upload', NULL, NULL),
(547, 'Press', '2MS-F7445-00 80 (M) Press 2nd', 'Automotive', '2MS', 'PLATE 1', '5.94', '606.00', '4242.00', '1500.00', '2020-07', 0, '2020-07-13 17:06:46', 'upload', NULL, NULL),
(548, 'Press', '2MS-F7445-00 80 (M) Press Final', 'Automotive', '2MS', 'PLATE 1', '7.36', '489.00', '3423.00', '1500.00', '2020-07', 0, '2020-07-13 17:06:46', 'upload', NULL, NULL),
(549, 'Press', 'BK6-F1139-00 250 (P) Press Final', 'Automotive', 'BK-6', 'GUSSET RH', '2.69', '1338.00', '9366.00', '1294.00', '2020-07', 0, '2020-07-13 17:06:46', 'upload', NULL, NULL),
(550, 'Press', '2671803 150 (M) Press 1st', 'Automotive', '2XP', 'KNOB BRKT UPR RHRR BACK', '3.60', '1000.00', '7000.00', '700.00', '2020-07', 0, '2020-07-13 17:06:46', 'upload', NULL, NULL),
(551, 'Press', '2671803 150 (M) Press 2nd', 'Automotive', '2XP', 'KNOB BRKT UPR RHRR BACK', '8.89', '405.00', '2835.00', '700.00', '2020-07', 0, '2020-07-13 17:06:46', 'upload', NULL, NULL),
(552, 'Press', '2671803 150 (M) Press 3rd', 'Automotive', '2XP', 'KNOB BRKT UPR RHRR BACK', '10.00', '360.00', '2520.00', '700.00', '2020-07', 0, '2020-07-13 17:06:46', 'upload', NULL, NULL),
(553, 'Press', '2671803 150 (M) Press 4th', 'Automotive', '2XP', 'KNOB BRKT UPR RHRR BACK', '10.00', '360.00', '2520.00', '700.00', '2020-07', 0, '2020-07-13 17:06:46', 'upload', NULL, NULL);
INSERT INTO `itx_t_master_plan` (`id`, `department`, `production_part_no`, `product`, `model`, `description`, `cycle`, `capaHour`, `capaDay`, `sum`, `yearDate`, `status_sent`, `createDate`, `createUser`, `editDate`, `editUser`) VALUES
(554, 'Press', '2671803 150 (M) Press Final', 'Automotive', '2XP', 'KNOB BRKT UPR RHRR BACK', '12.08', '298.00', '2086.00', '700.00', '2020-07', 0, '2020-07-13 17:06:46', 'upload', NULL, NULL),
(555, 'Press', '2672618 150 (M) Press 1st', 'Automotive', '2XP', 'KNOB BRKT UPR LHRR BACK', '4.50', '800.00', '5600.00', '700.00', '2020-07', 0, '2020-07-13 17:06:46', 'upload', NULL, NULL),
(556, 'Press', '2672618 150 (M) Press 2nd', 'Automotive', '2XP', 'KNOB BRKT UPR LHRR BACK', '8.89', '405.00', '2835.00', '700.00', '2020-07', 0, '2020-07-13 17:06:46', 'upload', NULL, NULL),
(557, 'Press', '2672618 150 (M) Press 3rd', 'Automotive', '2XP', 'KNOB BRKT UPR LHRR BACK', '10.00', '360.00', '2520.00', '700.00', '2020-07', 0, '2020-07-13 17:06:46', 'upload', NULL, NULL),
(558, 'Press', '2672618 150 (M) Press 4th', 'Automotive', '2XP', 'KNOB BRKT UPR LHRR BACK', '10.00', '360.00', '2520.00', '700.00', '2020-07', 0, '2020-07-13 17:06:46', 'upload', NULL, NULL),
(559, 'Press', '2672618 150 (M) Press Final', 'Automotive', '2XP', 'KNOB BRKT UPR LHRR BACK', '9.65', '373.00', '2611.00', '700.00', '2020-07', 0, '2020-07-13 17:06:46', 'upload', NULL, NULL),
(560, 'Press', 'B6H-F197N-00 160 (P) Press Final', 'Automotive', 'B6H1', 'BRKT 7', '0.73', '4940.00', '34580.00', '4000.00', '2020-07', 0, '2020-07-13 17:06:46', 'upload', NULL, NULL),
(561, 'Press', 'B6H-F139L-00-0 200 (P) Press Final', 'Automotive', 'B6H1', 'BRKT 9', '0.79', '4584.00', '32088.00', '2200.00', '2020-07', 0, '2020-07-13 17:06:46', 'upload', NULL, NULL),
(562, 'Press', '30ZYM012-307 80 (P) Press 1st', 'Automotive', '', 'PLATE LOCK', '0.44', '8160.00', '57120.00', '6986.00', '2020-07', 0, '2020-07-13 17:06:46', 'upload', NULL, NULL),
(563, 'Press', 'B6H-F148X-00 160 (P) Press 1st', 'Automotive', 'B6H', 'BRKT4', '0.85', '4236.00', '29652.00', '10251.00', '2020-07', 0, '2020-07-13 17:06:46', 'upload', NULL, NULL),
(564, 'Press', '30KG687-031A^V 80 (P) Press 1st', 'Automotive', 'K68G', 'LEVER COMP', '0.32', '11312.00', '79184.00', '13364.00', '2020-07', 0, '2020-07-13 17:06:46', 'upload', NULL, NULL),
(565, 'Press', 'ZYM024-304 60 (P) Press 1st', 'Automotive', '', 'PLATE', '5.00', '720.00', '5040.00', '15000.00', '2020-07', 0, '2020-07-13 17:06:46', 'upload', NULL, NULL),
(566, 'Press', '30ZYM023-303 60 (P) Press 1st', 'Automotive', '', 'PLATE', '5.00', '720.00', '5040.00', '2000.00', '2020-07', 0, '2020-07-13 17:06:47', 'upload', NULL, NULL),
(567, 'Press', '30ZYM023-303 60 (M) Press Final', 'Automotive', '', 'PLATE', '5.00', '720.00', '5040.00', '2000.00', '2020-07', 0, '2020-07-13 17:06:47', 'upload', NULL, NULL),
(568, 'Press', 'EG581-303 60 (P) Press 1st', 'Automotive', '', 'PLATE GUIDE 3', '5.00', '720.00', '5040.00', '2000.00', '2020-07', 0, '2020-07-13 17:06:47', 'upload', NULL, NULL),
(569, 'Press', 'EG581-303 60 (M) Press 2nd', 'Automotive', '', 'PLATE GUIDE 3', '5.00', '720.00', '5040.00', '2000.00', '2020-07', 0, '2020-07-13 17:06:47', 'upload', NULL, NULL),
(570, 'Press', 'EG581-303 60 (M) Press 3rd', 'Automotive', '', 'PLATE GUIDE 3', '5.00', '720.00', '5040.00', '2000.00', '2020-07', 0, '2020-07-13 17:06:47', 'upload', NULL, NULL),
(571, 'Press', '3208030110 200 (P) Press 1st', 'Automotive', '5D9', '5D9 PRI CL OUT', '6.00', '600.00', '4200.00', '3052.00', '2020-07', 0, '2020-07-13 17:06:47', 'upload', NULL, NULL),
(572, 'Press', '3208030110 60 (M) Press 2nd', 'Automotive', '5D9', '5D9 PRI CL OUT', '6.00', '600.00', '4200.00', '3052.00', '2020-07', 0, '2020-07-13 17:06:47', 'upload', NULL, NULL),
(573, 'Press', '3208030110 110 (M) Press Final', 'Automotive', '5D9', '5D9 PRI CL OUT', '6.00', '600.00', '4200.00', '3052.00', '2020-07', 0, '2020-07-13 17:06:47', 'upload', NULL, NULL),
(574, 'Press', '7501208101 160 (P) Press 1st', 'Automotive', '5D9', 'CORE PLATE', '1.44', '2507.00', '17547.00', '1864.00', '2020-07', 0, '2020-07-13 17:06:47', 'upload', NULL, NULL),
(575, 'Press', '3118020220 200 (P) Press Final  ', 'Automotive', '', 'SH PLATE B1', '0.75', '4820.00', '33740.00', '6904.00', '2020-07', 0, '2020-07-13 17:06:47', 'upload', NULL, NULL),
(576, 'Press', '3118020230 300 (P) Press Final', 'Automotive', '', 'SH PLATE C1', '1.03', '3482.00', '24374.00', '8000.00', '2020-07', 0, '2020-07-13 17:06:47', 'upload', NULL, NULL),
(577, 'Press', '3118020240 250 (P) Press Final ', 'Automotive', '', 'SH PLATE D1', '1.40', '2577.00', '18039.00', '8000.00', '2020-07', 0, '2020-07-13 17:06:47', 'upload', NULL, NULL),
(578, 'Press', '3A40010300 160 (P) Press 1st', 'Automotive', 'K56F', 'GS PLATE', '0.85', '4236.00', '29652.00', '6000.00', '2020-07', 0, '2020-07-13 17:06:47', 'upload', NULL, NULL),
(579, 'Powder Coating', 'HK842-380-0E-IN Spray Final', 'Automotive', '', 'SPRING FIGHTING RED', '12.00', '300.00', '2100.00', '3000.00', '2020-07', 0, '2020-07-13 17:06:47', 'upload', NULL, NULL),
(580, 'Powder Coating', 'HK972-380-00-05 Powder Coating Final', 'Automotive', '', 'SPRING BLACK GLOSS EXTERIOR', '5.31', '678.00', '4746.00', '3000.00', '2020-07', 0, '2020-07-13 17:06:47', 'upload', NULL, NULL),
(581, 'Press', '32909-BZ100-E 80 (P) Press 1st', 'Automotive', 'D17', 'OIL COOLER W/ CLAMP', '6.00', '600.00', '4200.00', '4000.00', '2020-07', 0, '2020-07-14 08:09:07', 'upload', NULL, NULL),
(582, 'Press', '32909-BZ100-E 80 (M) Press 2nd', 'Automotive', 'D17', 'OIL COOLER W/ CLAMP', '7.30', '493.00', '3451.00', '4000.00', '2020-07', 0, '2020-07-14 08:09:07', 'upload', NULL, NULL),
(583, 'Press', 'F11117-00 60 (M) Press Final', 'Automotive', '2DP', 'SLEEVE 1', '4.62', '780.00', '5460.00', '4500.00', '2020-07', 0, '2020-07-14 08:09:07', 'upload', NULL, NULL),
(584, 'HS Press', '521-22-071-40 Perforating 1st', 'Automotive', 'BS-1020B', 'PUNCHED NET', '40.00', '90.00', '630.00', '2000.00', '2020-07', 0, '2020-07-14 08:20:55', 'upload', NULL, NULL),
(585, 'HS Press', 'UNREGISTERED', 'Automotive', '4\"', 'BUSHING 4\" X 1.6T BLANK BULAT', '0.40', '9000.00', '63000.00', '6000.00', '2020-07', 0, '2020-07-14 08:20:55', 'upload', NULL, NULL),
(586, 'Press', 'EG581-302 60 (M) Press 1st', 'Automotive', '', 'PLATE GUIDE 2', '5.00', '720.00', '5040.00', '2500.00', '2020-07', 0, '2020-07-14 11:40:58', 'upload', NULL, NULL),
(587, 'Press', 'EG581-302 60 (M) Press 2nd', 'Automotive', '', 'PLATE GUIDE 2', '5.00', '720.00', '5040.00', '2500.00', '2020-07', 0, '2020-07-14 11:40:58', 'upload', NULL, NULL),
(588, 'Press', 'EG581-302 60 (M) Press 3rd', 'Automotive', '', 'PLATE GUIDE 2', '5.00', '720.00', '5040.00', '2500.00', '2020-07', 0, '2020-07-14 11:40:58', 'upload', NULL, NULL),
(589, 'Press', 'EG581-302 60 (M) Press 4th', 'Automotive', '', 'PLATE GUIDE 2', '5.00', '720.00', '5040.00', '2500.00', '2020-07', 0, '2020-07-14 11:40:58', 'upload', NULL, NULL),
(590, 'Press', 'EG581-302 60 (M) Press 1st', 'Automotive', '', 'PLATE GUIDE 2', '5.00', '720.00', '5040.00', '2500.00', '2020-07', 0, '2020-07-14 11:42:54', 'upload', NULL, NULL),
(591, 'Press', 'EG581-302 60 (M) Press 2nd', 'Automotive', '', 'PLATE GUIDE 2', '5.00', '720.00', '5040.00', '2500.00', '2020-07', 0, '2020-07-14 11:42:54', 'upload', NULL, NULL),
(592, 'Press', 'EG581-302 60 (M) Press 3rd', 'Automotive', '', 'PLATE GUIDE 2', '5.00', '720.00', '5040.00', '2500.00', '2020-07', 0, '2020-07-14 11:42:54', 'upload', NULL, NULL),
(593, 'Press', 'EG581-302 60 (M) Press 4th', 'Automotive', '', 'PLATE GUIDE 2', '5.00', '720.00', '5040.00', '2500.00', '2020-07', 0, '2020-07-14 11:42:54', 'upload', NULL, NULL),
(594, 'Press', 'B145-97504 80 (M) Press 1st', 'Automotive', 'D40', 'BRACKET FR INNER SEAT TRACK LWR FR', '5.01', '719.00', '5033.00', '1200.00', '2020-07', 0, '2020-07-14 13:28:49', 'upload', NULL, NULL),
(595, 'Press', 'B145-97504 80 (M) Press 2nd', 'Automotive', 'D40', 'BRACKET FR INNER SEAT TRACK LWR FR', '4.29', '840.00', '5880.00', '1200.00', '2020-07', 0, '2020-07-14 13:28:49', 'upload', NULL, NULL),
(596, 'Press', 'B145-97504 200 (M) Press 3rd', 'Automotive', 'D40', 'BRACKET FR INNER SEAT TRACK LWR FR', '4.50', '800.00', '5600.00', '1200.00', '2020-07', 0, '2020-07-14 13:28:49', 'upload', NULL, NULL),
(597, 'Press', 'B145-97504 80 (M) Press 4th', 'Automotive', 'D40', 'BRACKET FR INNER SEAT TRACK LWR FR', '4.50', '800.00', '5600.00', '1200.00', '2020-07', 0, '2020-07-14 13:28:49', 'upload', NULL, NULL),
(598, 'Press', 'B145-97504 80 (M) Press Final', 'Automotive', 'D40', 'BRACKET FR INNER SEAT TRACK LWR FR', '5.56', '648.00', '4536.00', '1200.00', '2020-07', 0, '2020-07-14 13:28:49', 'upload', NULL, NULL),
(599, 'HS Press', 'A034-25.4-03 Perforating Final', 'Automotive', '25.4\"', 'BUSHING 25.4\" x 3T MII KOTAK', '0.40', '9000.00', '63000.00', '80000.00', '2020-07', 0, '2020-07-14 16:41:19', 'upload', NULL, NULL),
(600, 'HS Press', 'A024-7-07 Perforating Final', 'Automotive', '7\"', 'BUSHING 7\" X 3T MII & V12/2022 - KOTAK', '0.40', '9000.00', '63000.00', '80000.00', '2020-07', 0, '2020-07-14 16:41:19', 'upload', NULL, NULL),
(601, 'Press', '32909-BZ100-E 80 (P) Press 1st', 'Automotive', 'D17', 'OIL COOLER W/ CLAMP', '6.00', '600.00', '4200.00', '4000.00', '2020-07', 0, '2020-07-14 16:41:19', 'upload', NULL, NULL),
(602, 'Press', '32909-BZ100-E 80 (M) Press 2nd', 'Automotive', 'D17', 'OIL COOLER W/ CLAMP', '7.30', '493.00', '3451.00', '4000.00', '2020-07', 0, '2020-07-14 16:41:19', 'upload', NULL, NULL),
(603, 'Press', '16279-BZ080-B1 150 (P) Press Final', 'Electronic', 'D05E', 'BRACKET A', '4.22', '854.00', '5978.00', '2000.00', '2020-07', 0, '2020-07-14 16:41:19', 'upload', NULL, NULL),
(604, 'Press', '16279-BZ080-B2 150 (P) Press Final', 'Electronic', 'D05E', 'BRACKET B', '4.22', '854.00', '5978.00', '2000.00', '2020-07', 0, '2020-07-14 16:41:19', 'upload', NULL, NULL),
(605, 'Press', '23901-BZ120-B2', 'Electronic', 'D40L', 'BRACKET 2', '4.22', '854.00', '5978.00', '2000.00', '2020-07', 0, '2020-07-14 16:41:19', 'upload', NULL, NULL),
(606, 'Press', '2FB22202111000 160 (M) Press 1st', 'Electronic', 'HR-F229/249', 'SEAT', '6.03', '597.00', '4179.00', '4000.00', '2020-07', 0, '2020-07-14 16:41:19', 'upload', NULL, NULL),
(607, 'Press', '2FB22202111000 160 (M) Press 2nd', 'Electronic', 'HR-F229/249', 'SEAT', '9.84', '366.00', '2562.00', '4000.00', '2020-07', 0, '2020-07-14 16:41:19', 'upload', NULL, NULL),
(608, 'Press', '2FB22202111000 150 (M) Press Final', 'Electronic', 'HR-F229/249', 'SEAT', '5.56', '648.00', '4536.00', '4000.00', '2020-07', 0, '2020-07-14 16:41:19', 'upload', NULL, NULL),
(609, 'Press', '2FB2233106900 160 (P) Press 1st', 'Electronic', 'AQR-16D/18D', 'HINGE TOP REINF PLATE', '1.05', '3436.00', '24052.00', '5130.00', '2020-07', 0, '2020-07-14 16:41:19', 'upload', NULL, NULL),
(610, 'Press', '2FB2113110100 110 (P) Press 1st', 'Electronic', 'AQR-16D/18D', 'PLATE MTG SUPPORT', '0.86', '4200.00', '29400.00', '1980.00', '2020-07', 0, '2020-07-14 16:41:19', 'upload', NULL, NULL),
(611, 'Press', '2FB2113110100 60 (M) Press 2nd', 'Electronic', 'AQR-16D/18D', 'PLATE MTG SUPPORT', '5.00', '720.00', '5040.00', '1980.00', '2020-07', 0, '2020-07-14 16:41:19', 'upload', NULL, NULL),
(612, 'Press', '2FB01320100210 250 (P) Press 1st', 'Electronic', 'AQR-D240(S)', 'HINGE TOP ASSY', '1.75', '2054.00', '14378.00', '3130.00', '2020-07', 0, '2020-07-14 16:41:19', 'upload', NULL, NULL),
(613, 'Press', '2FB01320100400 250 (P) Press 1st', 'Electronic', 'AQRD-270/275', 'HINGE TOP ASSY', '3.72', '968.00', '6776.00', '1689.00', '2020-07', 0, '2020-07-14 16:41:19', 'upload', NULL, NULL),
(614, 'Press', '2MP0132011100 250 (P) Press 1st', 'Electronic', 'AQR-13G', 'HINGE TOP ASSY 13G', '1.76', '2040.00', '14280.00', '1727.00', '2020-07', 0, '2020-07-14 16:41:19', 'upload', NULL, NULL),
(615, 'Press', '0060528894 150 (M) Press 1st', 'Electronic', 'AQRD-270/275', 'PLATE REINF R', '4.22', '854.00', '5978.00', '2000.00', '2020-07', 0, '2020-07-14 16:41:19', 'upload', NULL, NULL),
(616, 'Press', '0060528894 150 (M) Press 2nd', 'Electronic', 'AQRD-270/275', 'PLATE REINF R', '5.62', '641.00', '4487.00', '2000.00', '2020-07', 0, '2020-07-14 16:41:20', 'upload', NULL, NULL),
(617, 'Press', '0060528894 150 (M) Press 3rd', 'Electronic', 'AQRD-270/275', 'PLATE REINF R', '6.67', '540.00', '3780.00', '2000.00', '2020-07', 0, '2020-07-14 16:41:20', 'upload', NULL, NULL),
(618, 'Press', '0060528895 150 (M) Press 1st', 'Electronic', 'AQRD-270/275', 'PLATE REINF L', '4.22', '854.00', '5978.00', '2000.00', '2020-07', 0, '2020-07-14 16:41:20', 'upload', NULL, NULL),
(619, 'Press', '0060528895 150 (M) Press 2nd', 'Electronic', 'AQRD-270/275', 'PLATE REINF L', '5.62', '641.00', '4487.00', '2000.00', '2020-07', 0, '2020-07-14 16:41:20', 'upload', NULL, NULL),
(620, 'Press', '0060528895 150 (M) Press 3rd', 'Electronic', 'AQRD-270/275', 'PLATE REINF L', '6.67', '540.00', '3780.00', '2000.00', '2020-07', 0, '2020-07-14 16:41:20', 'upload', NULL, NULL),
(621, 'Press', 'BK6-F1138-00 250 (P) Press Final', 'Automotive', 'BK-6', 'GUSSET LH', '1.85', '1950.00', '13650.00', '1294.00', '2020-07', 0, '2020-07-14 16:41:20', 'upload', NULL, NULL),
(622, 'Press', 'B6H-F114X-00 110 (P) Press 1st', 'Automotive', 'B6H', 'PATCH', '0.61', '5940.00', '41580.00', '2589.00', '2020-07', 0, '2020-07-14 16:41:20', 'upload', NULL, NULL),
(623, 'Press', 'B6H-F114X-00 80 (M) Press Final', 'Automotive', 'B6H', 'PATCH', '0.61', '5940.00', '41580.00', '2589.00', '2020-07', 0, '2020-07-14 16:41:20', 'upload', NULL, NULL),
(624, 'Press', 'B6H-F148W-00 160 (P) Press 1st', 'Automotive', 'B6H', 'BRKT 3', '2.84', '1267.00', '8867.00', '11681.00', '2020-07', 0, '2020-07-14 16:41:20', 'upload', NULL, NULL),
(625, 'Press', '30ZHG507-305 110 (P) Press 1st', 'Automotive', 'AHM', 'BAND', '1.20', '3000.00', '21000.00', '10000.00', '2020-07', 0, '2020-07-14 16:41:20', 'upload', NULL, NULL),
(626, 'Press', 'EG50-301 60 (M) Press 1st', 'Automotive', '', 'PLATE GUIDE 5', '0.49', '7364.00', '51548.00', '1500.00', '2020-07', 0, '2020-07-14 16:41:20', 'upload', NULL, NULL),
(627, 'Press', 'EG50-301 60 (M) Press 2nd', 'Automotive', '', 'PLATE GUIDE 5', '0.49', '7364.00', '51548.00', '1500.00', '2020-07', 0, '2020-07-14 16:41:20', 'upload', NULL, NULL),
(628, 'Press', 'B6H-113A-00 160 (P) Press Final', 'Automotive', 'B6H', 'BRACKET BOX', '0.85', '4236.00', '29652.00', '4767.00', '2020-07', 0, '2020-07-14 16:41:20', 'upload', NULL, NULL),
(629, 'Press', '18310-LA1A-N001-H1 80 (P) Press 1st', 'Automotive', 'LA1A/KOJA', 'STAY MUFFLER PROTECTOR B', '5.00', '720.00', '5040.00', '3300.00', '2020-07', 0, '2020-07-14 16:41:20', 'upload', NULL, NULL),
(630, 'Press', '3108070000 200 (P) Press 1st', 'Automotive', '5D9', 'CLS PLATE', '1.80', '2000.00', '14000.00', '2889.00', '2020-07', 0, '2020-07-14 16:41:20', 'upload', NULL, NULL),
(631, 'Press', '3A06050005 200 (P) Press 1st', 'Automotive', '5D9', '5D9 D SPRING', '1.23', '2929.00', '20503.00', '2547.00', '2020-07', 0, '2020-07-14 16:41:20', 'upload', NULL, NULL),
(632, 'Press', '3118020210 160 (P) Press Final', 'Automotive', '', 'SH PLATE A1', '0.41', '8835.00', '61845.00', '1824.00', '2020-07', 0, '2020-07-14 16:41:20', 'upload', NULL, NULL),
(633, 'Press', '3118020220 200 (P) Press Final  ', 'Automotive', '', 'SH PLATE B1', '0.75', '4820.00', '33740.00', '5000.00', '2020-07', 0, '2020-07-14 16:41:20', 'upload', NULL, NULL),
(634, 'Press', '3118020230 300 (P) Press Final', 'Automotive', '', 'SH PLATE C1', '1.03', '3482.00', '24374.00', '6000.00', '2020-07', 0, '2020-07-14 16:41:20', 'upload', NULL, NULL),
(635, 'Press', '3118020240 250 (P) Press Final ', 'Automotive', '', 'SH PLATE D1', '1.40', '2577.00', '18039.00', '5000.00', '2020-07', 0, '2020-07-14 16:41:20', 'upload', NULL, NULL),
(636, 'Press', '3118020250 200 (P) Press Final', 'Automotive', '', 'SH PLATE E1', '0.61', '5912.00', '41384.00', '2923.00', '2020-07', 0, '2020-07-14 16:41:20', 'upload', NULL, NULL),
(637, 'Press', '77747-BZ060-B1 150 (P) Press Final', 'Automotive', 'D40L', 'BRACKET 1', '41.38', '87.00', '609.00', '2000.00', '2020-07', 0, '2020-07-14 16:41:20', 'upload', NULL, NULL),
(638, 'Press', '23901-BZ120 150 (P) Press Final', 'Automotive', 'D40L', 'BRACKET', '41.38', '87.00', '609.00', '1500.00', '2020-07', 0, '2020-07-14 16:41:21', 'upload', NULL, NULL),
(639, 'Press', 'ZHL301-304 60 (P) Press Final', '', '', 'CAP BODY', '2.14', '1681.00', '11767.00', '1500.00', '2020-07', 0, '2020-07-14 16:41:21', 'upload', NULL, NULL),
(640, 'Press', '77748-BZ020-B1 150 (P) Press Final', 'Automotive', 'D40L', 'BRACKET 1', '41.38', '87.00', '609.00', '3000.00', '2020-07', 0, '2020-07-14 16:41:21', 'upload', NULL, NULL),
(641, 'Press', 'B6H-F119V-00 160 (P) Press Final', 'Automotive', 'B6H', 'BRACKET RH', '1.40', '2577.00', '18039.00', '10000.00', '2020-07', 0, '2020-07-14 16:41:21', 'upload', NULL, NULL),
(642, 'Press', 'B6H-F119W-00 160 (P) Press Final', 'Automotive', 'B6H', 'BRACKET LH', '1.40', '2577.00', '18039.00', '10000.00', '2020-07', 0, '2020-07-14 16:41:21', 'upload', NULL, NULL),
(643, 'Press', '2FB2113110100 60 (M) Press 2nd', 'Electronic', 'AQR-16D/18D', 'PLATE MTG SUPPORT', '5.00', '720.00', '5040.00', '3000.00', '2020-07', 0, '2020-07-15 07:50:13', 'upload', NULL, NULL),
(644, 'Press', '2FB01320100500 80 (M) Press 2nd', 'Electronic', 'AQRD-270/275', 'HINGE MIDLE ASSY', '5.95', '605.00', '4235.00', '3000.00', '2020-07', 0, '2020-07-15 07:50:13', 'upload', NULL, NULL),
(645, 'Press', 'EG581-302 60 (M) Press 4th', 'Automotive', '', 'PLATE GUIDE 2', '5.00', '720.00', '5040.00', '2000.00', '2020-07', 0, '2020-07-15 07:50:13', 'upload', NULL, NULL),
(646, 'Press', '3A40010300 160 (P) Press 1st', 'Automotive', 'K56F', 'GS PLATE', '0.85', '4236.00', '29652.00', '3000.00', '2020-07', 0, '2020-07-15 07:50:13', 'upload', NULL, NULL),
(647, 'Press', '30ZHG507-301 60 (P) Press 1st', 'Automotive', 'AHM', 'LEVER', '0.56', '6400.00', '44800.00', '20000.00', '2020-07', 0, '2020-07-15 09:23:00', 'upload', NULL, NULL);

-- --------------------------------------------------------

--
-- Table structure for table `itx_t_master_plan_qty`
--

CREATE TABLE `itx_t_master_plan_qty` (
  `id` int(11) NOT NULL,
  `masterplan_id` int(11) NOT NULL,
  `mc_id` int(11) NOT NULL,
  `date` date NOT NULL,
  `qty` double NOT NULL,
  `status_close` int(11) NOT NULL,
  `createDate` datetime NOT NULL DEFAULT current_timestamp(),
  `createUser` varchar(50) NOT NULL,
  `editDate` date NOT NULL,
  `editUser` varchar(50) NOT NULL
) ENGINE=InnoDB DEFAULT CHARSET=latin1 ROW_FORMAT=COMPACT;

--
-- Dumping data for table `itx_t_master_plan_qty`
--

INSERT INTO `itx_t_master_plan_qty` (`id`, `masterplan_id`, `mc_id`, `date`, `qty`, `status_close`, `createDate`, `createUser`, `editDate`, `editUser`) VALUES
(1, 1, 7, '2020-06-26', 22000, 2, '2020-06-25 00:00:00', 'upload', '0000-00-00', ''),
(2, 2, 26, '2020-06-26', 7000, 0, '2020-06-25 00:00:00', 'upload', '0000-00-00', ''),
(3, 3, 37, '2020-06-26', 8000, 0, '2020-06-25 00:00:00', 'upload', '0000-00-00', ''),
(4, 4, 16, '2020-06-26', 1200, 0, '2020-06-25 00:00:00', 'upload', '0000-00-00', ''),
(5, 5, 10, '2020-06-26', 1200, 2, '2020-06-25 00:00:00', 'upload', '0000-00-00', ''),
(6, 6, 12, '2020-06-26', 1200, 2, '2020-06-25 00:00:00', 'upload', '0000-00-00', ''),
(7, 7, 11, '2020-06-26', 1200, 2, '2020-06-25 00:00:00', 'upload', '0000-00-00', ''),
(8, 8, 7, '2020-06-26', 5000, 0, '2020-06-25 00:00:00', 'upload', '0000-00-00', ''),
(9, 9, 18, '2020-06-26', 440, 2, '2020-06-25 00:00:00', 'upload', '0000-00-00', ''),
(10, 10, 19, '2020-06-26', 440, 2, '2020-06-25 00:00:00', 'upload', '0000-00-00', ''),
(11, 11, 20, '2020-06-26', 440, 2, '2020-06-25 00:00:00', 'upload', '0000-00-00', ''),
(12, 12, 22, '2020-06-26', 440, 2, '2020-06-25 00:00:00', 'upload', '0000-00-00', ''),
(13, 13, 18, '2020-06-26', 440, 0, '2020-06-25 00:00:00', 'upload', '0000-00-00', ''),
(14, 14, 19, '2020-06-26', 440, 0, '2020-06-25 00:00:00', 'upload', '0000-00-00', ''),
(15, 15, 20, '2020-06-26', 440, 0, '2020-06-25 00:00:00', 'upload', '0000-00-00', ''),
(16, 16, 22, '2020-06-26', 440, 0, '2020-06-25 00:00:00', 'upload', '0000-00-00', ''),
(17, 17, 37, '2020-06-26', 2500, 2, '2020-06-25 00:00:00', 'upload', '0000-00-00', ''),
(18, 18, 38, '2020-06-26', 4000, 0, '2020-06-25 00:00:00', 'upload', '0000-00-00', ''),
(19, 19, 23, '2020-06-26', 4000, 0, '2020-06-25 00:00:00', 'upload', '0000-00-00', ''),
(21, 21, 1, '2020-06-26', 2000, 0, '2020-06-25 00:00:00', 'upload', '0000-00-00', ''),
(22, 22, 1, '2020-06-26', 2000, 0, '2020-06-25 00:00:00', 'upload', '0000-00-00', ''),
(23, 23, 1, '2020-06-26', 2000, 0, '2020-06-25 00:00:00', 'upload', '0000-00-00', ''),
(24, 24, 1, '2020-06-26', 2000, 0, '2020-06-25 00:00:00', 'upload', '0000-00-00', ''),
(25, 25, 33, '2020-06-26', 2300, 2, '2020-06-25 00:00:00', 'upload', '0000-00-00', ''),
(26, 26, 33, '2020-06-26', 2300, 2, '2020-06-25 00:00:00', 'upload', '0000-00-00', ''),
(51, 51, 0, '2020-06-26', 22000, 0, '2020-06-26 00:00:00', 'upload', '0000-00-00', ''),
(52, 52, 0, '2020-06-26', 7000, 0, '2020-06-26 00:00:00', 'upload', '0000-00-00', ''),
(53, 53, 28, '2020-06-29', 3000, 2, '2020-06-26 00:00:00', 'upload', '0000-00-00', ''),
(54, 54, 29, '2020-06-29', 3000, 2, '2020-06-26 00:00:00', 'upload', '0000-00-00', ''),
(55, 55, 30, '2020-06-29', 3000, 2, '2020-06-26 00:00:00', 'upload', '0000-00-00', ''),
(56, 56, 28, '2020-06-29', 3000, 0, '2020-06-26 00:00:00', 'upload', '0000-00-00', ''),
(57, 57, 29, '2020-06-29', 3000, 0, '2020-06-26 00:00:00', 'upload', '0000-00-00', ''),
(58, 58, 30, '2020-06-29', 3000, 0, '2020-06-26 00:00:00', 'upload', '0000-00-00', ''),
(59, 59, 0, '2020-06-26', 8000, 0, '2020-06-26 00:00:00', 'upload', '0000-00-00', ''),
(60, 60, 25, '2020-06-29', 14171, 0, '2020-06-26 00:00:00', 'upload', '0000-00-00', ''),
(61, 61, 26, '2020-06-29', 10919, 2, '2020-06-26 00:00:00', 'upload', '0000-00-00', ''),
(62, 62, 0, '2020-06-26', 1200, 0, '2020-06-26 00:00:00', 'upload', '0000-00-00', ''),
(63, 63, 0, '2020-06-26', 1200, 0, '2020-06-26 00:00:00', 'upload', '0000-00-00', ''),
(64, 64, 0, '2020-06-26', 1200, 0, '2020-06-26 00:00:00', 'upload', '0000-00-00', ''),
(65, 65, 0, '2020-06-26', 1200, 0, '2020-06-26 00:00:00', 'upload', '0000-00-00', ''),
(66, 66, 0, '2020-06-26', 5000, 0, '2020-06-26 00:00:00', 'upload', '0000-00-00', ''),
(67, 67, 38, '2020-06-29', 50, 0, '2020-06-26 00:00:00', 'upload', '0000-00-00', ''),
(68, 68, 38, '2020-06-29', 45, 0, '2020-06-26 00:00:00', 'upload', '0000-00-00', ''),
(69, 69, 38, '2020-06-29', 40, 0, '2020-06-26 00:00:00', 'upload', '0000-00-00', ''),
(70, 70, 0, '2020-06-26', 440, 0, '2020-06-26 00:00:00', 'upload', '0000-00-00', ''),
(71, 71, 0, '2020-06-26', 440, 0, '2020-06-26 00:00:00', 'upload', '0000-00-00', ''),
(72, 72, 0, '2020-06-26', 440, 0, '2020-06-26 00:00:00', 'upload', '0000-00-00', ''),
(73, 73, 0, '2020-06-26', 440, 0, '2020-06-26 00:00:00', 'upload', '0000-00-00', ''),
(74, 74, 0, '2020-06-26', 440, 0, '2020-06-26 00:00:00', 'upload', '0000-00-00', ''),
(75, 75, 0, '2020-06-26', 440, 0, '2020-06-26 00:00:00', 'upload', '0000-00-00', ''),
(76, 76, 0, '2020-06-26', 440, 0, '2020-06-26 00:00:00', 'upload', '0000-00-00', ''),
(77, 77, 0, '2020-06-26', 440, 0, '2020-06-26 00:00:00', 'upload', '0000-00-00', ''),
(78, 78, 0, '2020-06-26', 2500, 0, '2020-06-26 00:00:00', 'upload', '0000-00-00', ''),
(79, 79, 0, '2020-06-26', 4000, 0, '2020-06-26 00:00:00', 'upload', '0000-00-00', ''),
(80, 80, 0, '2020-06-26', 4000, 0, '2020-06-26 00:00:00', 'upload', '0000-00-00', ''),
(81, 81, 24, '2020-06-29', 920, 0, '2020-06-26 00:00:00', 'upload', '0000-00-00', ''),
(82, 82, 22, '2020-06-29', 920, 0, '2020-06-26 00:00:00', 'upload', '0000-00-00', ''),
(83, 83, 23, '2020-06-29', 920, 2, '2020-06-26 00:00:00', 'upload', '0000-00-00', ''),
(84, 84, 24, '2020-06-29', 920, 0, '2020-06-26 00:00:00', 'upload', '0000-00-00', ''),
(85, 85, 22, '2020-06-29', 920, 2, '2020-06-26 00:00:00', 'upload', '0000-00-00', ''),
(86, 86, 23, '2020-06-29', 920, 2, '2020-06-26 00:00:00', 'upload', '0000-00-00', ''),
(87, 87, 0, '2020-06-26', 2000, 0, '2020-06-26 00:00:00', 'upload', '0000-00-00', ''),
(88, 88, 0, '2020-06-26', 2000, 0, '2020-06-26 00:00:00', 'upload', '0000-00-00', ''),
(89, 89, 0, '2020-06-26', 2000, 0, '2020-06-26 00:00:00', 'upload', '0000-00-00', ''),
(90, 90, 1, '2020-06-29', 3000, 0, '2020-06-26 00:00:00', 'upload', '0000-00-00', ''),
(91, 91, 0, '2020-06-26', 2000, 0, '2020-06-26 00:00:00', 'upload', '0000-00-00', ''),
(92, 92, 0, '2020-06-26', 4600, 0, '2020-06-26 00:00:00', 'upload', '0000-00-00', ''),
(93, 93, 0, '2020-06-26', 22000, 0, '2020-06-26 00:00:00', 'upload', '0000-00-00', ''),
(94, 94, 0, '2020-06-26', 7000, 0, '2020-06-26 00:00:00', 'upload', '0000-00-00', ''),
(95, 95, 0, '2020-06-26', 8000, 0, '2020-06-26 00:00:00', 'upload', '0000-00-00', ''),
(96, 96, 0, '2020-06-26', 1200, 0, '2020-06-26 00:00:00', 'upload', '0000-00-00', ''),
(97, 97, 0, '2020-06-26', 1200, 0, '2020-06-26 00:00:00', 'upload', '0000-00-00', ''),
(98, 98, 0, '2020-06-26', 1200, 0, '2020-06-26 00:00:00', 'upload', '0000-00-00', ''),
(99, 99, 0, '2020-06-26', 1200, 0, '2020-06-26 00:00:00', 'upload', '0000-00-00', ''),
(100, 100, 0, '2020-06-26', 5000, 0, '2020-06-26 00:00:00', 'upload', '0000-00-00', ''),
(101, 101, 0, '2020-06-26', 440, 0, '2020-06-26 00:00:00', 'upload', '0000-00-00', ''),
(102, 102, 0, '2020-06-26', 440, 0, '2020-06-26 00:00:00', 'upload', '0000-00-00', ''),
(103, 103, 0, '2020-06-26', 440, 0, '2020-06-26 00:00:00', 'upload', '0000-00-00', ''),
(104, 104, 0, '2020-06-26', 440, 0, '2020-06-26 00:00:00', 'upload', '0000-00-00', ''),
(105, 105, 0, '2020-06-26', 440, 0, '2020-06-26 00:00:00', 'upload', '0000-00-00', ''),
(106, 106, 0, '2020-06-26', 440, 0, '2020-06-26 00:00:00', 'upload', '0000-00-00', ''),
(107, 107, 0, '2020-06-26', 440, 0, '2020-06-26 00:00:00', 'upload', '0000-00-00', ''),
(108, 108, 0, '2020-06-26', 440, 0, '2020-06-26 00:00:00', 'upload', '0000-00-00', ''),
(109, 109, 0, '2020-06-26', 2500, 0, '2020-06-26 00:00:00', 'upload', '0000-00-00', ''),
(110, 110, 0, '2020-06-26', 4000, 0, '2020-06-26 00:00:00', 'upload', '0000-00-00', ''),
(111, 111, 0, '2020-06-26', 4000, 0, '2020-06-26 00:00:00', 'upload', '0000-00-00', ''),
(112, 112, 0, '2020-06-26', 2000, 0, '2020-06-26 00:00:00', 'upload', '0000-00-00', ''),
(113, 113, 0, '2020-06-26', 2000, 0, '2020-06-26 00:00:00', 'upload', '0000-00-00', ''),
(114, 114, 0, '2020-06-26', 2000, 0, '2020-06-26 00:00:00', 'upload', '0000-00-00', ''),
(115, 115, 0, '2020-06-26', 2000, 0, '2020-06-26 00:00:00', 'upload', '0000-00-00', ''),
(116, 116, 0, '2020-06-26', 4600, 0, '2020-06-26 00:00:00', 'upload', '0000-00-00', ''),
(117, 116, 33, '2020-06-29', 2300, 2, '2020-06-26 00:00:00', 'upload', '0000-00-00', ''),
(118, 117, 0, '2020-06-26', 22000, 0, '2020-06-29 00:00:00', 'upload', '0000-00-00', ''),
(119, 118, 0, '2020-06-26', 7000, 0, '2020-06-29 00:00:00', 'upload', '0000-00-00', ''),
(120, 119, 0, '2020-06-26', 8000, 0, '2020-06-29 00:00:00', 'upload', '0000-00-00', ''),
(121, 120, 26, '2020-06-30', 4589, 2, '2020-06-29 00:00:00', 'upload', '0000-00-00', ''),
(122, 121, 0, '2020-06-26', 1200, 0, '2020-06-29 00:00:00', 'upload', '0000-00-00', ''),
(123, 122, 0, '2020-06-26', 1200, 0, '2020-06-29 00:00:00', 'upload', '0000-00-00', ''),
(124, 123, 0, '2020-06-26', 1200, 0, '2020-06-29 00:00:00', 'upload', '0000-00-00', ''),
(125, 124, 0, '2020-06-26', 1200, 0, '2020-06-29 00:00:00', 'upload', '0000-00-00', ''),
(126, 125, 0, '2020-06-26', 5000, 0, '2020-06-29 00:00:00', 'upload', '0000-00-00', ''),
(127, 126, 0, '2020-06-26', 440, 0, '2020-06-29 00:00:00', 'upload', '0000-00-00', ''),
(128, 127, 0, '2020-06-26', 440, 0, '2020-06-29 00:00:00', 'upload', '0000-00-00', ''),
(129, 128, 0, '2020-06-26', 440, 0, '2020-06-29 00:00:00', 'upload', '0000-00-00', ''),
(130, 129, 0, '2020-06-26', 440, 0, '2020-06-29 00:00:00', 'upload', '0000-00-00', ''),
(131, 130, 0, '2020-06-26', 440, 0, '2020-06-29 00:00:00', 'upload', '0000-00-00', ''),
(132, 131, 0, '2020-06-26', 440, 0, '2020-06-29 00:00:00', 'upload', '0000-00-00', ''),
(133, 132, 0, '2020-06-26', 440, 0, '2020-06-29 00:00:00', 'upload', '0000-00-00', ''),
(134, 133, 0, '2020-06-26', 440, 0, '2020-06-29 00:00:00', 'upload', '0000-00-00', ''),
(135, 134, 0, '2020-06-26', 2500, 0, '2020-06-29 00:00:00', 'upload', '0000-00-00', ''),
(136, 135, 0, '2020-06-26', 4000, 0, '2020-06-29 00:00:00', 'upload', '0000-00-00', ''),
(137, 135, 38, '2020-06-30', 1729, 0, '2020-06-29 00:00:00', 'upload', '0000-00-00', ''),
(138, 136, 0, '2020-06-26', 4000, 0, '2020-06-29 00:00:00', 'upload', '0000-00-00', ''),
(139, 136, 23, '2020-06-30', 1729, 0, '2020-06-29 00:00:00', 'upload', '0000-00-00', ''),
(140, 137, 24, '2020-06-30', 5681, 0, '2020-06-29 00:00:00', 'upload', '0000-00-00', ''),
(141, 138, 0, '2020-06-26', 2000, 0, '2020-06-29 00:00:00', 'upload', '0000-00-00', ''),
(142, 139, 0, '2020-06-26', 2000, 0, '2020-06-29 00:00:00', 'upload', '0000-00-00', ''),
(143, 140, 0, '2020-06-26', 2000, 0, '2020-06-29 00:00:00', 'upload', '0000-00-00', ''),
(144, 141, 0, '2020-06-26', 2000, 0, '2020-06-29 00:00:00', 'upload', '0000-00-00', ''),
(145, 142, 0, '2020-06-26', 4600, 0, '2020-06-29 00:00:00', 'upload', '0000-00-00', ''),
(146, 142, 0, '2020-06-29', 2300, 0, '2020-06-29 00:00:00', 'upload', '0000-00-00', ''),
(147, 143, 30, '2020-07-01', 3000, 2, '2020-06-30 00:00:00', 'upload', '0000-00-00', ''),
(148, 144, 29, '2020-07-01', 3000, 2, '2020-06-30 00:00:00', 'upload', '0000-00-00', ''),
(149, 145, 28, '2020-07-01', 3000, 2, '2020-06-30 00:00:00', 'upload', '0000-00-00', ''),
(150, 146, 30, '2020-07-01', 700, 0, '2020-06-30 00:00:00', 'upload', '0000-00-00', ''),
(151, 147, 24, '2020-07-01', 2541, 2, '2020-06-30 00:00:00', 'upload', '0000-00-00', ''),
(152, 148, 16, '2020-07-01', 2541, 2, '2020-06-30 00:00:00', 'upload', '0000-00-00', ''),
(153, 149, 29, '2020-07-01', 1415, 0, '2020-06-30 00:00:00', 'upload', '0000-00-00', ''),
(154, 150, 24, '2020-07-01', 3656, 2, '2020-06-30 00:00:00', 'upload', '0000-00-00', ''),
(155, 151, 0, '2020-07-01', 2500, 0, '2020-06-30 00:00:00', 'upload', '0000-00-00', ''),
(156, 152, 38, '2020-07-01', 2500, 0, '2020-06-30 00:00:00', 'upload', '0000-00-00', ''),
(157, 153, 0, '2020-07-01', 6000, 0, '2020-06-30 00:00:00', 'upload', '0000-00-00', ''),
(158, 154, 9, '2020-07-01', 8000, 0, '2020-06-30 00:00:00', 'upload', '0000-00-00', ''),
(159, 155, 9, '2020-07-01', 8000, 2, '2020-06-30 00:00:00', 'upload', '0000-00-00', ''),
(160, 156, 0, '2020-07-01', 8000, 0, '2020-06-30 00:00:00', 'upload', '0000-00-00', ''),
(161, 157, 0, '2020-07-01', 440, 0, '2020-06-30 00:00:00', 'upload', '0000-00-00', ''),
(162, 158, 0, '2020-07-01', 440, 0, '2020-06-30 00:00:00', 'upload', '0000-00-00', ''),
(163, 159, 0, '2020-07-01', 440, 0, '2020-06-30 00:00:00', 'upload', '0000-00-00', ''),
(164, 160, 0, '2020-07-01', 440, 0, '2020-06-30 00:00:00', 'upload', '0000-00-00', ''),
(165, 161, 30, '2020-07-01', 1830, 0, '2020-06-30 00:00:00', 'upload', '0000-00-00', ''),
(166, 162, 27, '2020-07-01', 1830, 0, '2020-06-30 00:00:00', 'upload', '0000-00-00', ''),
(167, 163, 7, '2020-07-01', 2900, 2, '2020-06-30 00:00:00', 'upload', '0000-00-00', ''),
(168, 164, 10, '2020-07-01', 2900, 2, '2020-06-30 00:00:00', 'upload', '0000-00-00', ''),
(169, 165, 0, '2020-07-01', 7000, 0, '2020-06-30 00:00:00', 'upload', '0000-00-00', ''),
(170, 166, 0, '2020-07-01', 3443, 0, '2020-06-30 00:00:00', 'upload', '0000-00-00', ''),
(171, 167, 25, '2020-07-01', 6000, 0, '2020-06-30 00:00:00', 'upload', '0000-00-00', ''),
(172, 168, 18, '2020-07-01', 60, 0, '2020-07-01 00:00:00', 'upload', '0000-00-00', ''),
(173, 169, 19, '2020-07-01', 60, 0, '2020-07-01 00:00:00', 'upload', '0000-00-00', ''),
(174, 170, 20, '2020-07-01', 60, 0, '2020-07-01 00:00:00', 'upload', '0000-00-00', ''),
(175, 171, 22, '2020-07-01', 60, 0, '2020-07-01 00:00:00', 'upload', '0000-00-00', ''),
(176, 172, 18, '2020-07-01', 15, 0, '2020-07-01 00:00:00', 'upload', '0000-00-00', ''),
(177, 173, 19, '2020-07-01', 15, 0, '2020-07-01 00:00:00', 'upload', '0000-00-00', ''),
(178, 174, 20, '2020-07-01', 15, 2, '2020-07-01 00:00:00', 'upload', '0000-00-00', ''),
(179, 175, 22, '2020-07-01', 15, 2, '2020-07-01 00:00:00', 'upload', '0000-00-00', ''),
(180, 176, 0, '2020-07-01', 60, 0, '2020-07-01 00:00:00', 'upload', '0000-00-00', ''),
(181, 177, 0, '2020-07-01', 60, 0, '2020-07-01 00:00:00', 'upload', '0000-00-00', ''),
(182, 178, 0, '2020-07-01', 60, 0, '2020-07-01 00:00:00', 'upload', '0000-00-00', ''),
(183, 179, 0, '2020-07-01', 60, 0, '2020-07-01 00:00:00', 'upload', '0000-00-00', ''),
(184, 180, 0, '2020-07-01', 15, 0, '2020-07-01 00:00:00', 'upload', '0000-00-00', ''),
(185, 181, 0, '2020-07-01', 15, 0, '2020-07-01 00:00:00', 'upload', '0000-00-00', ''),
(186, 182, 0, '2020-07-01', 15, 0, '2020-07-01 00:00:00', 'upload', '0000-00-00', ''),
(187, 183, 0, '2020-07-01', 15, 0, '2020-07-01 00:00:00', 'upload', '0000-00-00', ''),
(188, 184, 3, '2020-07-01', 50000, 2, '2020-07-01 00:00:00', 'upload', '0000-00-00', ''),
(189, 185, 3, '2020-07-01', 30000, 2, '2020-07-01 00:00:00', 'upload', '0000-00-00', ''),
(190, 186, 4, '2020-07-01', 50000, 2, '2020-07-01 00:00:00', 'upload', '0000-00-00', ''),
(191, 187, 4, '2020-07-01', 50000, 0, '2020-07-01 00:00:00', 'upload', '0000-00-00', ''),
(192, 188, 4, '2020-07-01', 30000, 0, '2020-07-01 00:00:00', 'upload', '0000-00-00', ''),
(193, 189, 3, '2020-07-01', 50000, 2, '2020-07-01 00:00:00', 'upload', '0000-00-00', ''),
(194, 190, 18, '2020-07-01', 2500, 2, '2020-07-01 00:00:00', 'upload', '0000-00-00', ''),
(195, 191, 19, '2020-07-01', 2500, 0, '2020-07-01 00:00:00', 'upload', '0000-00-00', ''),
(196, 192, 22, '2020-07-01', 2500, 2, '2020-07-01 00:00:00', 'upload', '0000-00-00', ''),
(197, 193, 14, '2020-07-01', 2500, 0, '2020-07-01 00:00:00', 'upload', '0000-00-00', ''),
(198, 194, 15, '2020-07-01', 2500, 2, '2020-07-01 00:00:00', 'upload', '0000-00-00', ''),
(199, 195, 26, '2020-07-02', 4095, 2, '2020-07-01 00:00:00', 'upload', '0000-00-00', ''),
(200, 196, 9, '2020-07-02', 5037, 2, '2020-07-01 00:00:00', 'upload', '0000-00-00', ''),
(201, 197, 10, '2020-07-02', 5037, 2, '2020-07-01 00:00:00', 'upload', '0000-00-00', ''),
(202, 198, 24, '2020-07-02', 1083, 2, '2020-07-01 00:00:00', 'upload', '0000-00-00', ''),
(203, 199, 16, '2020-07-02', 1083, 2, '2020-07-01 00:00:00', 'upload', '0000-00-00', ''),
(204, 200, 26, '2020-07-02', 10000, 2, '2020-07-01 00:00:00', 'upload', '0000-00-00', ''),
(205, 201, 9, '2020-07-02', 10919, 2, '2020-07-01 00:00:00', 'upload', '0000-00-00', ''),
(206, 202, 14, '2020-07-02', 1000, 0, '2020-07-01 00:00:00', 'upload', '0000-00-00', ''),
(207, 203, 13, '2020-07-02', 1000, 0, '2020-07-01 00:00:00', 'upload', '0000-00-00', ''),
(208, 204, 11, '2020-07-02', 1000, 2, '2020-07-01 00:00:00', 'upload', '0000-00-00', ''),
(209, 205, 13, '2020-07-02', 1000, 0, '2020-07-01 00:00:00', 'upload', '0000-00-00', ''),
(210, 206, 12, '2020-07-02', 1000, 0, '2020-07-01 00:00:00', 'upload', '0000-00-00', ''),
(211, 207, 12, '2020-07-02', 1000, 2, '2020-07-01 00:00:00', 'upload', '0000-00-00', ''),
(212, 208, 11, '2020-07-02', 1000, 2, '2020-07-01 00:00:00', 'upload', '0000-00-00', ''),
(213, 209, 7, '2020-07-02', 12000, 2, '2020-07-01 00:00:00', 'upload', '0000-00-00', ''),
(214, 210, 24, '2020-07-02', 14000, 0, '2020-07-01 00:00:00', 'upload', '0000-00-00', ''),
(215, 211, 24, '2020-07-02', 2200, 0, '2020-07-01 00:00:00', 'upload', '0000-00-00', ''),
(216, 212, 22, '2020-07-02', 2200, 2, '2020-07-01 00:00:00', 'upload', '0000-00-00', ''),
(217, 213, 23, '2020-07-02', 2200, 2, '2020-07-01 00:00:00', 'upload', '0000-00-00', ''),
(218, 214, 26, '2020-07-02', 5000, 2, '2020-07-01 00:00:00', 'upload', '0000-00-00', ''),
(219, 215, 24, '2020-07-02', 6400, 2, '2020-07-01 00:00:00', 'upload', '0000-00-00', ''),
(220, 216, 25, '2020-07-02', 5000, 0, '2020-07-01 00:00:00', 'upload', '0000-00-00', ''),
(221, 217, 25, '2020-07-02', 6200, 0, '2020-07-01 00:00:00', 'upload', '0000-00-00', ''),
(222, 218, 25, '2020-07-02', 3200, 0, '2020-07-01 00:00:00', 'upload', '0000-00-00', ''),
(223, 219, 1, '2020-07-02', 3000, 0, '2020-07-01 00:00:00', 'upload', '0000-00-00', ''),
(224, 220, 1, '2020-07-02', 6000, 0, '2020-07-01 00:00:00', 'upload', '0000-00-00', ''),
(225, 221, 26, '2020-07-02', 10000, 2, '2020-07-02 00:00:00', 'upload', '0000-00-00', ''),
(226, 222, 6, '2020-07-02', 5000, 0, '2020-07-02 00:00:00', 'upload', '0000-00-00', ''),
(227, 223, 9, '2020-07-02', 9156, 2, '2020-07-02 00:00:00', 'upload', '0000-00-00', ''),
(228, 224, 24, '2020-07-02', 6000, 2, '2020-07-02 00:00:00', 'upload', '0000-00-00', ''),
(229, 225, 7, '2020-07-02', 14000, 2, '2020-07-02 00:00:00', 'upload', '0000-00-00', ''),
(230, 226, 13, '2020-07-02', 400, 0, '2020-07-02 00:00:00', 'upload', '0000-00-00', ''),
(231, 227, 4, '2020-07-03', 240000, 2, '2020-07-02 00:00:00', 'upload', '0000-00-00', ''),
(232, 228, 18, '2020-07-03', 950, 2, '2020-07-02 00:00:00', 'upload', '0000-00-00', ''),
(233, 229, 19, '2020-07-03', 950, 2, '2020-07-02 00:00:00', 'upload', '0000-00-00', ''),
(234, 230, 20, '2020-07-03', 950, 2, '2020-07-02 00:00:00', 'upload', '0000-00-00', ''),
(235, 231, 18, '2020-07-03', 950, 0, '2020-07-02 00:00:00', 'upload', '0000-00-00', ''),
(236, 232, 19, '2020-07-03', 950, 0, '2020-07-02 00:00:00', 'upload', '0000-00-00', ''),
(237, 233, 20, '2020-07-03', 950, 0, '2020-07-02 00:00:00', 'upload', '0000-00-00', ''),
(238, 234, 30, '2020-07-03', 3500, 2, '2020-07-02 00:00:00', 'upload', '0000-00-00', ''),
(239, 235, 29, '2020-07-03', 3500, 2, '2020-07-02 00:00:00', 'upload', '0000-00-00', ''),
(240, 236, 28, '2020-07-03', 3500, 2, '2020-07-02 00:00:00', 'upload', '0000-00-00', ''),
(241, 237, 25, '2020-07-03', 4733, 2, '2020-07-02 00:00:00', 'upload', '0000-00-00', ''),
(242, 238, 16, '2020-07-03', 4733, 2, '2020-07-02 00:00:00', 'upload', '0000-00-00', ''),
(243, 239, 7, '2020-07-03', 2000, 2, '2020-07-02 00:00:00', 'upload', '0000-00-00', ''),
(244, 240, 9, '2020-07-03', 14630, 2, '2020-07-02 00:00:00', 'upload', '0000-00-00', ''),
(245, 241, 9, '2020-07-03', 10919, 0, '2020-07-02 00:00:00', 'upload', '0000-00-00', ''),
(246, 242, 6, '2020-07-03', 5000, 2, '2020-07-02 00:00:00', 'upload', '0000-00-00', ''),
(247, 243, 7, '2020-07-03', 10074, 2, '2020-07-02 00:00:00', 'upload', '0000-00-00', ''),
(248, 244, 6, '2020-07-03', 10000, 0, '2020-07-02 00:00:00', 'upload', '0000-00-00', ''),
(249, 245, 38, '2020-07-03', 5978, 0, '2020-07-02 00:00:00', 'upload', '0000-00-00', ''),
(250, 246, 27, '2020-07-03', 5978, 0, '2020-07-02 00:00:00', 'upload', '0000-00-00', ''),
(251, 247, 38, '2020-07-03', 5758, 0, '2020-07-02 00:00:00', 'upload', '0000-00-00', ''),
(252, 248, 23, '2020-07-03', 5758, 2, '2020-07-02 00:00:00', 'upload', '0000-00-00', ''),
(253, 249, 38, '2020-07-03', 8000, 0, '2020-07-02 00:00:00', 'upload', '0000-00-00', ''),
(254, 250, 24, '2020-07-03', 3000, 2, '2020-07-02 00:00:00', 'upload', '0000-00-00', ''),
(255, 251, 38, '2020-07-03', 3000, 0, '2020-07-02 00:00:00', 'upload', '0000-00-00', ''),
(256, 252, 26, '2020-07-03', 7000, 0, '2020-07-02 00:00:00', 'upload', '0000-00-00', ''),
(257, 253, 24, '2020-07-03', 5000, 0, '2020-07-02 00:00:00', 'upload', '0000-00-00', ''),
(258, 254, 25, '2020-07-03', 6602, 0, '2020-07-02 00:00:00', 'upload', '0000-00-00', ''),
(259, 255, 24, '2020-07-03', 5000, 2, '2020-07-02 00:00:00', 'upload', '0000-00-00', ''),
(260, 256, 3, '2020-07-06', 200000, 2, '2020-07-03 00:00:00', 'upload', '0000-00-00', ''),
(261, 257, 18, '2020-07-06', 1854, 2, '2020-07-03 00:00:00', 'upload', '0000-00-00', ''),
(262, 258, 19, '2020-07-06', 1854, 2, '2020-07-03 00:00:00', 'upload', '0000-00-00', ''),
(263, 259, 20, '2020-07-06', 1854, 2, '2020-07-03 00:00:00', 'upload', '0000-00-00', ''),
(264, 260, 22, '2020-07-06', 1854, 2, '2020-07-03 00:00:00', 'upload', '0000-00-00', ''),
(265, 261, 23, '2020-07-06', 1854, 2, '2020-07-03 00:00:00', 'upload', '0000-00-00', ''),
(266, 262, 18, '2020-07-06', 1854, 0, '2020-07-03 00:00:00', 'upload', '0000-00-00', ''),
(267, 263, 19, '2020-07-06', 1854, 0, '2020-07-03 00:00:00', 'upload', '0000-00-00', ''),
(268, 264, 20, '2020-07-06', 1854, 0, '2020-07-03 00:00:00', 'upload', '0000-00-00', ''),
(269, 265, 22, '2020-07-06', 1854, 0, '2020-07-03 00:00:00', 'upload', '0000-00-00', ''),
(270, 266, 23, '2020-07-06', 1854, 0, '2020-07-03 00:00:00', 'upload', '0000-00-00', ''),
(271, 267, 38, '2020-07-06', 2763, 2, '2020-07-03 00:00:00', 'upload', '0000-00-00', ''),
(272, 268, 29, '2020-07-06', 2763, 2, '2020-07-03 00:00:00', 'upload', '0000-00-00', ''),
(273, 269, 28, '2020-07-06', 2763, 2, '2020-07-03 00:00:00', 'upload', '0000-00-00', ''),
(274, 270, 38, '2020-07-06', 2763, 0, '2020-07-03 00:00:00', 'upload', '0000-00-00', ''),
(275, 271, 29, '2020-07-06', 2763, 0, '2020-07-03 00:00:00', 'upload', '0000-00-00', ''),
(276, 272, 28, '2020-07-06', 2763, 0, '2020-07-03 00:00:00', 'upload', '0000-00-00', ''),
(277, 273, 24, '2020-07-06', 3067, 0, '2020-07-03 00:00:00', 'upload', '0000-00-00', ''),
(278, 274, 9, '2020-07-06', 410, 0, '2020-07-03 00:00:00', 'upload', '0000-00-00', ''),
(279, 275, 11, '2020-07-06', 410, 2, '2020-07-03 00:00:00', 'upload', '0000-00-00', ''),
(280, 276, 12, '2020-07-06', 410, 2, '2020-07-03 00:00:00', 'upload', '0000-00-00', ''),
(281, 277, 14, '2020-07-06', 387, 0, '2020-07-03 00:00:00', 'upload', '0000-00-00', ''),
(282, 278, 14, '2020-07-06', 444, 0, '2020-07-03 00:00:00', 'upload', '0000-00-00', ''),
(283, 279, 26, '2020-07-06', 6923, 0, '2020-07-03 00:00:00', 'upload', '0000-00-00', ''),
(284, 280, 15, '2020-07-06', 6923, 2, '2020-07-03 00:00:00', 'upload', '0000-00-00', ''),
(285, 281, 9, '2020-07-06', 4905, 0, '2020-07-03 00:00:00', 'upload', '0000-00-00', ''),
(286, 282, 10, '2020-07-06', 4905, 2, '2020-07-03 00:00:00', 'upload', '0000-00-00', ''),
(287, 283, 6, '2020-07-06', 5000, 0, '2020-07-03 00:00:00', 'upload', '0000-00-00', ''),
(288, 284, 7, '2020-07-06', 10000, 0, '2020-07-03 00:00:00', 'upload', '0000-00-00', ''),
(289, 285, 6, '2020-07-06', 5000, 0, '2020-07-03 00:00:00', 'upload', '0000-00-00', ''),
(290, 286, 38, '2020-07-06', 3402, 0, '2020-07-03 00:00:00', 'upload', '0000-00-00', ''),
(291, 287, 25, '2020-07-06', 4000, 2, '2020-07-03 00:00:00', 'upload', '0000-00-00', ''),
(292, 288, 25, '2020-07-06', 6200, 0, '2020-07-03 00:00:00', 'upload', '0000-00-00', ''),
(293, 289, 25, '2020-07-06', 10000, 2, '2020-07-03 00:00:00', 'upload', '0000-00-00', ''),
(294, 290, 24, '2020-07-06', 10000, 0, '2020-07-03 00:00:00', 'upload', '0000-00-00', ''),
(295, 291, 22, '2020-07-06', 250, 0, '2020-07-03 00:00:00', 'upload', '0000-00-00', ''),
(296, 292, 1, '2020-07-06', 9000, 2, '2020-07-03 00:00:00', 'upload', '0000-00-00', ''),
(297, 293, 33, '2020-07-06', 2300, 2, '2020-07-03 00:00:00', 'upload', '0000-00-00', ''),
(298, 294, 33, '2020-07-06', 2300, 2, '2020-07-03 00:00:00', 'upload', '0000-00-00', ''),
(299, 295, 9, '2020-07-06', 3961, 2, '2020-07-06 00:00:00', 'upload', '0000-00-00', ''),
(300, 296, 15, '2020-07-06', 3961, 0, '2020-07-06 00:00:00', 'upload', '0000-00-00', ''),
(301, 297, 4, '2020-07-06', 210000, 0, '2020-07-06 00:00:00', 'upload', '0000-00-00', ''),
(302, 298, 24, '2020-07-06', 2500, 0, '2020-07-06 00:00:00', 'upload', '0000-00-00', ''),
(303, 299, 4, '2020-07-07', 50000, 2, '2020-07-06 00:00:00', 'upload', '0000-00-00', ''),
(304, 300, 3, '2020-07-07', 50000, 0, '2020-07-06 00:00:00', 'upload', '0000-00-00', ''),
(305, 301, 26, '2020-07-07', 1465, 0, '2020-07-06 00:00:00', 'upload', '0000-00-00', ''),
(306, 302, 24, '2020-07-07', 4000, 0, '2020-07-06 00:00:00', 'upload', '0000-00-00', ''),
(307, 303, 16, '2020-07-07', 4000, 2, '2020-07-06 00:00:00', 'upload', '0000-00-00', ''),
(308, 304, 30, '2020-07-07', 3000, 2, '2020-07-06 00:00:00', 'upload', '0000-00-00', ''),
(309, 305, 29, '2020-07-07', 3000, 2, '2020-07-06 00:00:00', 'upload', '0000-00-00', ''),
(310, 306, 28, '2020-07-07', 3000, 2, '2020-07-06 00:00:00', 'upload', '0000-00-00', ''),
(311, 307, 18, '2020-07-07', 1500, 0, '2020-07-06 00:00:00', 'upload', '0000-00-00', ''),
(312, 308, 19, '2020-07-07', 1500, 0, '2020-07-06 00:00:00', 'upload', '0000-00-00', ''),
(313, 309, 20, '2020-07-07', 1500, 2, '2020-07-06 00:00:00', 'upload', '0000-00-00', ''),
(314, 310, 21, '2020-07-07', 1500, 0, '2020-07-06 00:00:00', 'upload', '0000-00-00', ''),
(315, 311, 22, '2020-07-07', 1500, 0, '2020-07-06 00:00:00', 'upload', '0000-00-00', ''),
(316, 312, 27, '2020-07-07', 1500, 0, '2020-07-06 00:00:00', 'upload', '0000-00-00', ''),
(317, 313, 19, '2020-07-07', 1500, 0, '2020-07-06 00:00:00', 'upload', '0000-00-00', ''),
(318, 314, 20, '2020-07-07', 1500, 0, '2020-07-06 00:00:00', 'upload', '0000-00-00', ''),
(319, 315, 21, '2020-07-07', 1500, 0, '2020-07-06 00:00:00', 'upload', '0000-00-00', ''),
(320, 316, 22, '2020-07-07', 1500, 0, '2020-07-06 00:00:00', 'upload', '0000-00-00', ''),
(321, 317, 23, '2020-07-07', 900, 2, '2020-07-06 00:00:00', 'upload', '0000-00-00', ''),
(322, 318, 16, '2020-07-07', 900, 0, '2020-07-06 00:00:00', 'upload', '0000-00-00', ''),
(323, 319, 21, '2020-07-07', 900, 0, '2020-07-06 00:00:00', 'upload', '0000-00-00', ''),
(324, 320, 38, '2020-07-07', 2900, 2, '2020-07-06 00:00:00', 'upload', '0000-00-00', ''),
(325, 321, 11, '2020-07-07', 2900, 2, '2020-07-06 00:00:00', 'upload', '0000-00-00', ''),
(326, 322, 25, '2020-07-07', 2200, 0, '2020-07-06 00:00:00', 'upload', '0000-00-00', ''),
(327, 323, 30, '2020-07-07', 2200, 2, '2020-07-06 00:00:00', 'upload', '0000-00-00', ''),
(328, 324, 24, '2020-07-07', 2700, 2, '2020-07-06 00:00:00', 'upload', '0000-00-00', ''),
(329, 325, 10, '2020-07-07', 2700, 2, '2020-07-06 00:00:00', 'upload', '0000-00-00', ''),
(330, 326, 26, '2020-07-07', 6000, 2, '2020-07-06 00:00:00', 'upload', '0000-00-00', ''),
(331, 327, 26, '2020-07-07', 2800, 2, '2020-07-06 00:00:00', 'upload', '0000-00-00', ''),
(332, 328, 24, '2020-07-07', 1200, 0, '2020-07-06 00:00:00', 'upload', '0000-00-00', ''),
(333, 329, 9, '2020-07-07', 13689, 2, '2020-07-06 00:00:00', 'upload', '0000-00-00', ''),
(334, 330, 8, '2020-07-07', 6000, 2, '2020-07-06 00:00:00', 'upload', '0000-00-00', ''),
(335, 331, 12, '2020-07-07', 5000, 2, '2020-07-06 00:00:00', 'upload', '0000-00-00', ''),
(336, 332, 12, '2020-07-07', 5000, 2, '2020-07-06 00:00:00', 'upload', '0000-00-00', ''),
(337, 333, 18, '2020-07-07', 3088, 2, '2020-07-06 00:00:00', 'upload', '0000-00-00', ''),
(338, 334, 19, '2020-07-07', 3088, 2, '2020-07-06 00:00:00', 'upload', '0000-00-00', ''),
(339, 335, 27, '2020-07-07', 3088, 0, '2020-07-06 00:00:00', 'upload', '0000-00-00', ''),
(340, 336, 10, '2020-07-07', 3088, 2, '2020-07-06 00:00:00', 'upload', '0000-00-00', ''),
(341, 337, 7, '2020-07-07', 3300, 2, '2020-07-06 00:00:00', 'upload', '0000-00-00', ''),
(342, 338, 24, '2020-07-07', 3052, 0, '2020-07-06 00:00:00', 'upload', '0000-00-00', ''),
(343, 339, 22, '2020-07-07', 3052, 2, '2020-07-06 00:00:00', 'upload', '0000-00-00', ''),
(344, 340, 23, '2020-07-07', 3052, 2, '2020-07-06 00:00:00', 'upload', '0000-00-00', ''),
(345, 341, 24, '2020-07-07', 6904, 0, '2020-07-06 00:00:00', 'upload', '0000-00-00', ''),
(346, 342, 25, '2020-07-07', 6440, 0, '2020-07-06 00:00:00', 'upload', '0000-00-00', ''),
(347, 343, 25, '2020-07-07', 10000, 0, '2020-07-06 00:00:00', 'upload', '0000-00-00', ''),
(348, 344, 24, '2020-07-07', 1963, 0, '2020-07-06 00:00:00', 'upload', '0000-00-00', ''),
(349, 345, 6, '2020-07-07', 2500, 2, '2020-07-06 00:00:00', 'upload', '0000-00-00', ''),
(350, 346, 24, '2020-07-07', 10200, 2, '2020-07-06 00:00:00', 'upload', '0000-00-00', ''),
(351, 347, 24, '2020-07-07', 10200, 0, '2020-07-06 00:00:00', 'upload', '0000-00-00', ''),
(352, 348, 1, '2020-07-07', 2000, 0, '2020-07-06 00:00:00', 'upload', '0000-00-00', ''),
(353, 349, 1, '2020-07-07', 2000, 0, '2020-07-06 00:00:00', 'upload', '0000-00-00', ''),
(354, 350, 33, '2020-07-07', 2300, 2, '2020-07-06 00:00:00', 'upload', '0000-00-00', ''),
(355, 351, 33, '2020-07-07', 2300, 2, '2020-07-06 00:00:00', 'upload', '0000-00-00', ''),
(356, 352, 4, '2020-07-08', 200000, 2, '2020-07-07 00:00:00', 'upload', '0000-00-00', ''),
(357, 353, 9, '2020-07-08', 10200, 0, '2020-07-07 00:00:00', 'upload', '0000-00-00', ''),
(358, 354, 28, '2020-07-08', 3500, 0, '2020-07-07 00:00:00', 'upload', '0000-00-00', ''),
(359, 355, 29, '2020-07-08', 3500, 0, '2020-07-07 00:00:00', 'upload', '0000-00-00', ''),
(360, 356, 30, '2020-07-08', 3500, 2, '2020-07-07 00:00:00', 'upload', '0000-00-00', ''),
(361, 357, 28, '2020-07-08', 3500, 2, '2020-07-07 00:00:00', 'upload', '0000-00-00', ''),
(362, 358, 29, '2020-07-08', 3500, 2, '2020-07-07 00:00:00', 'upload', '0000-00-00', ''),
(363, 359, 30, '2020-07-08', 3500, 0, '2020-07-07 00:00:00', 'upload', '0000-00-00', ''),
(364, 360, 27, '2020-07-08', 3500, 0, '2020-07-07 00:00:00', 'upload', '0000-00-00', ''),
(365, 361, 18, '2020-07-08', 3500, 2, '2020-07-07 00:00:00', 'upload', '0000-00-00', ''),
(366, 362, 19, '2020-07-08', 3500, 2, '2020-07-07 00:00:00', 'upload', '0000-00-00', ''),
(367, 363, 24, '2020-07-08', 4733, 2, '2020-07-07 00:00:00', 'upload', '0000-00-00', ''),
(368, 364, 15, '2020-07-08', 4733, 2, '2020-07-07 00:00:00', 'upload', '0000-00-00', ''),
(369, 365, 24, '2020-07-08', 4000, 2, '2020-07-07 00:00:00', 'upload', '0000-00-00', ''),
(370, 366, 16, '2020-07-08', 4000, 2, '2020-07-07 00:00:00', 'upload', '0000-00-00', ''),
(371, 367, 8, '2020-07-08', 1852, 2, '2020-07-07 00:00:00', 'upload', '0000-00-00', ''),
(372, 368, 10, '2020-07-08', 1852, 2, '2020-07-07 00:00:00', 'upload', '0000-00-00', ''),
(373, 369, 12, '2020-07-08', 529, 2, '2020-07-07 00:00:00', 'upload', '0000-00-00', ''),
(374, 370, 27, '2020-07-08', 500, 0, '2020-07-07 00:00:00', 'upload', '0000-00-00', ''),
(375, 371, 28, '2020-07-08', 500, 2, '2020-07-07 00:00:00', 'upload', '0000-00-00', ''),
(376, 372, 29, '2020-07-08', 500, 2, '2020-07-07 00:00:00', 'upload', '0000-00-00', ''),
(377, 373, 9, '2020-07-08', 7477, 2, '2020-07-07 00:00:00', 'upload', '0000-00-00', ''),
(378, 374, 9, '2020-07-08', 16000, 2, '2020-07-07 00:00:00', 'upload', '0000-00-00', ''),
(379, 375, 24, '2020-07-08', 10000, 2, '2020-07-07 00:00:00', 'upload', '0000-00-00', ''),
(380, 376, 26, '2020-07-08', 13283, 2, '2020-07-07 00:00:00', 'upload', '0000-00-00', ''),
(381, 377, 18, '2020-07-08', 50, 2, '2020-07-07 00:00:00', 'upload', '0000-00-00', ''),
(382, 378, 19, '2020-07-08', 50, 2, '2020-07-07 00:00:00', 'upload', '0000-00-00', ''),
(383, 379, 20, '2020-07-08', 50, 2, '2020-07-07 00:00:00', 'upload', '0000-00-00', ''),
(384, 380, 22, '2020-07-08', 50, 2, '2020-07-07 00:00:00', 'upload', '0000-00-00', ''),
(385, 381, 18, '2020-07-08', 450, 2, '2020-07-07 00:00:00', 'upload', '0000-00-00', ''),
(386, 382, 19, '2020-07-08', 450, 2, '2020-07-07 00:00:00', 'upload', '0000-00-00', ''),
(387, 383, 20, '2020-07-08', 450, 0, '2020-07-07 00:00:00', 'upload', '0000-00-00', ''),
(388, 384, 22, '2020-07-08', 450, 2, '2020-07-07 00:00:00', 'upload', '0000-00-00', ''),
(389, 385, 38, '2020-07-08', 5497, 2, '2020-07-07 00:00:00', 'upload', '0000-00-00', ''),
(390, 386, 23, '2020-07-08', 5497, 2, '2020-07-07 00:00:00', 'upload', '0000-00-00', ''),
(391, 387, 38, '2020-07-08', 6322, 2, '2020-07-07 00:00:00', 'upload', '0000-00-00', ''),
(392, 388, 20, '2020-07-08', 6322, 2, '2020-07-07 00:00:00', 'upload', '0000-00-00', ''),
(393, 389, 38, '2020-07-08', 3564, 0, '2020-07-07 00:00:00', 'upload', '0000-00-00', ''),
(394, 390, 24, '2020-07-08', 5672, 0, '2020-07-07 00:00:00', 'upload', '0000-00-00', ''),
(395, 391, 22, '2020-07-08', 5672, 0, '2020-07-07 00:00:00', 'upload', '0000-00-00', ''),
(396, 392, 24, '2020-07-08', 2889, 0, '2020-07-07 00:00:00', 'upload', '0000-00-00', ''),
(397, 393, 24, '2020-07-08', 5000, 2, '2020-07-07 00:00:00', 'upload', '0000-00-00', ''),
(398, 394, 24, '2020-07-08', 2000, 2, '2020-07-07 00:00:00', 'upload', '0000-00-00', ''),
(399, 395, 24, '2020-07-08', 2000, 0, '2020-07-07 00:00:00', 'upload', '0000-00-00', ''),
(400, 396, 26, '2020-07-08', 10000, 0, '2020-07-07 00:00:00', 'upload', '0000-00-00', ''),
(401, 397, 25, '2020-07-08', 7514, 0, '2020-07-07 00:00:00', 'upload', '0000-00-00', ''),
(402, 398, 25, '2020-07-08', 7200, 2, '2020-07-07 00:00:00', 'upload', '0000-00-00', ''),
(403, 399, 26, '2020-07-08', 5141, 2, '2020-07-07 00:00:00', 'upload', '0000-00-00', ''),
(404, 400, 26, '2020-07-08', 6425, 0, '2020-07-07 00:00:00', 'upload', '0000-00-00', ''),
(405, 401, 1, '2020-07-08', 10000, 0, '2020-07-07 00:00:00', 'upload', '0000-00-00', ''),
(406, 402, 28, '2020-07-09', 4899, 0, '2020-07-08 00:00:00', 'upload', '0000-00-00', ''),
(407, 403, 29, '2020-07-09', 4899, 0, '2020-07-08 00:00:00', 'upload', '0000-00-00', ''),
(408, 404, 30, '2020-07-09', 4899, 0, '2020-07-08 00:00:00', 'upload', '0000-00-00', ''),
(409, 405, 28, '2020-07-09', 4899, 0, '2020-07-08 00:00:00', 'upload', '0000-00-00', ''),
(410, 406, 29, '2020-07-09', 4899, 0, '2020-07-08 00:00:00', 'upload', '0000-00-00', ''),
(411, 407, 30, '2020-07-09', 4899, 0, '2020-07-08 00:00:00', 'upload', '0000-00-00', ''),
(412, 408, 24, '2020-07-09', 4000, 0, '2020-07-08 00:00:00', 'upload', '0000-00-00', ''),
(413, 409, 16, '2020-07-09', 4000, 0, '2020-07-08 00:00:00', 'upload', '0000-00-00', ''),
(414, 410, 20, '2020-07-09', 2924, 2, '2020-07-08 00:00:00', 'upload', '0000-00-00', ''),
(415, 411, 18, '2020-07-09', 2924, 2, '2020-07-08 00:00:00', 'upload', '0000-00-00', ''),
(416, 412, 19, '2020-07-09', 2924, 2, '2020-07-08 00:00:00', 'upload', '0000-00-00', ''),
(417, 413, 20, '2020-07-09', 2924, 0, '2020-07-08 00:00:00', 'upload', '0000-00-00', ''),
(418, 414, 18, '2020-07-09', 2924, 0, '2020-07-08 00:00:00', 'upload', '0000-00-00', ''),
(419, 415, 19, '2020-07-09', 2924, 0, '2020-07-08 00:00:00', 'upload', '0000-00-00', ''),
(420, 416, 9, '2020-07-09', 13549, 0, '2020-07-08 00:00:00', 'upload', '0000-00-00', ''),
(421, 417, 7, '2020-07-09', 25000, 2, '2020-07-08 00:00:00', 'upload', '0000-00-00', ''),
(422, 418, 6, '2020-07-09', 25000, 2, '2020-07-08 00:00:00', 'upload', '0000-00-00', ''),
(423, 419, 26, '2020-07-09', 1000, 0, '2020-07-08 00:00:00', 'upload', '0000-00-00', ''),
(424, 420, 23, '2020-07-09', 1000, 2, '2020-07-08 00:00:00', 'upload', '0000-00-00', ''),
(425, 421, 23, '2020-07-09', 4905, 0, '2020-07-08 00:00:00', 'upload', '0000-00-00', ''),
(426, 422, 20, '2020-07-09', 4905, 2, '2020-07-08 00:00:00', 'upload', '0000-00-00', ''),
(427, 423, 13, '2020-07-09', 2100, 0, '2020-07-08 00:00:00', 'upload', '0000-00-00', ''),
(428, 424, 26, '2020-07-09', 10000, 2, '2020-07-08 00:00:00', 'upload', '0000-00-00', ''),
(429, 425, 25, '2020-07-09', 10000, 0, '2020-07-08 00:00:00', 'upload', '0000-00-00', ''),
(430, 426, 25, '2020-07-09', 10000, 0, '2020-07-08 00:00:00', 'upload', '0000-00-00', ''),
(431, 427, 1, '2020-07-09', 4000, 2, '2020-07-08 00:00:00', 'upload', '0000-00-00', ''),
(432, 428, 1, '2020-07-09', 5000, 0, '2020-07-08 00:00:00', 'upload', '0000-00-00', ''),
(433, 429, 33, '2020-07-09', 2300, 2, '2020-07-08 00:00:00', 'upload', '0000-00-00', ''),
(434, 430, 33, '2020-07-09', 2300, 2, '2020-07-08 00:00:00', 'upload', '0000-00-00', ''),
(435, 431, 0, '2020-07-09', 2300, 0, '2020-07-08 00:00:00', 'upload', '0000-00-00', ''),
(436, 432, 27, '2020-07-10', 4000, 0, '2020-07-09 00:00:00', 'upload', '0000-00-00', ''),
(437, 433, 28, '2020-07-10', 4000, 2, '2020-07-09 00:00:00', 'upload', '0000-00-00', ''),
(438, 434, 29, '2020-07-10', 4000, 2, '2020-07-09 00:00:00', 'upload', '0000-00-00', ''),
(439, 435, 9, '2020-07-10', 10000, 2, '2020-07-09 00:00:00', 'upload', '0000-00-00', ''),
(440, 436, 10, '2020-07-10', 10000, 2, '2020-07-09 00:00:00', 'upload', '0000-00-00', ''),
(441, 437, 26, '2020-07-10', 1300, 2, '2020-07-09 00:00:00', 'upload', '0000-00-00', ''),
(442, 438, 11, '2020-07-10', 1300, 2, '2020-07-09 00:00:00', 'upload', '0000-00-00', ''),
(443, 439, 26, '2020-07-10', 1600, 2, '2020-07-09 00:00:00', 'upload', '0000-00-00', ''),
(444, 440, 30, '2020-07-10', 1600, 2, '2020-07-09 00:00:00', 'upload', '0000-00-00', ''),
(445, 441, 24, '2020-07-10', 2200, 0, '2020-07-09 00:00:00', 'upload', '0000-00-00', ''),
(446, 442, 16, '2020-07-10', 2200, 0, '2020-07-09 00:00:00', 'upload', '0000-00-00', ''),
(447, 443, 25, '2020-07-10', 12000, 0, '2020-07-09 00:00:00', 'upload', '0000-00-00', ''),
(448, 444, 26, '2020-07-10', 12000, 0, '2020-07-09 00:00:00', 'upload', '0000-00-00', ''),
(449, 445, 8, '2020-07-10', 10000, 0, '2020-07-09 00:00:00', 'upload', '0000-00-00', ''),
(450, 446, 10, '2020-07-10', 2500, 0, '2020-07-09 00:00:00', 'upload', '0000-00-00', ''),
(451, 447, 13, '2020-07-10', 2200, 0, '2020-07-09 00:00:00', 'upload', '0000-00-00', ''),
(452, 448, 14, '2020-07-10', 2200, 0, '2020-07-09 00:00:00', 'upload', '0000-00-00', ''),
(453, 449, 15, '2020-07-10', 2200, 1, '2020-07-09 00:00:00', 'upload', '0000-00-00', ''),
(454, 450, 12, '2020-07-10', 2000, 0, '2020-07-09 00:00:00', 'upload', '0000-00-00', ''),
(455, 451, 13, '2020-07-10', 2000, 0, '2020-07-09 00:00:00', 'upload', '0000-00-00', ''),
(456, 452, 7, '2020-07-10', 24307, 0, '2020-07-09 00:00:00', 'upload', '0000-00-00', ''),
(457, 453, 8, '2020-07-10', 3000, 2, '2020-07-09 00:00:00', 'upload', '0000-00-00', ''),
(458, 454, 6, '2020-07-10', 20000, 0, '2020-07-09 00:00:00', 'upload', '0000-00-00', ''),
(459, 455, 18, '2020-07-10', 2000, 2, '2020-07-09 00:00:00', 'upload', '0000-00-00', ''),
(460, 456, 19, '2020-07-10', 2000, 2, '2020-07-09 00:00:00', 'upload', '0000-00-00', ''),
(461, 457, 20, '2020-07-10', 2000, 2, '2020-07-09 00:00:00', 'upload', '0000-00-00', ''),
(462, 458, 13, '2020-07-10', 2000, 0, '2020-07-09 00:00:00', 'upload', '0000-00-00', ''),
(463, 459, 18, '2020-07-10', 1000, 0, '2020-07-09 00:00:00', 'upload', '0000-00-00', ''),
(464, 460, 22, '2020-07-10', 1000, 0, '2020-07-09 00:00:00', 'upload', '0000-00-00', ''),
(465, 461, 9, '2020-07-10', 1000, 0, '2020-07-09 00:00:00', 'upload', '0000-00-00', ''),
(466, 462, 18, '2020-07-10', 1000, 0, '2020-07-09 00:00:00', 'upload', '0000-00-00', ''),
(467, 463, 22, '2020-07-10', 1000, 0, '2020-07-09 00:00:00', 'upload', '0000-00-00', ''),
(468, 464, 9, '2020-07-10', 1000, 0, '2020-07-09 00:00:00', 'upload', '0000-00-00', ''),
(469, 465, 24, '2020-07-10', 6000, 0, '2020-07-09 00:00:00', 'upload', '0000-00-00', ''),
(470, 466, 22, '2020-07-10', 6000, 0, '2020-07-09 00:00:00', 'upload', '0000-00-00', ''),
(471, 467, 23, '2020-07-10', 6000, 0, '2020-07-09 00:00:00', 'upload', '0000-00-00', ''),
(472, 468, 25, '2020-07-10', 2889, 0, '2020-07-09 00:00:00', 'upload', '0000-00-00', ''),
(473, 469, 24, '2020-07-10', 5000, 2, '2020-07-09 00:00:00', 'upload', '0000-00-00', ''),
(474, 470, 26, '2020-07-10', 6904, 0, '2020-07-09 00:00:00', 'upload', '0000-00-00', ''),
(475, 471, 25, '2020-07-10', 8000, 0, '2020-07-09 00:00:00', 'upload', '0000-00-00', ''),
(476, 472, 25, '2020-07-10', 7008, 0, '2020-07-09 00:00:00', 'upload', '0000-00-00', ''),
(477, 473, 24, '2020-07-10', 6425, 0, '2020-07-09 00:00:00', 'upload', '0000-00-00', ''),
(478, 474, 38, '2020-07-10', 2859, 2, '2020-07-09 00:00:00', 'upload', '0000-00-00', ''),
(479, 475, 33, '2020-07-10', 2300, 2, '2020-07-09 00:00:00', 'upload', '0000-00-00', ''),
(480, 476, 33, '2020-07-10', 2300, 2, '2020-07-09 00:00:00', 'upload', '0000-00-00', ''),
(481, 477, 15, '2020-07-10', 1500, 0, '2020-07-10 00:00:00', 'upload', '0000-00-00', ''),
(482, 478, 15, '2020-07-10', 1500, 0, '2020-07-10 00:00:00', 'upload', '0000-00-00', ''),
(483, 479, 12, '2020-07-10', 2500, 0, '2020-07-10 00:00:00', 'upload', '0000-00-00', ''),
(484, 480, 12, '2020-07-10', 2500, 0, '2020-07-10 00:00:00', 'upload', '0000-00-00', ''),
(485, 481, 23, '2020-07-10', 1000, 0, '2020-07-10 00:00:00', 'upload', '0000-00-00', ''),
(486, 482, 23, '2020-07-10', 1000, 0, '2020-07-10 00:00:00', 'upload', '0000-00-00', ''),
(487, 483, 4, '2020-07-13', 50000, 2, '2020-07-10 00:00:00', 'upload', '0000-00-00', ''),
(488, 484, 3, '2020-07-13', 80000, 0, '2020-07-10 00:00:00', 'upload', '0000-00-00', ''),
(489, 485, 24, '2020-07-13', 3000, 2, '2020-07-10 00:00:00', 'upload', '0000-00-00', ''),
(490, 486, 9, '2020-07-13', 900, 0, '2020-07-10 00:00:00', 'upload', '0000-00-00', ''),
(491, 487, 9, '2020-07-13', 900, 2, '2020-07-10 00:00:00', 'upload', '0000-00-00', ''),
(492, 488, 27, '2020-07-13', 3000, 0, '2020-07-10 00:00:00', 'upload', '0000-00-00', ''),
(493, 489, 28, '2020-07-13', 3000, 2, '2020-07-10 00:00:00', 'upload', '0000-00-00', ''),
(494, 490, 29, '2020-07-13', 3000, 2, '2020-07-10 00:00:00', 'upload', '0000-00-00', ''),
(495, 491, 27, '2020-07-13', 3000, 0, '2020-07-10 00:00:00', 'upload', '0000-00-00', ''),
(496, 492, 28, '2020-07-13', 3000, 0, '2020-07-10 00:00:00', 'upload', '0000-00-00', ''),
(497, 493, 29, '2020-07-13', 3000, 0, '2020-07-10 00:00:00', 'upload', '0000-00-00', ''),
(498, 494, 25, '2020-07-13', 8019, 2, '2020-07-10 00:00:00', 'upload', '0000-00-00', ''),
(499, 495, 16, '2020-07-13', 8019, 2, '2020-07-10 00:00:00', 'upload', '0000-00-00', ''),
(500, 496, 24, '2020-07-13', 2018, 0, '2020-07-10 00:00:00', 'upload', '0000-00-00', ''),
(501, 497, 12, '2020-07-13', 2018, 2, '2020-07-10 00:00:00', 'upload', '0000-00-00', ''),
(502, 498, 9, '2020-07-13', 13549, 0, '2020-07-10 00:00:00', 'upload', '0000-00-00', ''),
(503, 499, 7, '2020-07-13', 20000, 2, '2020-07-10 00:00:00', 'upload', '0000-00-00', ''),
(504, 500, 11, '2020-07-13', 1300, 0, '2020-07-10 00:00:00', 'upload', '0000-00-00', ''),
(505, 501, 6, '2020-07-13', 1300, 2, '2020-07-10 00:00:00', 'upload', '0000-00-00', ''),
(506, 502, 16, '2020-07-13', 1000, 0, '2020-07-10 00:00:00', 'upload', '0000-00-00', ''),
(507, 503, 13, '2020-07-13', 1000, 0, '2020-07-10 00:00:00', 'upload', '0000-00-00', ''),
(508, 504, 24, '2020-07-13', 2000, 2, '2020-07-10 00:00:00', 'upload', '0000-00-00', ''),
(509, 505, 20, '2020-07-13', 2000, 2, '2020-07-10 00:00:00', 'upload', '0000-00-00', ''),
(510, 506, 38, '2020-07-13', 3875, 0, '2020-07-10 00:00:00', 'upload', '0000-00-00', ''),
(511, 507, 22, '2020-07-13', 3875, 0, '2020-07-10 00:00:00', 'upload', '0000-00-00', ''),
(512, 508, 23, '2020-07-13', 3875, 0, '2020-07-10 00:00:00', 'upload', '0000-00-00', ''),
(513, 509, 6, '2020-07-13', 4748, 2, '2020-07-10 00:00:00', 'upload', '0000-00-00', ''),
(514, 510, 14, '2020-07-13', 4748, 0, '2020-07-10 00:00:00', 'upload', '0000-00-00', ''),
(515, 511, 24, '2020-07-13', 2000, 0, '2020-07-10 00:00:00', 'upload', '0000-00-00', ''),
(516, 512, 24, '2020-07-13', 2558, 0, '2020-07-10 00:00:00', 'upload', '0000-00-00', ''),
(517, 513, 24, '2020-07-13', 6904, 2, '2020-07-10 00:00:00', 'upload', '0000-00-00', ''),
(518, 514, 25, '2020-07-13', 8000, 0, '2020-07-10 00:00:00', 'upload', '0000-00-00', ''),
(519, 515, 25, '2020-07-13', 8000, 0, '2020-07-10 00:00:00', 'upload', '0000-00-00', ''),
(520, 516, 1, '2020-07-13', 6000, 2, '2020-07-10 00:00:00', 'upload', '0000-00-00', ''),
(521, 517, 0, '2020-07-13', 1000, 0, '2020-07-13 00:00:00', 'upload', '0000-00-00', ''),
(522, 518, 26, '2020-07-13', 7000, 2, '2020-07-13 00:00:00', 'upload', '0000-00-00', ''),
(523, 519, 18, '2020-07-13', 1000, 2, '2020-07-13 00:00:00', 'upload', '0000-00-00', ''),
(524, 520, 22, '2020-07-13', 1000, 2, '2020-07-13 00:00:00', 'upload', '0000-00-00', ''),
(525, 521, 23, '2020-07-13', 1000, 2, '2020-07-13 00:00:00', 'upload', '0000-00-00', ''),
(526, 522, 18, '2020-07-13', 1000, 0, '2020-07-13 00:00:00', 'upload', '0000-00-00', ''),
(527, 523, 22, '2020-07-13', 1000, 0, '2020-07-13 00:00:00', 'upload', '0000-00-00', ''),
(528, 524, 23, '2020-07-13', 1000, 0, '2020-07-13 00:00:00', 'upload', '0000-00-00', ''),
(529, 525, 12, '2020-07-13', 600, 2, '2020-07-13 00:00:00', 'upload', '0000-00-00', ''),
(530, 526, 15, '2020-07-13', 600, 2, '2020-07-13 00:00:00', 'upload', '0000-00-00', ''),
(531, 527, 10, '2020-07-13', 4500, 0, '2020-07-13 00:00:00', 'upload', '0000-00-00', ''),
(532, 528, 9, '2020-07-13', 8000, 2, '2020-07-13 00:00:00', 'upload', '0000-00-00', ''),
(533, 529, 26, '2020-07-13', 8000, 2, '2020-07-13 00:00:00', 'upload', '0000-00-00', ''),
(534, 530, 0, '2020-07-13', 1000, 0, '2020-07-13 00:00:00', 'upload', '0000-00-00', ''),
(535, 531, 22, '2020-07-13', 1000, 2, '2020-07-13 00:00:00', 'upload', '0000-00-00', ''),
(536, 532, 23, '2020-07-13', 1000, 2, '2020-07-13 00:00:00', 'upload', '0000-00-00', ''),
(537, 533, 4, '2020-07-14', 100000, 2, '2020-07-13 00:00:00', 'upload', '0000-00-00', ''),
(538, 534, 24, '2020-07-14', 3000, 2, '2020-07-13 00:00:00', 'upload', '0000-00-00', ''),
(539, 535, 26, '2020-07-14', 4000, 2, '2020-07-13 00:00:00', 'upload', '0000-00-00', ''),
(540, 536, 26, '2020-07-14', 4000, 2, '2020-07-13 00:00:00', 'upload', '0000-00-00', ''),
(541, 537, 25, '2020-07-14', 4000, 2, '2020-07-13 00:00:00', 'upload', '0000-00-00', ''),
(542, 538, 24, '2020-07-14', 5114, 2, '2020-07-13 00:00:00', 'upload', '0000-00-00', ''),
(543, 539, 16, '2020-07-14', 5114, 0, '2020-07-13 00:00:00', 'upload', '0000-00-00', ''),
(544, 540, 28, '2020-07-14', 2000, 0, '2020-07-13 00:00:00', 'upload', '0000-00-00', ''),
(545, 541, 29, '2020-07-14', 2000, 2, '2020-07-13 00:00:00', 'upload', '0000-00-00', ''),
(546, 542, 30, '2020-07-14', 2000, 2, '2020-07-13 00:00:00', 'upload', '0000-00-00', ''),
(547, 543, 28, '2020-07-14', 2000, 2, '2020-07-13 00:00:00', 'upload', '0000-00-00', ''),
(548, 544, 29, '2020-07-14', 2000, 0, '2020-07-13 00:00:00', 'upload', '0000-00-00', ''),
(549, 545, 30, '2020-07-14', 2000, 0, '2020-07-13 00:00:00', 'upload', '0000-00-00', ''),
(550, 546, 10, '2020-07-14', 1500, 0, '2020-07-13 00:00:00', 'upload', '0000-00-00', ''),
(551, 547, 13, '2020-07-14', 1500, 0, '2020-07-13 00:00:00', 'upload', '0000-00-00', ''),
(552, 548, 14, '2020-07-14', 1500, 0, '2020-07-13 00:00:00', 'upload', '0000-00-00', ''),
(553, 549, 38, '2020-07-14', 1294, 1, '2020-07-13 00:00:00', 'upload', '0000-00-00', ''),
(554, 550, 27, '2020-07-14', 700, 0, '2020-07-13 00:00:00', 'upload', '0000-00-00', ''),
(555, 551, 19, '2020-07-14', 700, 2, '2020-07-13 00:00:00', 'upload', '0000-00-00', ''),
(556, 552, 20, '2020-07-14', 700, 2, '2020-07-13 00:00:00', 'upload', '0000-00-00', ''),
(557, 553, 22, '2020-07-14', 700, 0, '2020-07-13 00:00:00', 'upload', '0000-00-00', ''),
(558, 554, 23, '2020-07-14', 700, 0, '2020-07-13 00:00:00', 'upload', '0000-00-00', ''),
(559, 555, 18, '2020-07-14', 700, 2, '2020-07-13 00:00:00', 'upload', '0000-00-00', ''),
(560, 556, 19, '2020-07-14', 700, 0, '2020-07-13 00:00:00', 'upload', '0000-00-00', ''),
(561, 557, 20, '2020-07-14', 700, 0, '2020-07-13 00:00:00', 'upload', '0000-00-00', ''),
(562, 558, 22, '2020-07-14', 700, 2, '2020-07-13 00:00:00', 'upload', '0000-00-00', ''),
(563, 559, 23, '2020-07-14', 700, 2, '2020-07-13 00:00:00', 'upload', '0000-00-00', ''),
(564, 560, 9, '2020-07-14', 4000, 2, '2020-07-13 00:00:00', 'upload', '0000-00-00', ''),
(565, 561, 26, '2020-07-14', 2200, 2, '2020-07-13 00:00:00', 'upload', '0000-00-00', ''),
(566, 562, 9, '2020-07-14', 6986, 2, '2020-07-13 00:00:00', 'upload', '0000-00-00', ''),
(567, 563, 9, '2020-07-14', 10251, 2, '2020-07-13 00:00:00', 'upload', '0000-00-00', ''),
(568, 564, 7, '2020-07-14', 13364, 2, '2020-07-13 00:00:00', 'upload', '0000-00-00', ''),
(569, 565, 6, '2020-07-14', 15000, 1, '2020-07-13 00:00:00', 'upload', '0000-00-00', ''),
(570, 566, 6, '2020-07-14', 2000, 2, '2020-07-13 00:00:00', 'upload', '0000-00-00', ''),
(571, 567, 14, '2020-07-14', 2000, 0, '2020-07-13 00:00:00', 'upload', '0000-00-00', ''),
(572, 568, 12, '2020-07-14', 2000, 0, '2020-07-13 00:00:00', 'upload', '0000-00-00', ''),
(573, 569, 14, '2020-07-14', 2000, 0, '2020-07-13 00:00:00', 'upload', '0000-00-00', ''),
(574, 570, 15, '2020-07-14', 2000, 0, '2020-07-13 00:00:00', 'upload', '0000-00-00', ''),
(575, 571, 24, '2020-07-14', 3052, 2, '2020-07-13 00:00:00', 'upload', '0000-00-00', ''),
(576, 572, 22, '2020-07-14', 3052, 2, '2020-07-13 00:00:00', 'upload', '0000-00-00', ''),
(577, 573, 23, '2020-07-14', 3052, 2, '2020-07-13 00:00:00', 'upload', '0000-00-00', ''),
(578, 574, 24, '2020-07-14', 1864, 2, '2020-07-13 00:00:00', 'upload', '0000-00-00', ''),
(579, 575, 24, '2020-07-14', 6904, 2, '2020-07-13 00:00:00', 'upload', '0000-00-00', ''),
(580, 576, 25, '2020-07-14', 8000, 0, '2020-07-13 00:00:00', 'upload', '0000-00-00', ''),
(581, 577, 25, '2020-07-14', 8000, 0, '2020-07-13 00:00:00', 'upload', '0000-00-00', ''),
(582, 578, 26, '2020-07-14', 6000, 1, '2020-07-13 00:00:00', 'upload', '0000-00-00', ''),
(583, 579, 1, '2020-07-14', 3000, 2, '2020-07-13 00:00:00', 'upload', '0000-00-00', ''),
(584, 580, 1, '2020-07-14', 3000, 1, '2020-07-13 00:00:00', 'upload', '0000-00-00', ''),
(585, 581, 9, '2020-07-14', 4000, 2, '2020-07-14 00:00:00', 'upload', '0000-00-00', ''),
(586, 582, 11, '2020-07-14', 4000, 2, '2020-07-14 00:00:00', 'upload', '0000-00-00', ''),
(587, 583, 16, '2020-07-14', 4500, 0, '2020-07-14 00:00:00', 'upload', '0000-00-00', ''),
(588, 584, 2, '2020-07-14', 2000, 0, '2020-07-14 00:00:00', 'upload', '0000-00-00', ''),
(589, 585, 3, '2020-07-14', 6000, 2, '2020-07-14 00:00:00', 'upload', '0000-00-00', ''),
(590, 586, 0, '2020-07-13', 2500, 0, '2020-07-14 00:00:00', 'upload', '0000-00-00', ''),
(591, 587, 0, '2020-07-13', 2500, 0, '2020-07-14 00:00:00', 'upload', '0000-00-00', ''),
(592, 588, 0, '2020-07-13', 2500, 0, '2020-07-14 00:00:00', 'upload', '0000-00-00', ''),
(593, 589, 0, '2020-07-13', 2500, 0, '2020-07-14 00:00:00', 'upload', '0000-00-00', ''),
(594, 590, 12, '2020-07-14', 2500, 0, '2020-07-14 00:00:00', 'upload', '0000-00-00', ''),
(595, 591, 15, '2020-07-14', 2500, 0, '2020-07-14 00:00:00', 'upload', '0000-00-00', ''),
(596, 592, 10, '2020-07-14', 2500, 0, '2020-07-14 00:00:00', 'upload', '0000-00-00', '');
INSERT INTO `itx_t_master_plan_qty` (`id`, `masterplan_id`, `mc_id`, `date`, `qty`, `status_close`, `createDate`, `createUser`, `editDate`, `editUser`) VALUES
(597, 593, 12, '2020-07-14', 2500, 0, '2020-07-14 00:00:00', 'upload', '0000-00-00', ''),
(598, 594, 18, '2020-07-14', 1200, 2, '2020-07-14 00:00:00', 'upload', '0000-00-00', ''),
(599, 595, 19, '2020-07-14', 1200, 2, '2020-07-14 00:00:00', 'upload', '0000-00-00', ''),
(600, 596, 22, '2020-07-14', 1200, 2, '2020-07-14 00:00:00', 'upload', '0000-00-00', ''),
(601, 597, 0, '2020-07-14', 1200, 0, '2020-07-14 00:00:00', 'upload', '0000-00-00', ''),
(602, 598, 0, '2020-07-14', 1200, 0, '2020-07-14 00:00:00', 'upload', '0000-00-00', ''),
(603, 599, 4, '2020-07-15', 80000, 0, '2020-07-14 00:00:00', 'upload', '0000-00-00', ''),
(604, 600, 3, '2020-07-15', 80000, 0, '2020-07-14 00:00:00', 'upload', '0000-00-00', ''),
(605, 601, 7, '2020-07-15', 4000, 1, '2020-07-14 00:00:00', 'upload', '0000-00-00', ''),
(606, 602, 11, '2020-07-15', 4000, 1, '2020-07-14 00:00:00', 'upload', '0000-00-00', ''),
(607, 603, 27, '2020-07-15', 2000, 0, '2020-07-14 00:00:00', 'upload', '0000-00-00', ''),
(608, 604, 27, '2020-07-15', 2000, 0, '2020-07-14 00:00:00', 'upload', '0000-00-00', ''),
(609, 605, 27, '2020-07-15', 2000, 0, '2020-07-14 00:00:00', 'upload', '0000-00-00', ''),
(610, 606, 18, '2020-07-15', 4000, 1, '2020-07-14 00:00:00', 'upload', '0000-00-00', ''),
(611, 607, 19, '2020-07-15', 4000, 1, '2020-07-14 00:00:00', 'upload', '0000-00-00', ''),
(612, 608, 20, '2020-07-15', 4000, 1, '2020-07-14 00:00:00', 'upload', '0000-00-00', ''),
(613, 609, 9, '2020-07-15', 5130, 0, '2020-07-14 00:00:00', 'upload', '0000-00-00', ''),
(614, 610, 9, '2020-07-15', 1980, 0, '2020-07-14 00:00:00', 'upload', '0000-00-00', ''),
(615, 611, 14, '2020-07-15', 1980, 1, '2020-07-14 00:00:00', 'upload', '0000-00-00', ''),
(616, 612, 26, '2020-07-15', 3130, 0, '2020-07-14 00:00:00', 'upload', '0000-00-00', ''),
(617, 613, 25, '2020-07-15', 1689, 1, '2020-07-14 00:00:00', 'upload', '0000-00-00', ''),
(618, 614, 37, '2020-07-15', 1727, 0, '2020-07-14 00:00:00', 'upload', '0000-00-00', ''),
(619, 615, 28, '2020-07-15', 2000, 1, '2020-07-14 00:00:00', 'upload', '0000-00-00', ''),
(620, 616, 29, '2020-07-15', 2000, 1, '2020-07-14 00:00:00', 'upload', '0000-00-00', ''),
(621, 617, 30, '2020-07-15', 2000, 1, '2020-07-14 00:00:00', 'upload', '0000-00-00', ''),
(622, 618, 28, '2020-07-15', 2000, 0, '2020-07-14 00:00:00', 'upload', '0000-00-00', ''),
(623, 619, 29, '2020-07-15', 2000, 0, '2020-07-14 00:00:00', 'upload', '0000-00-00', ''),
(624, 620, 30, '2020-07-15', 2000, 0, '2020-07-14 00:00:00', 'upload', '0000-00-00', ''),
(625, 621, 38, '2020-07-15', 1294, 0, '2020-07-14 00:00:00', 'upload', '0000-00-00', ''),
(626, 622, 9, '2020-07-15', 2589, 1, '2020-07-14 00:00:00', 'upload', '0000-00-00', ''),
(627, 623, 13, '2020-07-15', 2589, 1, '2020-07-14 00:00:00', 'upload', '0000-00-00', ''),
(628, 624, 9, '2020-07-15', 11681, 0, '2020-07-14 00:00:00', 'upload', '0000-00-00', ''),
(629, 625, 6, '2020-07-15', 10000, 0, '2020-07-14 00:00:00', 'upload', '0000-00-00', ''),
(630, 626, 14, '2020-07-15', 1500, 0, '2020-07-14 00:00:00', 'upload', '0000-00-00', ''),
(631, 627, 15, '2020-07-15', 1500, 1, '2020-07-14 00:00:00', 'upload', '0000-00-00', ''),
(632, 628, 6, '2020-07-15', 4767, 0, '2020-07-14 00:00:00', 'upload', '0000-00-00', ''),
(633, 629, 7, '2020-07-15', 3300, 0, '2020-07-14 00:00:00', 'upload', '0000-00-00', ''),
(634, 630, 30, '2020-07-15', 2889, 1, '2020-07-14 00:00:00', 'upload', '0000-00-00', ''),
(635, 631, 24, '2020-07-15', 2547, 0, '2020-07-14 00:00:00', 'upload', '0000-00-00', ''),
(636, 632, 26, '2020-07-15', 1824, 0, '2020-07-14 00:00:00', 'upload', '0000-00-00', ''),
(637, 633, 24, '2020-07-15', 5000, 0, '2020-07-14 00:00:00', 'upload', '0000-00-00', ''),
(638, 634, 25, '2020-07-15', 6000, 0, '2020-07-14 00:00:00', 'upload', '0000-00-00', ''),
(639, 635, 25, '2020-07-15', 5000, 0, '2020-07-14 00:00:00', 'upload', '0000-00-00', ''),
(640, 636, 26, '2020-07-15', 2923, 0, '2020-07-14 00:00:00', 'upload', '0000-00-00', ''),
(641, 637, 27, '2020-07-15', 2000, 0, '2020-07-14 00:00:00', 'upload', '0000-00-00', ''),
(642, 638, 26, '2020-07-15', 1500, 0, '2020-07-14 00:00:00', 'upload', '0000-00-00', ''),
(643, 639, 7, '2020-07-15', 1500, 0, '2020-07-14 00:00:00', 'upload', '0000-00-00', ''),
(644, 640, 26, '2020-07-15', 3000, 0, '2020-07-14 00:00:00', 'upload', '0000-00-00', ''),
(645, 641, 8, '2020-07-15', 10000, 0, '2020-07-14 00:00:00', 'upload', '0000-00-00', ''),
(646, 642, 8, '2020-07-15', 10000, 0, '2020-07-14 00:00:00', 'upload', '0000-00-00', ''),
(647, 643, 14, '2020-07-15', 3000, 0, '2020-07-15 00:00:00', 'upload', '0000-00-00', ''),
(648, 644, 17, '2020-07-15', 3000, 1, '2020-07-15 00:00:00', 'upload', '0000-00-00', ''),
(649, 645, 12, '2020-07-15', 2000, 2, '2020-07-15 00:00:00', 'upload', '0000-00-00', ''),
(650, 646, 24, '2020-07-15', 3000, 0, '2020-07-15 00:00:00', 'upload', '0000-00-00', ''),
(651, 647, 6, '2020-07-15', 20000, 0, '2020-07-15 00:00:00', 'upload', '0000-00-00', '');

-- --------------------------------------------------------

--
-- Table structure for table `itx_t_result`
--

CREATE TABLE `itx_t_result` (
  `id` varchar(15) NOT NULL,
  `masterplan_qty_id` int(11) NOT NULL,
  `machine_id` int(11) NOT NULL,
  `user_id` int(11) NOT NULL,
  `qty_actual` int(11) NOT NULL,
  `start_time` datetime NOT NULL,
  `temp_time` datetime DEFAULT NULL,
  `temp_start_time` datetime DEFAULT NULL,
  `working_time` int(11) NOT NULL,
  `finish_time` datetime NOT NULL,
  `createDate` datetime NOT NULL DEFAULT current_timestamp(),
  `createUser` varchar(50) NOT NULL,
  `editDate` date NOT NULL,
  `editUser` varchar(50) NOT NULL
) ENGINE=InnoDB DEFAULT CHARSET=latin1;

--
-- Dumping data for table `itx_t_result`
--

INSERT INTO `itx_t_result` (`id`, `masterplan_qty_id`, `machine_id`, `user_id`, `qty_actual`, `start_time`, `temp_time`, `temp_start_time`, `working_time`, `finish_time`, `createDate`, `createUser`, `editDate`, `editUser`) VALUES
('1-1593997252', 296, 1, 0, 315, '2020-07-08 15:40:58', NULL, NULL, 9973, '2020-07-09 08:58:01', '2020-07-06 08:00:52', '', '0000-00-00', ''),
('1-1594260000', 431, 1, 0, 3867, '2020-07-09 09:00:05', NULL, NULL, 343547, '2020-07-13 08:25:52', '2020-07-09 09:00:00', '', '0000-00-00', ''),
('1-1594603593', 520, 1, 0, 595, '2020-07-13 08:26:50', NULL, NULL, 6193, '2020-07-14 07:22:12', '2020-07-13 08:26:33', '', '0000-00-00', ''),
('1-1594686160', 583, 1, 0, 72, '2020-07-14 07:22:46', NULL, NULL, 900, '2020-07-14 07:37:46', '2020-07-14 07:22:40', '', '0000-00-00', ''),
('1-1594687074', 584, 1, 0, 3006, '2020-07-14 07:37:58', NULL, NULL, 0, '0000-00-00 00:00:00', '2020-07-14 07:37:54', '', '0000-00-00', ''),
('10-1593151970', 5, 10, 0, 4, '2020-06-26 13:12:57', NULL, NULL, 59, '2020-07-01 08:48:44', '2020-06-26 13:12:50', '', '0000-00-00', ''),
('10-1593568215', 168, 10, 0, 2933, '2020-07-01 08:51:16', NULL, NULL, 19690, '2020-07-01 15:15:31', '2020-07-01 08:50:15', '', '0000-00-00', ''),
('10-1593651632', 201, 10, 0, 4865, '2020-07-02 09:19:10', NULL, NULL, 345629, '2020-07-06 12:43:21', '2020-07-02 08:00:32', '', '0000-00-00', ''),
('10-1594014232', 286, 10, 0, 0, '2020-07-07 07:57:19', NULL, NULL, 5, '2020-07-07 07:57:24', '2020-07-06 12:43:52', '', '0000-00-00', ''),
('10-1594085014', 329, 10, 0, 1562, '2020-07-07 08:23:57', NULL, NULL, 9219, '2020-07-07 11:18:38', '2020-07-07 08:23:34', '', '0000-00-00', ''),
('10-1594187613', 372, 10, 0, 1842, '2020-07-08 12:58:17', NULL, NULL, 13218, '2020-07-10 07:51:30', '2020-07-08 12:53:33', '', '0000-00-00', ''),
('10-1594374346', 440, 10, 0, 3656, '2020-07-13 17:11:17', NULL, NULL, 18418, '2020-07-13 23:22:35', '2020-07-10 16:45:46', '', '0000-00-00', ''),
('10-1594776430', 627, 10, 0, 916, '2020-07-15 08:28:15', NULL, NULL, 3398, '0000-00-00 00:00:00', '2020-07-15 08:27:10', '', '0000-00-00', ''),
('11-1593135215', 7, 11, 0, 5, '2020-06-26 13:10:13', NULL, NULL, 147, '2020-07-01 08:51:58', '2020-06-26 08:33:35', '', '0000-00-00', ''),
('11-1593651268', 208, 11, 0, 988, '2020-07-02 07:54:35', NULL, NULL, 5723, '2020-07-02 09:29:58', '2020-07-02 07:54:28', '', '0000-00-00', ''),
('11-1593662095', 212, 11, 0, 1125, '2020-07-02 11:30:06', NULL, NULL, 6750, '2020-07-02 14:08:25', '2020-07-02 10:54:55', '', '0000-00-00', ''),
('11-1593998403', 279, 11, 0, 408, '2020-07-06 08:53:37', NULL, NULL, 81266, '2020-07-07 07:28:03', '2020-07-06 08:20:03', '', '0000-00-00', ''),
('11-1594084862', 325, 11, 0, 3017, '2020-07-07 08:21:28', NULL, NULL, 21664, '2020-07-07 15:16:03', '2020-07-07 08:21:02', '', '0000-00-00', ''),
('11-1594347180', 442, 11, 0, 1072, '2020-07-10 09:13:09', NULL, NULL, 262528, '2020-07-13 12:06:01', '2020-07-10 09:13:00', '', '0000-00-00', ''),
('11-1594690002', 586, 11, 0, 3983, '2020-07-14 08:43:53', NULL, NULL, 44269, '2020-07-14 21:54:40', '2020-07-14 08:26:42', '', '0000-00-00', ''),
('11-1594773144', 606, 11, 0, 1042, '2020-07-15 07:40:01', NULL, NULL, 192, '0000-00-00 00:00:00', '2020-07-15 07:32:24', '', '0000-00-00', ''),
('12-1593151920', 6, 12, 0, 0, '2020-06-26 13:12:08', NULL, NULL, 88, '2020-07-01 08:51:37', '2020-06-26 13:12:00', '', '0000-00-00', ''),
('12-1593662099', 211, 12, 0, 1133, '2020-07-02 11:20:23', NULL, NULL, 7288, '2020-07-02 14:50:50', '2020-07-02 10:54:59', '', '0000-00-00', ''),
('12-1593999351', 280, 12, 0, 355, '2020-07-06 09:06:53', NULL, NULL, 4872, '2020-07-06 10:28:05', '2020-07-06 08:35:51', '', '0000-00-00', ''),
('12-1594084366', 336, 12, 0, 0, '2020-07-07 08:33:17', NULL, NULL, 0, '2020-07-08 07:38:33', '2020-07-07 08:12:46', '', '0000-00-00', ''),
('12-1594176818', 373, 12, 0, 536, '2020-07-08 09:54:03', NULL, NULL, 20024, '2020-07-08 15:27:47', '2020-07-08 09:53:38', '', '0000-00-00', ''),
('12-1594603319', 529, 12, 0, 561, '2020-07-13 09:10:00', NULL, NULL, 5396, '2020-07-13 13:19:25', '2020-07-13 08:21:59', '', '0000-00-00', ''),
('12-1594633523', 501, 12, 0, 1881, '2020-07-13 16:45:26', NULL, NULL, 12453, '2020-07-13 20:54:48', '2020-07-13 16:45:23', '', '0000-00-00', ''),
('12-1594775391', 649, 12, 0, 377, '2020-07-15 08:09:58', NULL, NULL, 5001, '2020-07-15 09:38:53', '2020-07-15 08:09:51', '', '0000-00-00', ''),
('14-1594778446', 615, 14, 0, 0, '2020-07-15 09:02:16', NULL, NULL, 0, '0000-00-00 00:00:00', '2020-07-15 09:00:46', '', '0000-00-00', ''),
('15-1593590485', 198, 15, 0, 2856, '2020-07-02 01:08:03', NULL, NULL, 3, '2020-07-02 12:49:46', '2020-07-01 15:01:25', '', '0000-00-00', ''),
('15-1594011593', 284, 15, 0, 5355, '2020-07-06 20:49:50', NULL, NULL, 40226, '2020-07-07 15:15:16', '2020-07-06 11:59:53', '', '0000-00-00', ''),
('15-1594171404', 368, 15, 0, 4755, '2020-07-08 08:48:59', NULL, NULL, 79772, '2020-07-09 08:01:43', '2020-07-08 08:23:24', '', '0000-00-00', ''),
('15-1594343082', 453, 15, 0, 1439, '2020-07-10 16:48:16', NULL, NULL, 4455, '0000-00-00 00:00:00', '2020-07-10 08:04:42', '', '0000-00-00', ''),
('15-1594603293', 530, 15, 0, 137, '2020-07-13 14:38:49', NULL, NULL, 1881, '2020-07-14 09:18:18', '2020-07-13 08:21:33', '', '0000-00-00', ''),
('15-1594778604', 631, 15, 0, 0, '2020-07-15 09:03:31', NULL, '2020-07-15 09:03:31', 11, '0000-00-00 00:00:00', '2020-07-15 09:03:24', '', '0000-00-00', ''),
('16-1593654729', 203, 16, 0, 1084, '2020-07-02 09:43:03', NULL, NULL, 5520, '2020-07-02 11:15:03', '2020-07-02 08:52:09', '', '0000-00-00', ''),
('16-1593737989', 242, 16, 0, 273, '2020-07-03 13:42:07', NULL, NULL, 3778, '2020-07-03 14:45:05', '2020-07-03 07:59:49', '', '0000-00-00', ''),
('16-1594093587', 307, 16, 0, 0, '2020-07-07 10:46:54', NULL, NULL, 11432, '2020-07-08 08:24:32', '2020-07-07 10:46:27', '', '0000-00-00', ''),
('16-1594171523', 370, 16, 0, 0, '2020-07-13 08:13:54', NULL, NULL, 7, '2020-07-13 08:14:01', '2020-07-08 08:25:23', '', '0000-00-00', ''),
('16-1594602868', 499, 16, 0, 4900, '2020-07-13 08:42:01', NULL, NULL, 84809, '2020-07-14 09:19:46', '2020-07-13 08:14:28', '', '0000-00-00', ''),
('16-948913426', 152, 16, 0, 2517, '2000-01-27 02:11:19', NULL, NULL, 3029511, '2020-07-01 15:13:09', '2000-01-27 02:03:46', '', '0000-00-00', ''),
('17-1594778750', 648, 17, 0, 179, '2020-07-15 09:06:00', NULL, NULL, 1857, '0000-00-00 00:00:00', '2020-07-15 09:05:50', '', '0000-00-00', ''),
('18-1593153050', 9, 18, 0, 708, '2020-06-26 13:31:01', NULL, NULL, 433443, '2020-07-01 13:55:04', '2020-06-26 13:30:50', '', '0000-00-00', ''),
('18-1593587923', 194, 18, 0, 2670, '2020-07-01 14:18:59', NULL, NULL, 61955, '2020-07-02 07:31:34', '2020-07-01 14:18:43', '', '0000-00-00', ''),
('18-1593737656', 232, 18, 0, 231, '2020-07-03 07:55:07', NULL, NULL, 229224, '2020-07-06 07:41:45', '2020-07-03 07:54:16', '', '0000-00-00', ''),
('18-1593996876', 261, 18, 0, 1880, '2020-07-06 07:54:54', NULL, NULL, 85523, '2020-07-07 07:40:17', '2020-07-06 07:54:36', '', '0000-00-00', ''),
('18-1594082447', 337, 18, 0, 4551, '2020-07-07 08:17:44', NULL, NULL, 82202, '2020-07-08 07:32:32', '2020-07-07 07:40:47', '', '0000-00-00', ''),
('18-1594171387', 381, 18, 0, 56, '2020-07-08 08:32:45', NULL, NULL, 2905, '2020-07-08 09:21:10', '2020-07-08 08:23:07', '', '0000-00-00', ''),
('18-1594176358', 385, 18, 0, 145, '2020-07-08 09:46:07', NULL, NULL, 6677, '2020-07-08 11:37:24', '2020-07-08 09:45:58', '', '0000-00-00', ''),
('18-1594195566', 365, 18, 0, 883, '2020-07-08 15:06:41', NULL, NULL, 15419, '2020-07-08 20:07:03', '2020-07-08 15:06:06', '', '0000-00-00', ''),
('18-1594254943', 415, 18, 0, 3006, '2020-07-09 07:57:43', NULL, NULL, 24419, '2020-07-09 15:54:23', '2020-07-09 07:35:43', '', '0000-00-00', ''),
('18-1594342221', 459, 18, 0, 2206, '2020-07-10 08:40:36', NULL, NULL, 27405, '2020-07-10 16:17:21', '2020-07-10 07:50:21', '', '0000-00-00', ''),
('18-1594602469', 523, 18, 0, 1047, '2020-07-13 08:07:56', NULL, NULL, 11499, '2020-07-14 07:32:48', '2020-07-13 08:07:49', '', '0000-00-00', ''),
('18-1594686778', 559, 18, 0, 0, '2020-07-14 13:57:07', NULL, NULL, 3, '2020-07-14 13:57:10', '2020-07-14 07:32:58', '', '0000-00-00', ''),
('18-1594709843', 598, 18, 0, 1201, '2020-07-14 13:58:01', NULL, NULL, 7754, '2020-07-14 16:07:15', '2020-07-14 13:57:23', '', '0000-00-00', ''),
('18-1594773961', 610, 18, 0, 875, '2020-07-15 07:46:15', NULL, NULL, 6288, '0000-00-00 00:00:00', '2020-07-15 07:46:01', '', '0000-00-00', ''),
('19-1593156245', 10, 19, 0, 281, '2020-06-26 14:35:17', NULL, NULL, 580767, '2020-07-03 07:54:49', '2020-06-26 14:24:05', '', '0000-00-00', ''),
('19-1593737801', 233, 19, 0, 1009, '2020-07-03 07:56:59', NULL, NULL, 255239, '2020-07-06 07:42:04', '2020-07-03 07:56:41', '', '0000-00-00', ''),
('19-1593996898', 262, 19, 0, 832, '2020-07-06 07:55:17', NULL, NULL, 12930, '2020-07-06 13:45:26', '2020-07-06 07:54:58', '', '0000-00-00', ''),
('19-1594082495', 338, 19, 0, 4550, '2020-07-07 08:23:53', NULL, NULL, 83235, '2020-07-08 07:31:08', '2020-07-07 07:41:35', '', '0000-00-00', ''),
('19-1594171971', 382, 19, 0, 50, '2020-07-08 08:57:26', NULL, NULL, 1112, '2020-07-08 09:15:58', '2020-07-08 08:32:51', '', '0000-00-00', ''),
('19-1594176379', 386, 19, 0, 143, '2020-07-08 09:46:25', NULL, NULL, 6651, '2020-07-08 11:37:16', '2020-07-08 09:46:19', '', '0000-00-00', ''),
('19-1594195711', 366, 19, 0, 3600, '2020-07-08 15:08:49', NULL, NULL, 30936, '2020-07-09 00:35:05', '2020-07-08 15:08:31', '', '0000-00-00', ''),
('19-1594254961', 416, 19, 0, 2991, '2020-07-09 08:09:25', NULL, NULL, 26491, '2020-07-10 07:39:41', '2020-07-09 07:36:01', '', '0000-00-00', ''),
('19-1594341974', 460, 19, 0, 2202, '2020-07-10 08:42:57', NULL, NULL, 19652, '2020-07-10 15:33:16', '2020-07-10 07:46:14', '', '0000-00-00', ''),
('19-1594686755', 555, 19, 0, 364, '2020-07-14 08:02:00', NULL, NULL, 2793, '2020-07-14 08:58:26', '2020-07-14 07:32:35', '', '0000-00-00', ''),
('19-1594709898', 599, 19, 0, 925, '2020-07-14 15:25:00', NULL, NULL, 2154, '2020-07-14 17:30:20', '2020-07-14 13:58:18', '', '0000-00-00', ''),
('19-1594773998', 611, 19, 0, 630, '2020-07-15 07:46:44', NULL, NULL, 5981, '0000-00-00 00:00:00', '2020-07-15 07:46:38', '', '0000-00-00', ''),
('20-1593134903', 11, 20, 0, 0, '2020-06-26 08:28:50', NULL, NULL, 16325, '2020-06-29 13:42:12', '2020-06-26 08:28:23', '', '0000-00-00', ''),
('20-1593588110', 178, 20, 0, 0, '2020-07-03 07:53:10', NULL, NULL, 3, '2020-07-03 07:53:13', '2020-07-01 14:21:50', '', '0000-00-00', ''),
('20-1593737606', 234, 20, 0, 0, '2020-07-03 07:54:25', NULL, NULL, 255343, '2020-07-06 07:42:21', '2020-07-03 07:53:26', '', '0000-00-00', ''),
('20-1593996927', 263, 20, 0, 0, '2020-07-06 07:55:31', NULL, NULL, 20982, '2020-07-06 13:45:13', '2020-07-06 07:55:27', '', '0000-00-00', ''),
('20-1594082507', 340, 20, 0, 0, '2020-07-07 13:09:13', NULL, NULL, 9907, '2020-07-07 15:54:20', '2020-07-07 07:41:47', '', '0000-00-00', ''),
('20-1594112442', 313, 20, 0, 0, '2020-07-08 07:30:43', NULL, NULL, 5, '2020-07-08 07:30:48', '2020-07-07 16:00:42', '', '0000-00-00', ''),
('20-1594173394', 383, 20, 0, 113, '2020-07-08 08:56:39', NULL, NULL, 24029, '2020-07-08 15:37:08', '2020-07-08 08:56:34', '', '0000-00-00', ''),
('20-1594197469', 392, 20, 0, 0, '2020-07-08 15:38:02', NULL, NULL, 58034, '2020-07-09 07:45:16', '2020-07-08 15:37:49', '', '0000-00-00', ''),
('20-1594255866', 414, 20, 0, 1523, '2020-07-09 08:09:50', NULL, NULL, 31237, '2020-07-09 17:42:50', '2020-07-09 07:51:06', '', '0000-00-00', ''),
('20-1594342496', 426, 20, 0, 4414, '2020-07-10 07:55:02', NULL, NULL, 265175, '2020-07-13 09:48:04', '2020-07-10 07:54:56', '', '0000-00-00', ''),
('20-1594608508', 509, 20, 0, 2015, '2020-07-13 12:55:05', NULL, NULL, 36039, '2020-07-14 00:31:43', '2020-07-13 09:48:28', '', '0000-00-00', ''),
('20-1594686792', 556, 20, 0, 362, '2020-07-14 08:13:59', NULL, NULL, 4034, '2020-07-14 09:21:13', '2020-07-14 07:33:12', '', '0000-00-00', ''),
('20-1594773209', 612, 20, 0, 1370, '2020-07-15 07:40:52', NULL, NULL, 5780, '0000-00-00 00:00:00', '2020-07-15 07:33:29', '', '0000-00-00', ''),
('22-1593134756', 12, 22, 0, 2195, '2020-06-26 09:53:45', NULL, NULL, 271639, '2020-06-29 13:52:31', '2020-06-26 08:25:56', '', '0000-00-00', ''),
('22-1593413588', 85, 22, 0, 2246, '2020-07-01 13:36:08', NULL, NULL, 8, '2020-07-01 13:36:16', '2020-06-29 13:53:08', '', '0000-00-00', ''),
('22-1593585408', 179, 22, 0, 0, '2020-07-01 13:37:20', NULL, NULL, 8, '2020-07-01 13:37:28', '2020-07-01 13:36:48', '', '0000-00-00', ''),
('22-1593586373', 196, 22, 0, 0, '2020-07-01 13:54:04', NULL, NULL, 7, '2020-07-02 00:45:26', '2020-07-01 13:52:53', '', '0000-00-00', ''),
('22-1593651199', 216, 22, 0, 1061, '2020-07-02 08:02:22', NULL, NULL, 8551, '2020-07-02 10:24:53', '2020-07-02 07:53:19', '', '0000-00-00', ''),
('22-1593996950', 264, 22, 0, 1916, '2020-07-06 07:55:56', NULL, NULL, 85537, '2020-07-07 07:41:33', '2020-07-06 07:55:50', '', '0000-00-00', ''),
('22-1594082583', 343, 22, 0, 3024, '2020-07-07 07:43:14', NULL, NULL, 24625, '2020-07-07 14:33:39', '2020-07-07 07:43:03', '', '0000-00-00', ''),
('22-1594172751', 384, 22, 0, 51, '2020-07-08 08:58:23', NULL, NULL, 3328, '2020-07-08 09:53:51', '2020-07-08 08:45:51', '', '0000-00-00', ''),
('22-1594177499', 388, 22, 0, 8, '2020-07-08 10:05:06', NULL, NULL, 516, '2020-07-08 14:59:39', '2020-07-08 10:04:59', '', '0000-00-00', ''),
('22-1594602486', 524, 22, 0, 1030, '2020-07-13 08:08:54', NULL, NULL, 10128, '2020-07-13 11:52:29', '2020-07-13 08:08:06', '', '0000-00-00', ''),
('22-1594629808', 535, 22, 0, 1965, '2020-07-13 15:53:26', NULL, NULL, 14657, '2020-07-13 21:21:58', '2020-07-13 15:43:28', '', '0000-00-00', ''),
('22-1594686823', 562, 22, 0, 364, '2020-07-14 08:14:13', NULL, NULL, 4209, '2020-07-14 09:24:22', '2020-07-14 07:33:43', '', '0000-00-00', ''),
('22-1594709950', 600, 22, 0, 1197, '2020-07-14 15:06:12', NULL, NULL, 9619, '2020-07-14 17:55:01', '2020-07-14 13:59:10', '', '0000-00-00', ''),
('22-1594727124', 576, 22, 0, 1198, '2020-07-14 18:45:27', NULL, NULL, 45832, '2020-07-15 07:45:12', '2020-07-14 18:45:24', '', '0000-00-00', ''),
('23-1593397965', 83, 23, 0, 1065, '2020-06-29 09:38:43', NULL, NULL, 12219, '2020-06-29 13:43:09', '2020-06-29 09:32:45', '', '0000-00-00', ''),
('23-1593413104', 86, 23, 0, 2173, '2020-07-02 07:44:26', NULL, NULL, 3, '2020-07-02 07:44:29', '2020-06-29 13:45:04', '', '0000-00-00', ''),
('23-1593650704', 217, 23, 0, 553, '2020-07-02 08:11:20', NULL, NULL, 4991, '2020-07-03 07:51:00', '2020-07-02 07:45:04', '', '0000-00-00', ''),
('23-1593737467', 252, 23, 0, 0, '2020-07-03 07:51:12', NULL, NULL, 5, '2020-07-06 07:42:48', '2020-07-03 07:51:07', '', '0000-00-00', ''),
('23-1593996963', 265, 23, 0, 1871, '2020-07-06 07:56:06', NULL, NULL, 85567, '2020-07-07 07:42:13', '2020-07-06 07:56:03', '', '0000-00-00', ''),
('23-1594082604', 344, 23, 0, 2999, '2020-07-07 07:43:28', NULL, NULL, 26320, '2020-07-07 15:02:08', '2020-07-07 07:43:24', '', '0000-00-00', ''),
('23-1594109700', 321, 23, 0, 1113, '2020-07-07 15:20:27', NULL, NULL, 58146, '2020-07-08 07:29:33', '2020-07-07 15:15:00', '', '0000-00-00', ''),
('23-1594168200', 390, 23, 0, 6451, '2020-07-08 08:32:56', NULL, NULL, 35902, '2020-07-08 19:25:43', '2020-07-08 07:30:00', '', '0000-00-00', ''),
('23-1594348021', 424, 23, 0, 715, '2020-07-10 09:27:06', NULL, NULL, 252601, '2020-07-13 07:37:07', '2020-07-10 09:27:01', '', '0000-00-00', ''),
('23-1594602579', 525, 23, 0, 1036, '2020-07-13 08:09:53', NULL, NULL, 20406, '2020-07-13 15:20:13', '2020-07-13 08:09:39', '', '0000-00-00', ''),
('23-1594629789', 536, 23, 0, 1960, '2020-07-13 15:53:33', NULL, NULL, 16542, '2020-07-13 21:45:32', '2020-07-13 15:43:09', '', '0000-00-00', ''),
('23-1594686852', 563, 23, 0, 364, '2020-07-14 08:14:23', NULL, NULL, 4496, '2020-07-14 09:41:06', '2020-07-14 07:34:12', '', '0000-00-00', ''),
('23-1594721227', 577, 23, 0, 1198, '2020-07-14 17:07:11', NULL, NULL, 9839, '2020-07-14 21:44:01', '2020-07-14 17:07:07', '', '0000-00-00', ''),
('24-1593569304', 151, 24, 0, 4445, '2020-07-01 09:09:05', NULL, NULL, 12660, '2020-07-01 14:53:54', '2020-07-01 09:08:24', '', '0000-00-00', ''),
('24-1593598054', 154, 24, 0, 2959, '2020-07-01 17:07:39', NULL, NULL, 14073, '2020-07-01 22:00:05', '2020-07-01 17:07:34', '', '0000-00-00', ''),
('24-1593653070', 202, 24, 0, 1050, '2020-07-02 08:24:40', NULL, NULL, 2450, '2020-07-02 09:27:09', '2020-07-02 08:24:30', '', '0000-00-00', ''),
('24-1593658386', 219, 24, 0, 2141, '2020-07-02 10:33:22', NULL, NULL, 10365, '2020-07-02 13:34:21', '2020-07-02 09:53:06', '', '0000-00-00', ''),
('24-1593675509', 228, 24, 0, 1148, '2020-07-02 14:56:08', NULL, NULL, 5615, '2020-07-03 00:52:04', '2020-07-02 14:38:29', '', '0000-00-00', ''),
('24-1593744029', 259, 24, 0, 106, '2020-07-03 09:52:20', NULL, NULL, 487, '2020-07-03 23:46:19', '2020-07-03 09:40:29', '', '0000-00-00', ''),
('24-1593794849', 254, 24, 0, 13003, '2020-07-03 23:47:37', NULL, NULL, 289277, '2020-07-07 08:08:54', '2020-07-03 23:47:29', '', '0000-00-00', ''),
('24-1594084165', 328, 24, 0, 2276, '2020-07-07 08:09:29', NULL, NULL, 12389, '2020-07-07 11:35:58', '2020-07-07 08:09:25', '', '0000-00-00', ''),
('24-1594096584', 350, 24, 0, 8292, '2020-07-07 11:36:43', NULL, NULL, 28022, '2020-07-07 19:25:24', '2020-07-07 11:36:24', '', '0000-00-00', ''),
('24-1594171851', 367, 24, 0, 4562, '2020-07-08 08:37:06', NULL, NULL, 9934, '2020-07-08 11:50:52', '2020-07-08 08:30:51', '', '0000-00-00', ''),
('24-1594188243', 398, 24, 0, 1862, '2020-07-08 13:04:31', NULL, NULL, 3780, '2020-07-08 14:29:17', '2020-07-08 13:04:03', '', '0000-00-00', ''),
('24-1594196531', 369, 24, 0, 5003, '2020-07-08 16:00:24', NULL, NULL, 19825, '2020-07-08 21:30:49', '2020-07-08 15:22:11', '', '0000-00-00', ''),
('24-1594256807', 397, 24, 0, 0, '2020-07-09 08:09:22', NULL, NULL, 3916, '2020-07-09 10:30:43', '2020-07-09 08:06:47', '', '0000-00-00', ''),
('24-1594265488', 379, 24, 0, 7594, '2020-07-09 10:31:32', NULL, NULL, 65513, '2020-07-10 07:55:40', '2020-07-09 10:31:28', '', '0000-00-00', ''),
('24-1594342895', 473, 24, 0, 2, '2020-07-10 09:07:56', NULL, NULL, 224904, '2020-07-13 07:36:14', '2020-07-10 08:01:35', '', '0000-00-00', ''),
('24-1594602779', 508, 24, 0, 6043, '2020-07-13 08:21:16', NULL, NULL, 26146, '2020-07-13 15:52:14', '2020-07-13 08:12:59', '', '0000-00-00', ''),
('24-1594630352', 489, 24, 0, 3040, '2020-07-13 15:53:42', NULL, NULL, 12310, '2020-07-13 20:58:28', '2020-07-13 15:52:32', '', '0000-00-00', ''),
('24-1594648755', 538, 24, 0, 2000, '2020-07-13 20:59:32', NULL, NULL, 4999, '2020-07-13 22:29:06', '2020-07-13 20:59:15', '', '0000-00-00', ''),
('24-1594656682', 517, 24, 0, 1499, '2020-07-13 23:11:26', NULL, NULL, 6827, '2020-07-14 01:28:38', '2020-07-13 23:11:22', '', '0000-00-00', ''),
('24-1594686670', 579, 24, 0, 3490, '2020-07-14 07:34:04', NULL, NULL, 8865, '2020-07-14 11:08:06', '2020-07-14 07:31:10', '', '0000-00-00', ''),
('24-1594699709', 542, 24, 0, 5013, '2020-07-14 11:08:44', NULL, NULL, 10739, '2020-07-14 15:27:18', '2020-07-14 11:08:29', '', '0000-00-00', ''),
('24-1594716595', 575, 24, 0, 1099, '2020-07-14 15:50:04', NULL, NULL, 2779, '2020-07-14 17:22:48', '2020-07-14 15:49:55', '', '0000-00-00', ''),
('24-1594722186', 578, 24, 0, 1853, '2020-07-14 17:23:11', NULL, NULL, 3629, '2020-07-14 19:39:02', '2020-07-14 17:23:06', '', '0000-00-00', ''),
('24-1594774382', 634, 24, 0, 607, '2020-07-15 07:53:06', NULL, '2020-07-15 07:53:06', 2727, '0000-00-00 00:00:00', '2020-07-15 07:53:02', '', '0000-00-00', ''),
('25-1593737214', 241, 25, 0, 7900, '2020-07-03 07:47:01', NULL, NULL, 240856, '2020-07-06 08:08:45', '2020-07-03 07:46:54', '', '0000-00-00', ''),
('25-1593997805', 291, 25, 0, 1034, '2020-07-06 08:10:21', NULL, NULL, 16529, '2020-07-06 12:45:50', '2020-07-06 08:10:05', '', '0000-00-00', ''),
('25-1594014370', 293, 25, 0, 1874, '2020-07-06 12:46:16', NULL, NULL, 80282, '2020-07-07 11:04:18', '2020-07-06 12:46:10', '', '0000-00-00', ''),
('25-1594188885', 402, 25, 0, 13609, '2020-07-08 13:14:59', NULL, NULL, 414369, '2020-07-13 08:21:08', '2020-07-08 13:14:45', '', '0000-00-00', ''),
('25-1594603315', 498, 25, 0, 12310, '2020-07-13 08:22:01', NULL, NULL, 90251, '2020-07-14 09:26:12', '2020-07-13 08:21:55', '', '0000-00-00', ''),
('25-1594713163', 541, 25, 0, 4818, '2020-07-14 14:52:49', NULL, NULL, 62152, '2020-07-15 08:08:41', '2020-07-14 14:52:43', '', '0000-00-00', ''),
('25-1594775360', 617, 25, 0, 2070, '2020-07-15 08:09:25', NULL, NULL, 0, '0000-00-00 00:00:00', '2020-07-15 08:09:20', '', '0000-00-00', ''),
('26-1593508165', 61, 26, 0, 4609, '2020-06-30 16:09:35', NULL, NULL, 60558, '2020-07-01 09:06:15', '2020-06-30 16:09:25', '', '0000-00-00', ''),
('26-1593508392', 121, 26, 0, 8, '2020-06-30 16:13:24', NULL, NULL, 7, '2020-06-30 16:13:31', '2020-06-30 16:13:12', '', '0000-00-00', ''),
('26-1593655341', 199, 26, 0, 3830, '2020-07-02 09:03:07', NULL, NULL, 9764, '2020-07-02 13:00:25', '2020-07-02 09:02:21', '', '0000-00-00', ''),
('26-1593671047', 225, 26, 0, 9000, '2020-07-02 13:25:34', NULL, NULL, 14990, '2020-07-02 19:14:28', '2020-07-02 13:24:07', '', '0000-00-00', ''),
('26-1593692103', 204, 26, 0, 5940, '2020-07-02 19:15:41', NULL, NULL, 11838, '2020-07-03 00:40:59', '2020-07-02 19:15:03', '', '0000-00-00', ''),
('26-1593737661', 218, 26, 0, 0, '2020-07-07 10:38:04', NULL, NULL, 67, '2020-07-07 10:39:11', '2020-07-03 07:54:21', '', '0000-00-00', ''),
('26-1594093173', 331, 26, 0, 0, '2020-07-07 13:21:53', NULL, NULL, 51, '2020-07-07 13:22:44', '2020-07-07 10:39:33', '', '0000-00-00', ''),
('26-1594102989', 330, 26, 0, 6932, '2020-07-07 13:28:34', NULL, NULL, 12501, '2020-07-07 16:56:55', '2020-07-07 13:23:09', '', '0000-00-00', ''),
('26-1594168149', 380, 26, 0, 13477, '2020-07-08 08:58:44', NULL, NULL, 25741, '2020-07-08 16:53:27', '2020-07-08 07:29:09', '', '0000-00-00', ''),
('26-1594256101', 403, 26, 0, 2274, '2020-07-09 08:10:07', NULL, NULL, 6835, '2020-07-09 10:14:46', '2020-07-09 07:55:01', '', '0000-00-00', ''),
('26-1594270190', 428, 26, 0, 6894, '2020-07-09 11:50:04', NULL, NULL, 13844, '2020-07-09 16:20:08', '2020-07-09 11:49:50', '', '0000-00-00', ''),
('26-1594346074', 461, 26, 0, 2070, '2020-07-10 08:54:38', NULL, NULL, 14896, '2020-07-10 13:02:54', '2020-07-10 08:54:34', '', '0000-00-00', ''),
('26-1594361012', 443, 26, 0, 10595, '2020-07-10 13:03:45', NULL, NULL, 239935, '2020-07-13 07:55:33', '2020-07-10 13:03:32', '', '0000-00-00', ''),
('26-1594602385', 522, 26, 0, 8577, '2020-07-13 08:06:37', NULL, NULL, 13340, '2020-07-13 13:51:54', '2020-07-13 08:06:25', '', '0000-00-00', ''),
('26-1594628510', 533, 26, 0, 7840, '2020-07-13 15:22:03', NULL, NULL, 17387, '2020-07-13 21:34:03', '2020-07-13 15:21:50', '', '0000-00-00', ''),
('26-1594686884', 565, 26, 0, 2564, '2020-07-14 08:06:48', NULL, NULL, 6067, '2020-07-14 10:01:16', '2020-07-14 07:34:44', '', '0000-00-00', ''),
('26-1594696815', 540, 26, 0, 5223, '2020-07-14 10:20:23', NULL, NULL, 12235, '2020-07-14 16:19:44', '2020-07-14 10:20:15', '', '0000-00-00', ''),
('26-1594721559', 539, 26, 0, 4042, '2020-07-14 17:12:42', NULL, NULL, 9536, '2020-07-14 21:25:12', '2020-07-14 17:12:39', '', '0000-00-00', ''),
('26-1594742640', 582, 26, 0, 4758, '2020-07-14 23:04:04', NULL, '2020-07-14 23:04:04', 14106, '0000-00-00 00:00:00', '2020-07-14 23:04:00', '', '0000-00-00', ''),
('28-1593392573', 53, 28, 0, 2218, '2020-06-29 08:02:57', NULL, NULL, 165987, '2020-07-01 08:40:03', '2020-06-29 08:02:53', '', '0000-00-00', ''),
('28-1593567716', 149, 28, 0, 3287, '2020-07-01 09:59:44', NULL, NULL, 51585, '2020-07-02 01:04:17', '2020-07-01 08:41:56', '', '0000-00-00', ''),
('28-1593739567', 240, 28, 0, 3990, '2020-07-03 08:37:37', NULL, NULL, 256052, '2020-07-06 07:45:09', '2020-07-03 08:26:07', '', '0000-00-00', ''),
('28-1593997022', 273, 28, 0, 2769, '2020-07-06 07:57:07', NULL, NULL, 42868, '2020-07-06 20:33:38', '2020-07-06 07:57:02', '', '0000-00-00', ''),
('28-1594082701', 310, 28, 0, 2150, '2020-07-07 07:45:04', NULL, NULL, 70789, '2020-07-08 07:27:10', '2020-07-07 07:45:01', '', '0000-00-00', ''),
('28-1594168059', 375, 28, 0, 516, '2020-07-08 08:28:43', NULL, NULL, 6164, '2020-07-08 10:11:27', '2020-07-08 07:27:39', '', '0000-00-00', ''),
('28-1594178450', 361, 28, 0, 1052, '2020-07-08 10:55:54', NULL, NULL, 9963, '2020-07-09 07:57:11', '2020-07-08 10:20:50', '', '0000-00-00', ''),
('28-1594342376', 437, 28, 0, 961, '2020-07-10 08:31:20', NULL, NULL, 243747, '2020-07-13 07:53:51', '2020-07-10 07:52:56', '', '0000-00-00', ''),
('28-1594601647', 493, 28, 0, 3052, '2020-07-13 08:30:20', NULL, NULL, 22367, '2020-07-13 15:37:23', '2020-07-13 07:54:07', '', '0000-00-00', ''),
('28-1594686911', 547, 28, 0, 1401, '2020-07-14 07:39:06', NULL, NULL, 21526, '2020-07-14 15:41:16', '2020-07-14 07:35:11', '', '0000-00-00', ''),
('28-1594773215', 619, 28, 0, 806, '2020-07-15 07:43:05', NULL, NULL, 6287, '0000-00-00 00:00:00', '2020-07-15 07:33:35', '', '0000-00-00', ''),
('29-1593396858', 54, 29, 0, 2164, '2020-06-29 14:16:02', NULL, NULL, 152378, '2020-07-01 08:35:40', '2020-06-29 09:14:18', '', '0000-00-00', ''),
('29-1593567358', 148, 29, 0, 863, '2020-07-01 08:36:11', NULL, NULL, 13591, '2020-07-01 14:34:55', '2020-07-01 08:35:58', '', '0000-00-00', ''),
('29-1593739539', 239, 29, 0, 125, '2020-07-03 09:01:56', NULL, NULL, 2129, '2020-07-06 07:45:41', '2020-07-03 08:25:39', '', '0000-00-00', ''),
('29-1593996383', 272, 29, 0, 2792, '2020-07-06 07:46:31', NULL, NULL, 50243, '2020-07-06 22:08:54', '2020-07-06 07:46:23', '', '0000-00-00', ''),
('29-1594082672', 309, 29, 0, 1277, '2020-07-07 07:44:42', NULL, NULL, 28319, '2020-07-07 15:36:41', '2020-07-07 07:44:32', '', '0000-00-00', ''),
('29-1594168115', 376, 29, 0, 505, '2020-07-08 08:34:12', NULL, NULL, 6595, '2020-07-08 10:32:06', '2020-07-08 07:28:35', '', '0000-00-00', ''),
('29-1594179176', 362, 29, 0, 1054, '2020-07-08 10:57:31', NULL, NULL, 8098, '2020-07-09 08:00:39', '2020-07-08 10:32:56', '', '0000-00-00', ''),
('29-1594342403', 438, 29, 0, 3980, '2020-07-10 14:20:14', NULL, NULL, 235962, '2020-07-13 07:52:56', '2020-07-10 07:53:23', '', '0000-00-00', ''),
('29-1594601600', 494, 29, 0, 3050, '2020-07-13 08:34:15', NULL, NULL, 24925, '2020-07-13 16:29:02', '2020-07-13 07:53:20', '', '0000-00-00', ''),
('29-1594686922', 545, 29, 0, 1692, '2020-07-14 07:39:36', NULL, NULL, 82939, '2020-07-15 07:33:58', '2020-07-14 07:35:22', '', '0000-00-00', ''),
('29-1594773253', 620, 29, 0, 771, '2020-07-15 07:44:42', NULL, NULL, 6209, '0000-00-00 00:00:00', '2020-07-15 07:34:13', '', '0000-00-00', ''),
('3-1593671419', 189, 3, 0, 63395, '2020-07-02 13:30:33', NULL, NULL, 65445, '2020-07-03 07:41:37', '2020-07-02 13:30:19', '', '0000-00-00', ''),
('3-1593738977', 193, 3, 0, 10893, '2020-07-03 08:16:22', NULL, NULL, 85631, '2020-07-04 08:06:41', '2020-07-03 08:16:17', '', '0000-00-00', ''),
('3-1593824906', 231, 3, 0, 2932, '2020-07-04 08:08:32', NULL, NULL, 1634, '2020-07-06 07:42:32', '2020-07-04 08:08:26', '', '0000-00-00', ''),
('3-1593997127', 260, 3, 0, 4967, '2020-07-06 07:58:53', NULL, NULL, 71496, '2020-07-07 07:35:29', '2020-07-06 07:58:47', '', '0000-00-00', ''),
('3-1594082257', 303, 3, 0, 50720, '2020-07-07 07:38:14', NULL, NULL, 67931, '2020-07-08 07:06:35', '2020-07-07 07:37:37', '', '0000-00-00', ''),
('3-1594694838', 589, 3, 0, 2500, '2020-07-14 09:47:33', NULL, NULL, 11563, '2020-07-14 13:00:16', '2020-07-14 09:47:18', '', '0000-00-00', ''),
('30-1593392627', 55, 30, 0, 3605, '2020-07-01 08:39:06', NULL, NULL, 11, '2020-07-01 08:39:17', '2020-06-29 08:03:47', '', '0000-00-00', ''),
('30-1593567600', 147, 30, 0, 1162, '2000-01-01 11:35:35', NULL, NULL, 6, '2000-01-01 11:35:41', '2020-07-01 08:40:00', '', '0000-00-00', ''),
('30-1593739505', 238, 30, 0, 3537, '2020-07-03 08:58:24', NULL, NULL, 17260, '2020-07-03 15:29:03', '2020-07-03 08:25:05', '', '0000-00-00', ''),
('30-1594014393', 271, 30, 0, 1872, '2020-07-06 12:46:44', NULL, NULL, 68204, '2020-07-07 07:43:28', '2020-07-06 12:46:33', '', '0000-00-00', ''),
('30-1594082662', 308, 30, 0, 3342, '2020-07-07 07:44:28', NULL, NULL, 13559, '2020-07-07 13:25:07', '2020-07-07 07:44:22', '', '0000-00-00', ''),
('30-1594103384', 327, 30, 0, 2990, '2020-07-07 13:29:54', NULL, NULL, 72888, '2020-07-08 09:44:42', '2020-07-07 13:29:44', '', '0000-00-00', ''),
('30-1594178518', 360, 30, 0, 1929, '2020-07-08 10:56:22', NULL, NULL, 8392, '2020-07-09 07:59:09', '2020-07-08 10:21:58', '', '0000-00-00', ''),
('30-1594347472', 444, 30, 0, 3583, '2020-07-10 09:18:13', NULL, NULL, 62493, '2020-07-14 07:42:58', '2020-07-10 09:17:52', '', '0000-00-00', ''),
('30-1594687388', 546, 30, 0, 2086, '2020-07-14 10:07:15', NULL, NULL, 22155, '2020-07-14 17:30:10', '2020-07-14 07:43:08', '', '0000-00-00', ''),
('30-1594773282', 621, 30, 0, 916, '2020-07-15 07:49:35', NULL, NULL, 5997, '0000-00-00 00:00:00', '2020-07-15 07:34:42', '', '0000-00-00', ''),
('33-1593131652', 25, 33, 0, 2304, '2020-06-26 07:35:34', NULL, NULL, 25502, '2020-06-26 16:22:52', '2020-06-26 07:34:12', '', '0000-00-00', ''),
('33-1593163488', 26, 33, 0, 2300, '2020-06-26 16:29:24', NULL, NULL, 28832, '2020-06-27 01:23:51', '2020-06-26 16:24:48', '', '0000-00-00', ''),
('33-1593392346', 117, 33, 0, 2300, '2020-06-29 07:59:24', NULL, NULL, 27040, '2020-06-29 16:27:21', '2020-06-29 07:59:06', '', '0000-00-00', ''),
('33-1593995918', 297, 33, 0, 2303, '2020-07-06 07:39:09', NULL, NULL, 25332, '2020-07-06 16:27:19', '2020-07-06 07:38:38', '', '0000-00-00', ''),
('33-1594027737', 298, 33, 0, 2300, '2020-07-06 16:29:07', NULL, NULL, 28864, '2020-07-07 01:27:10', '2020-07-06 16:28:57', '', '0000-00-00', ''),
('33-1594083474', 354, 33, 0, 2303, '2020-07-07 08:01:31', NULL, NULL, 24984, '2020-07-07 16:20:31', '2020-07-07 07:57:54', '', '0000-00-00', ''),
('33-1594113987', 355, 33, 0, 2238, '2020-07-07 16:32:53', NULL, NULL, 27847, '2020-07-08 01:15:48', '2020-07-07 16:26:27', '', '0000-00-00', ''),
('33-1594262676', 433, 33, 0, 2003, '2020-07-09 09:44:48', NULL, NULL, 20339, '2020-07-09 16:18:26', '2020-07-09 09:44:36', '', '0000-00-00', ''),
('33-1594286738', 434, 33, 0, 2300, '2020-07-09 16:25:58', NULL, NULL, 28791, '2020-07-10 01:24:57', '2020-07-09 16:25:38', '', '0000-00-00', ''),
('33-1594340936', 479, 33, 0, 2303, '2020-07-10 07:30:05', NULL, NULL, 25872, '2020-07-10 16:20:28', '2020-07-10 07:28:56', '', '0000-00-00', ''),
('33-1594373243', 480, 33, 0, 2316, '2020-07-10 16:31:38', NULL, NULL, 28530, '2020-07-11 01:27:13', '2020-07-10 16:27:23', '', '0000-00-00', ''),
('37-1593392139', 17, 37, 0, 1008, '2020-06-29 07:55:44', NULL, NULL, 5229, '2020-07-03 07:42:53', '2020-06-29 07:55:39', '', '0000-00-00', ''),
('37-1594188535', 389, 37, 0, 5677, '2020-07-08 13:09:01', NULL, NULL, 61362, '2020-07-09 07:56:12', '2020-07-08 13:08:55', '', '0000-00-00', ''),
('38-1594104101', 324, 38, 0, 0, '2020-07-07 13:41:51', NULL, NULL, 12, '2020-07-07 13:42:03', '2020-07-07 13:41:41', '', '0000-00-00', ''),
('38-1594170728', 391, 38, 0, 6498, '2020-07-08 08:12:48', NULL, NULL, 16248, '2020-07-08 13:38:41', '2020-07-08 08:12:08', '', '0000-00-00', ''),
('38-1594342447', 441, 38, 0, 1223, '2020-07-10 08:29:36', NULL, NULL, 3266, '2020-07-10 09:45:32', '2020-07-10 07:54:07', '', '0000-00-00', ''),
('38-1594349747', 478, 38, 0, 2821, '2020-07-10 10:32:19', NULL, NULL, 9708, '2020-07-10 14:49:50', '2020-07-10 09:55:47', '', '0000-00-00', ''),
('38-1594773391', 553, 38, 0, 1270, '2020-07-15 07:36:49', NULL, NULL, 4478, '0000-00-00 00:00:00', '2020-07-15 07:36:31', '', '0000-00-00', ''),
('4-1593584813', 190, 4, 0, 16194, '2020-07-01 13:26:58', NULL, NULL, 92906, '2020-07-03 07:41:27', '2020-07-01 13:26:53', '', '0000-00-00', ''),
('4-1593595852', 188, 4, 0, 6, '2020-07-01 16:31:09', NULL, NULL, 273, '2020-07-02 07:41:10', '2020-07-01 16:30:52', '', '0000-00-00', ''),
('4-1594169281', 356, 4, 0, 24653, '2020-07-08 12:57:34', NULL, NULL, 65062, '2020-07-09 07:01:56', '2020-07-08 07:48:01', '', '0000-00-00', ''),
('4-1594604751', 487, 4, 0, 59824, '2020-07-13 08:46:51', NULL, NULL, 73268, '2020-07-14 07:46:19', '2020-07-13 08:45:51', '', '0000-00-00', ''),
('4-1594689750', 537, 4, 0, 1045, '2020-07-14 08:22:52', NULL, NULL, 1103, '2020-07-15 08:13:59', '2020-07-14 08:22:30', '', '0000-00-00', ''),
('6-1593738134', 246, 6, 0, 9363, '2020-07-03 11:05:50', NULL, NULL, 319064, '2020-07-07 07:56:57', '2020-07-03 08:02:14', '', '0000-00-00', ''),
('6-1594083442', 335, 6, 0, 72, '2020-07-07 08:23:54', NULL, NULL, 0, '2020-07-08 07:38:49', '2020-07-07 07:57:22', '', '0000-00-00', ''),
('6-1594112233', 349, 6, 0, 2064, '2020-07-07 15:57:35', NULL, NULL, 144006, '2020-07-09 07:57:41', '2020-07-07 15:57:13', '', '0000-00-00', ''),
('6-1594262789', 422, 6, 0, 25001, '2020-07-09 09:47:05', NULL, NULL, 27578, '2020-07-09 21:42:40', '2020-07-09 09:46:30', '', '0000-00-00', ''),
('6-1594607807', 513, 6, 0, 4629, '2020-07-13 09:37:02', NULL, NULL, 14053, '2020-07-13 20:31:26', '2020-07-13 09:36:47', '', '0000-00-00', ''),
('6-1594656972', 505, 6, 0, 507, '2020-07-13 23:16:16', NULL, NULL, 12740, '2020-07-14 21:14:20', '2020-07-13 23:16:12', '', '0000-00-00', ''),
('6-1594736082', 570, 6, 0, 2008, '2020-07-14 21:14:50', NULL, NULL, 6220, '2020-07-14 23:18:41', '2020-07-14 21:14:42', '', '0000-00-00', ''),
('6-1594747563', 569, 6, 0, 2001, '2020-07-15 00:26:09', NULL, NULL, 3095, '0000-00-00 00:00:00', '2020-07-15 00:26:03', '', '0000-00-00', ''),
('7-1593136449', 1, 7, 0, 8412, '2020-06-26 09:06:19', NULL, NULL, 12538, '2020-06-29 07:48:31', '2020-06-26 08:54:09', '', '0000-00-00', ''),
('7-1593567843', 167, 7, 0, 1297, '2020-07-01 08:45:46', NULL, NULL, 15888, '2020-07-01 13:10:34', '2020-07-01 08:44:03', '', '0000-00-00', ''),
('7-1593655877', 213, 7, 0, 12150, '2020-07-02 09:11:24', NULL, NULL, 14845, '2020-07-02 14:33:48', '2020-07-02 09:11:17', '', '0000-00-00', ''),
('7-1593677382', 229, 7, 0, 12127, '2020-07-02 15:17:43', NULL, NULL, 49385, '2020-07-03 08:48:21', '2020-07-02 15:09:42', '', '0000-00-00', ''),
('7-1593741221', 243, 7, 0, 12918, '2020-07-03 08:54:17', NULL, NULL, 342154, '2020-07-07 08:00:48', '2020-07-03 08:53:41', '', '0000-00-00', ''),
('7-1593741222', 247, 7, 0, 725, '2020-07-07 11:43:34', NULL, NULL, 997, '2020-07-07 12:45:54', '2020-07-07 11:41:46', '', '0000-00-00', ''),
('7-1594100781', 341, 7, 0, 1354, '2020-07-07 12:46:26', NULL, NULL, 5858, '2020-07-07 14:24:04', '2020-07-07 12:46:21', '', '0000-00-00', ''),
('7-1594264602', 421, 7, 0, 17877, '2020-07-09 10:16:49', NULL, NULL, 224914, '2020-07-13 08:06:13', '2020-07-09 10:16:42', '', '0000-00-00', ''),
('7-1594602626', 503, 7, 0, 10041, '2020-07-13 08:19:11', NULL, NULL, 14445, '2020-07-14 02:04:59', '2020-07-13 08:10:26', '', '0000-00-00', ''),
('7-1594710285', 568, 7, 0, 4527, '2020-07-14 15:03:11', NULL, NULL, 5485, '2020-07-15 01:34:16', '2020-07-14 14:04:45', '', '0000-00-00', ''),
('7-1594773520', 605, 7, 0, 283, '2020-07-15 07:38:51', NULL, NULL, 685, '0000-00-00 00:00:00', '2020-07-15 07:38:40', '', '0000-00-00', ''),
('8-1594100598', 334, 8, 0, 3758, '2020-07-07 12:43:31', NULL, NULL, 13886, '2020-07-08 07:44:23', '2020-07-07 12:43:18', '', '0000-00-00', ''),
('8-1594187497', 371, 8, 0, 2259, '2020-07-08 12:57:25', NULL, NULL, 5318, '2020-07-08 14:26:03', '2020-07-08 12:51:37', '', '0000-00-00', ''),
('8-1594364789', 457, 8, 0, 3420, '2020-07-10 14:06:37', NULL, NULL, 305352, '2020-07-14 09:07:46', '2020-07-10 14:06:29', '', '0000-00-00', ''),
('9-1593568191', 159, 9, 0, 18227, '2020-07-01 08:49:58', NULL, NULL, 104633, '2020-07-02 13:53:51', '2020-07-01 08:49:51', '', '0000-00-00', ''),
('9-1593672886', 200, 9, 0, 0, '2020-07-02 13:58:38', NULL, NULL, 173, '2020-07-02 14:01:31', '2020-07-02 13:54:46', '', '0000-00-00', ''),
('9-1593673316', 227, 9, 0, 0, '2020-07-02 17:16:01', NULL, NULL, 6, '2020-07-02 17:16:07', '2020-07-02 14:01:56', '', '0000-00-00', ''),
('9-1593684981', 205, 9, 0, 10479, '2020-07-02 17:16:30', NULL, NULL, 14544, '2020-07-02 22:06:09', '2020-07-02 17:16:21', '', '0000-00-00', ''),
('9-1593738568', 244, 9, 0, 696, '2020-07-03 08:10:03', NULL, NULL, 2582, '2020-07-06 15:55:45', '2020-07-03 08:09:28', '', '0000-00-00', ''),
('9-1594025779', 299, 9, 0, 1463, '2020-07-06 15:56:37', NULL, NULL, 2345, '2020-07-07 08:33:28', '2020-07-06 15:56:19', '', '0000-00-00', ''),
('9-1594093533', 333, 9, 0, 8370, '2020-07-07 10:45:39', NULL, NULL, 21376, '2020-07-08 07:46:19', '2020-07-07 10:45:33', '', '0000-00-00', ''),
('9-1594171178', 378, 9, 0, 25992, '2020-07-08 09:03:03', NULL, NULL, 123798, '2020-07-09 22:20:46', '2020-07-08 08:19:38', '', '0000-00-00', ''),
('9-1594343070', 377, 9, 0, 5185, '2020-07-10 08:06:25', NULL, NULL, 8517, '2020-07-10 10:28:22', '2020-07-10 08:04:30', '', '0000-00-00', ''),
('9-1594363172', 439, 9, 0, 2355, '2020-07-10 13:40:48', NULL, NULL, 7624, '2020-07-10 16:24:53', '2020-07-10 13:39:32', '', '0000-00-00', ''),
('9-1594606979', 532, 9, 0, 8660, '2020-07-13 09:24:44', NULL, NULL, 14246, '2020-07-13 14:58:51', '2020-07-13 09:22:59', '', '0000-00-00', ''),
('9-1594644978', 491, 9, 0, 1500, '2020-07-13 19:56:49', NULL, NULL, 4359, '2020-07-13 21:09:28', '2020-07-13 19:56:18', '', '0000-00-00', ''),
('9-1594689905', 585, 9, 0, 2001, '2020-07-14 08:26:04', NULL, NULL, 4811, '2020-07-14 10:02:59', '2020-07-14 08:25:05', '', '0000-00-00', ''),
('9-1594696181', 564, 9, 0, 2910, '2020-07-14 10:09:56', NULL, NULL, 5100, '2020-07-14 13:20:27', '2020-07-14 10:09:41', '', '0000-00-00', ''),
('9-1594713771', 566, 9, 0, 1585, '2020-07-14 15:03:03', NULL, NULL, 2996, '2020-07-14 15:52:59', '2020-07-14 15:02:51', '', '0000-00-00', ''),
('9-1594716914', 567, 9, 0, 10230, '2020-07-14 17:17:03', NULL, NULL, 18044, '2020-07-14 23:12:11', '2020-07-14 15:55:14', '', '0000-00-00', ''),
('9-1594773466', 626, 9, 0, 1315, '2020-07-15 07:37:50', NULL, NULL, 12, '0000-00-00 00:00:00', '2020-07-15 07:37:46', '', '0000-00-00', '');

-- --------------------------------------------------------

--
-- Table structure for table `itx_t_result_ng`
--

CREATE TABLE `itx_t_result_ng` (
  `id` varchar(20) NOT NULL,
  `masterplan_qty_id` int(11) NOT NULL,
  `machine_problem_id` int(11) NOT NULL,
  `mc_id` int(11) NOT NULL,
  `qty_ng` int(11) NOT NULL,
  `createDate` datetime NOT NULL DEFAULT current_timestamp(),
  `createUser` varchar(50) NOT NULL,
  `editDate` date NOT NULL,
  `editUser` varchar(50) NOT NULL
) ENGINE=InnoDB DEFAULT CHARSET=latin1;

--
-- Dumping data for table `itx_t_result_ng`
--

INSERT INTO `itx_t_result_ng` (`id`, `masterplan_qty_id`, `machine_problem_id`, `mc_id`, `qty_ng`, `createDate`, `createUser`, `editDate`, `editUser`) VALUES
('24-1593658355-1', 202, 34, 24, 9, '2020-07-02 09:52:42', '', '0000-00-00', ''),
('33-1593163070-1', 25, 4, 33, 1, '2020-06-26 16:17:50', '', '0000-00-00', ''),
('33-1593163070-2', 25, 6, 33, 1, '2020-06-26 16:17:50', '', '0000-00-00', ''),
('33-1593163071-3', 25, 1, 33, 2, '2020-06-26 16:17:51', '', '0000-00-00', ''),
('33-1593195876-1', 26, 2, 33, 1, '2020-06-27 01:25:23', '', '0000-00-00', ''),
('33-1593195876-2', 26, 3, 33, 1, '2020-06-27 01:25:23', '', '0000-00-00', ''),
('33-1593422911-1', 117, 2, 33, 3, '2020-06-29 16:29:20', '', '0000-00-00', ''),
('33-1593422911-2', 117, 3, 33, 3, '2020-06-29 16:29:20', '', '0000-00-00', ''),
('33-1593999295-1', 297, 6, 33, 3, '2020-07-06 08:34:55', '', '0000-00-00', ''),
('33-1594060067-1', 298, 2, 33, 4, '2020-07-07 01:27:47', '', '0000-00-00', ''),
('33-1594104445-1', 354, 2, 33, 1, '2020-07-07 13:47:25', '', '0000-00-00', ''),
('33-1594104445-2', 354, 3, 33, 1, '2020-07-07 13:47:25', '', '0000-00-00', ''),
('33-1594104445-3', 354, 1, 33, 1, '2020-07-07 13:47:25', '', '0000-00-00', ''),
('33-1594145838-1', 355, 2, 33, 3, '2020-07-08 01:17:18', '', '0000-00-00', ''),
('33-1594273686-1', 433, 3, 33, 1, '2020-07-09 12:48:06', '', '0000-00-00', ''),
('33-1594273686-2', 433, 1, 33, 1, '2020-07-09 12:48:06', '', '0000-00-00', ''),
('33-1594273686-3', 433, 7, 33, 1, '2020-07-09 12:48:06', '', '0000-00-00', ''),
('33-1594319138-1', 434, 2, 33, 3, '2020-07-10 01:25:38', '', '0000-00-00', ''),
('33-1594370315-1', 479, 2, 33, 1, '2020-07-10 15:38:35', '', '0000-00-00', ''),
('33-1594370315-2', 479, 3, 33, 2, '2020-07-10 15:38:35', '', '0000-00-00', ''),
('33-1594402624-1', 480, 2, 33, 3, '2020-07-11 00:37:04', '', '0000-00-00', ''),
('33-1594402624-2', 480, 3, 33, 1, '2020-07-11 00:37:04', '', '0000-00-00', ''),
('7-1593068428-1', 1525, 31, 7, 5, '2020-06-25 14:00:28', '', '0000-00-00', ''),
('7-1593068428-2', 1525, 32, 7, 100, '2020-06-25 14:00:28', '', '0000-00-00', ''),
('7-1593068429-3', 1525, 37, 7, 200, '2020-06-25 14:00:29', '', '0000-00-00', ''),
('7-1593068429-4', 1525, 39, 7, 20, '2020-06-25 14:00:29', '', '0000-00-00', '');

-- --------------------------------------------------------

--
-- Table structure for table `itx_t_work_instruction`
--

CREATE TABLE `itx_t_work_instruction` (
  `id` int(11) DEFAULT NULL,
  `part_no` varchar(50) NOT NULL,
  `filename` text NOT NULL,
  `createDate` datetime NOT NULL DEFAULT current_timestamp(),
  `createUser` varchar(50) NOT NULL,
  `editDate` date NOT NULL,
  `editUser` varchar(50) NOT NULL
) ENGINE=InnoDB DEFAULT CHARSET=latin1;

--
-- Dumping data for table `itx_t_work_instruction`
--

INSERT INTO `itx_t_work_instruction` (`id`, `part_no`, `filename`, `createDate`, `createUser`, `editDate`, `editUser`) VALUES
(NULL, '30YT44-303^V 60 (M) Press 2nd', '30YT44-303^V_60_(M)_Press_2nd.pdf', '2020-06-24 17:07:02', '0', '0000-00-00', ''),
(NULL, '30ZHG006-301^V 60 (P) Press 1st', '30ZHG006-301^V_60_(P)_Press_1st.pdf', '2020-06-24 17:07:02', '0', '0000-00-00', ''),
(NULL, '30ZHG507-301 60 (P) Press 1st', '30ZHG507-301_60_(P)_Press_1st.pdf', '2020-06-24 17:07:02', '0', '0000-00-00', ''),
(NULL, '30ZYM012-307 80 (P) Press 1st', '30ZYM012-307_80_(P)_Press_1st.pdf', '2020-06-24 17:07:02', '0', '0000-00-00', ''),
(NULL, '31322-BZ270-H 80 (M) Press Final', '31322-BZ270-H_80_(M)_Press_Final.pdf', '2020-06-24 17:07:02', '0', '0000-00-00', ''),
(NULL, '3208030110 60 (M) Press 2nd', '3208030110_60_(M)_Press_2nd.pdf', '2020-06-24 17:07:02', '0', '0000-00-00', ''),
(NULL, '3A06080000 80 (M) Press Final', '3A06080000_80_(M)_Press_Final.pdf', '2020-06-24 17:07:02', '0', '0000-00-00', ''),
(NULL, '3A18040000 80 (M) Press 3th', '3A18040000_80_(M)_Press_3th.pdf', '2020-06-24 17:07:02', '0', '0000-00-00', ''),
(NULL, '3A18040000 80 (M) Press 4th', '3A18040000_80_(M)_Press_4th.pdf', '2020-06-24 17:07:02', '0', '0000-00-00', ''),
(NULL, '3A18040000 80 (M) Press Final', '3A18040000_80_(M)_Press_Final.pdf', '2020-06-24 17:07:02', '0', '0000-00-00', ''),
(NULL, '3A18080000 80 (M) Press 2nd', '3A18080000_80_(M)_Press_2nd.pdf', '2020-06-24 17:07:02', '0', '0000-00-00', ''),
(NULL, '3A18080000 80 (M) Press 4th', '3A18080000_80_(M)_Press_4th.pdf', '2020-06-24 17:07:02', '0', '0000-00-00', ''),
(NULL, '3A18080000 80 (M Press 3th', '3A18080000_80_(M_Press_3th.pdf', '2020-06-24 17:07:02', '0', '0000-00-00', ''),
(NULL, '48824- BZ180-H 80 (M) Press 1st', '48824-_BZ180-H_80_(M)_Press_1st.pdf', '2020-06-24 17:07:02', '0', '0000-00-00', ''),
(NULL, '48824- BZ180-H 80 (M) Press 2nd', '48824-_BZ180-H_80_(M)_Press_2nd.pdf', '2020-06-24 17:07:02', '0', '0000-00-00', ''),
(NULL, '48824- BZ180-H 80 (M) Press Final', '48824-_BZ180-H_80_(M)_Press_Final.pdf', '2020-06-24 17:07:02', '0', '0000-00-00', ''),
(NULL, '55136 - BZ060 80 (M) Press 1st', '55136_-_BZ060_80_(M)_Press_1st.pdf', '2020-06-24 17:07:02', '0', '0000-00-00', ''),
(NULL, '55136 - BZ060 80 (M) Press 2nd', '55136_-_BZ060_80_(M)_Press_2nd.pdf', '2020-06-24 17:07:02', '0', '0000-00-00', ''),
(NULL, '55136 - BZ060 80 (M) Press 3rd', '55136_-_BZ060_80_(M)_Press_3rd.pdf', '2020-06-24 17:07:02', '0', '0000-00-00', ''),
(NULL, '55136 - BZ060 80 (M) Press Final', '55136_-_BZ060_80_(M)_Press_Final.pdf', '2020-06-24 17:07:02', '0', '0000-00-00', ''),
(NULL, '55324 - BZ180 80 (M) Press Final', '55324_-_BZ180_80_(M)_Press_Final.pdf', '2020-06-24 17:07:02', '0', '0000-00-00', ''),
(NULL, 'A383-87413 80 (M) Press Final', 'A383-87413_80_(M)_Press_Final.pdf', '2020-06-24 17:07:02', '0', '0000-00-00', ''),
(NULL, 'BT3-F1183-00 80 (M) Press Final', 'BT3-F1183-00_80_(M)_Press_Final.pdf', '2020-06-24 17:07:02', '0', '0000-00-00', ''),
(NULL, 'F836A-00 60 (M) Press Final', 'F836A-00_60_(M)_Press_Final.pdf', '2020-06-24 17:07:02', '0', '0000-00-00', ''),
(NULL, 'F836E-00 80 (P) Press Final', 'F836E-00_80_(P)_Press_Final.pdf', '2020-06-24 17:07:02', '0', '0000-00-00', ''),
(NULL, 'F836G-00 80 (P) Press Final', 'F836G-00_80_(P)_Press_Final.pdf', '2020-06-24 17:07:02', '0', '0000-00-00', ''),
(NULL, 'MK482220 80 (M) Press 1st', 'MK482220_80_(M)_Press_1st.pdf', '2020-06-24 17:07:02', '0', '0000-00-00', ''),
(NULL, 'MK482220 80 (M) Press Final', 'MK482220_80_(M)_Press_Final.pdf', '2020-06-24 17:07:02', '0', '0000-00-00', ''),
(NULL, '3208030110 110 (M) Press Final', '3208030110_110_(M)_Press_Final.pdf', '2020-06-24 17:07:02', '0', '0000-00-00', ''),
(NULL, '3A18080000 80 (M) Press 3th', '3A18080000_80_(M)_Press_3th.pdf', '2020-06-24 17:07:02', '0', '0000-00-00', ''),
(NULL, 'F133A-00 160 (P) Press 1st', 'F133A-00_160_(P)_Press_1st.pdf', '2020-06-24 17:07:02', '0', '0000-00-00', ''),
(NULL, 'F1374-00 110 (P) Press Final', 'F1374-00_110_(P)_Press_Final.pdf', '2020-06-24 17:07:02', '0', '0000-00-00', ''),
(NULL, 'F836A-00 110 (P) Press 1st', 'F836A-00_110_(P)_Press_1st.pdf', '2020-06-24 17:07:02', '0', '0000-00-00', ''),
(NULL, 'F836H-00 110 (P) Press Final', 'F836H-00_110_(P)_Press_Final.pdf', '2020-06-24 17:07:02', '0', '0000-00-00', ''),
(NULL, 'F836J-00 110 (P) Press Final', 'F836J-00_110_(P)_Press_Final.pdf', '2020-06-24 17:07:02', '0', '0000-00-00', ''),
(NULL, '45288-BZ030-G 80 (M)-Press Final', '45288-BZ030-G_80_(M)-Press_Final.pdf', '2020-06-24 17:07:02', '0', '0000-00-00', ''),
(NULL, '45288-BZ030-G 80 (M) Press 2nd', '45288-BZ030-G_80_(M)_Press_2nd.pdf', '2020-06-24 17:07:02', '0', '0000-00-00', ''),
(NULL, '45288-BZ030-G 80 (M) Press 3rd', '45288-BZ030-G_80_(M)_Press_3rd.pdf', '2020-06-24 17:07:02', '0', '0000-00-00', ''),
(NULL, 'F128H-00 60 (M) Press Final', 'F128H-00_60_(M)_Press_Final.pdf', '2020-06-24 17:07:02', '0', '0000-00-00', ''),
(NULL, 'MK412676 80 (M) Press 1st', 'MK412676_80_(M)_Press_1st.pdf', '2020-06-24 17:07:02', '0', '0000-00-00', ''),
(NULL, '3A18040000 80 (M) Pres 4th', '3A18040000_80_(M)_Pres_4th.pdf', '2020-06-24 17:07:02', '0', '0000-00-00', ''),
(NULL, '45288-BZ030-G 80 (M Pres Final', '45288-BZ030-G_80_(M_Pres_Final.pdf', '2020-06-24 17:07:02', '0', '0000-00-00', ''),
(NULL, '45288-BZ030-G 80 (M) Press Final', '45288-BZ030-G_80_(M)_Press_Final.pdf', '2020-06-24 17:07:02', '0', '0000-00-00', ''),
(NULL, '48824- BZ180-H 80 (M) Pres 2nd', '48824-_BZ180-H_80_(M)_Pres_2nd.pdf', '2020-06-24 17:07:02', '0', '0000-00-00', ''),
(NULL, '225C3-F0050 250 (P) Press 1st', '225C3-F0050_250_(P)_Press_1st.pdf', '2020-06-24 17:07:02', '0', '0000-00-00', ''),
(NULL, '2671803 150 (M) Press 1st', '2671803_150_(M)_Press_1st.pdf', '2020-06-24 17:07:02', '0', '0000-00-00', ''),
(NULL, '2671803 150 (M) Press Final', '2671803_150_(M)_Press_Final.pdf', '2020-06-24 17:07:02', '0', '0000-00-00', ''),
(NULL, '2672163 150 (M) Press Final', '2672163_150_(M)_Press_Final.pdf', '2020-06-24 17:07:02', '0', '0000-00-00', ''),
(NULL, '2672618 150 (M) Press Final', '2672618_150_(M)_Press_Final.pdf', '2020-06-24 17:07:02', '0', '0000-00-00', ''),
(NULL, '2FB22202111000 150 (M) Press Final', '2FB22202111000_150_(M)_Press_Final.pdf', '2020-06-24 17:07:02', '0', '0000-00-00', ''),
(NULL, '2MP2110401120 200 (M) Press Final', '2MP2110401120_200_(M)_Press_Final.pdf', '2020-06-24 17:07:02', '0', '0000-00-00', ''),
(NULL, '3108070000 200 (P) Press 1st', '3108070000_200_(P)_Press_1st.pdf', '2020-06-24 17:07:02', '0', '0000-00-00', ''),
(NULL, '3118020220 200 (P) Press Final', '3118020220_200_(P)_Press_Final.pdf', '2020-06-24 17:07:02', '0', '0000-00-00', ''),
(NULL, '3127050000 200 (P) Press 1st', '3127050000_200_(P)_Press_1st.pdf', '2020-06-24 17:07:02', '0', '0000-00-00', ''),
(NULL, '3208030110 200 (P) Press 1st', '3208030110_200_(P)_Press_1st.pdf', '2020-06-24 17:07:02', '0', '0000-00-00', ''),
(NULL, '3A06010301 200 (P) Press Final', '3A06010301_200_(P)_Press_Final.pdf', '2020-06-24 17:07:02', '0', '0000-00-00', ''),
(NULL, '45288-BZ030-G 150 (M) Press 1st', '45288-BZ030-G_150_(M)_Press_1st.pdf', '2020-06-24 17:07:02', '0', '0000-00-00', ''),
(NULL, '50351-K12-9000-26 150 (M) Press Final', '50351-K12-9000-26_150_(M)_Press_Final.pdf', '2020-06-24 17:07:02', '0', '0000-00-00', ''),
(NULL, '50351-K59-A100-31 150 (M) Press Final', '50351-K59-A100-31_150_(M)_Press_Final.pdf', '2020-06-24 17:07:02', '0', '0000-00-00', ''),
(NULL, '82715-OKD40 150 (M) Press 2nd', '82715-OKD40_150_(M)_Press_2nd.pdf', '2020-06-24 17:07:02', '0', '0000-00-00', ''),
(NULL, '82715-OKD40 150 (M) Press Final', '82715-OKD40_150_(M)_Press_Final.pdf', '2020-06-24 17:07:02', '0', '0000-00-00', ''),
(NULL, '82715-OKD50 150 (M) Press Final', '82715-OKD50_150_(M)_Press_Final.pdf', '2020-06-24 17:07:02', '0', '0000-00-00', ''),
(NULL, '18310-LIGG-T000-24 110 (P) Press Final', '18310-LIGG-T000-24_110_(P)_Press_Final.pdf', '2020-06-24 17:07:02', '0', '0000-00-00', ''),
(NULL, '18310-LIGG-T000-24 160 (M) Press 2nd', '18310-LIGG-T000-24_160_(M)_Press_2nd.pdf', '2020-06-24 17:07:02', '0', '0000-00-00', ''),
(NULL, '55192 - BZ180 160 (M) Press Final', '55192_-_BZ180_160_(M)_Press_Final.pdf', '2020-06-24 17:07:02', '0', '0000-00-00', ''),
(NULL, '55324 - BZ170 160 (M) Press Final', '55324_-_BZ170_160_(M)_Press_Final.pdf', '2020-06-24 17:07:02', '0', '0000-00-00', ''),
(NULL, '225C3-F0050 150 (M) Press Final', '225C3-F0050_150_(M)_Press_Final.pdf', '2020-06-24 17:07:02', '0', '0000-00-00', ''),
(NULL, '50351-K12-9000-26 110 (P) Press 1st', '50351-K12-9000-26_110_(P)_Press_1st.pdf', '2020-06-24 17:07:02', '0', '0000-00-00', ''),
(NULL, '50351-K59-A100-31 110 (P) Press 1st', '50351-K59-A100-31_110_(P)_Press_1st.pdf', '2020-06-24 17:07:02', '0', '0000-00-00', ''),
(NULL, 'F11117-00 160 (P) Press 1st', 'F11117-00_160_(P)_Press_1st.pdf', '2020-06-24 17:07:02', '0', '0000-00-00', ''),
(NULL, 'F1346-00 160 (P) Press 1st', 'F1346-00_160_(P)_Press_1st.pdf', '2020-06-24 17:07:02', '0', '0000-00-00', ''),
(NULL, 'F164J-00 160 (P) Press Final', 'F164J-00_160_(P)_Press_Final.pdf', '2020-06-24 17:07:02', '0', '0000-00-00', ''),
(NULL, '3111010201 160 (P) Press 1st', '3111010201_160_(P)_Press_1st.pdf', '2020-06-24 17:07:02', '0', '0000-00-00', ''),
(NULL, '7501208101 160 (P) Press 1st', '7501208101_160_(P)_Press_1st.pdf', '2020-06-24 17:07:02', '0', '0000-00-00', ''),
(NULL, '7506720000 160 (P) Press 1st', '7506720000_160_(P)_Press_1st.pdf', '2020-06-24 17:07:02', '0', '0000-00-00', ''),
(NULL, '23265-B2010 300 (P) Press 1st', '23265-B2010_300_(P)_Press_1st.pdf', '2020-06-24 17:07:02', '0', '0000-00-00', ''),
(NULL, '2PH-F141A-5 300 (P) Press Final', '2PH-F141A-5_300_(P)_Press_Final.pdf', '2020-06-24 17:07:02', '0', '0000-00-00', ''),
(NULL, '3B36010110 300 (P) Press 1st', '3B36010110_300_(P)_Press_1st.pdf', '2020-06-24 17:07:02', '0', '0000-00-00', ''),
(NULL, 'F141A-00 300 (P) Press Final', 'F141A-00_300_(P)_Press_Final.pdf', '2020-06-24 17:07:02', '0', '0000-00-00', ''),
(NULL, 'F1688-00 300 (P) Press 1st', 'F1688-00_300_(P)_Press_1st.pdf', '2020-06-24 17:07:02', '0', '0000-00-00', ''),
(NULL, 'F1689-00 300 (P) Press 1st', 'F1689-00_300_(P)_Press_1st.pdf', '2020-06-24 17:07:02', '0', '0000-00-00', ''),
(NULL, '3A06050005 200 (P) Press 1st', '3A06050005_200_(P)_Press_1st.pdf', '2020-06-24 17:07:02', '0', '0000-00-00', '');

--
-- Indexes for dumped tables
--

--
-- Indexes for table `itx_m_andon_call`
--
ALTER TABLE `itx_m_andon_call`
  ADD PRIMARY KEY (`id`);

--
-- Indexes for table `itx_m_department`
--
ALTER TABLE `itx_m_department`
  ADD PRIMARY KEY (`id`);

--
-- Indexes for table `itx_m_losstime_category`
--
ALTER TABLE `itx_m_losstime_category`
  ADD PRIMARY KEY (`id`);

--
-- Indexes for table `itx_m_machine`
--
ALTER TABLE `itx_m_machine`
  ADD PRIMARY KEY (`id`),
  ADD UNIQUE KEY `mc_no_UNIQUE` (`mc_no`),
  ADD KEY `department_id` (`department_id`),
  ADD KEY `department_id_2` (`department_id`),
  ADD KEY `mc_no` (`mc_no`);

--
-- Indexes for table `itx_m_machine_problem`
--
ALTER TABLE `itx_m_machine_problem`
  ADD PRIMARY KEY (`id`),
  ADD KEY `department_id` (`department_id`),
  ADD KEY `department_id_2` (`department_id`);

--
-- Indexes for table `itx_m_operator`
--
ALTER TABLE `itx_m_operator`
  ADD PRIMARY KEY (`nip`),
  ADD KEY `department_id` (`department_id`),
  ADD KEY `department_id_2` (`department_id`);

--
-- Indexes for table `itx_m_production_status`
--
ALTER TABLE `itx_m_production_status`
  ADD PRIMARY KEY (`id`),
  ADD KEY `id` (`id`);

--
-- Indexes for table `itx_m_user`
--
ALTER TABLE `itx_m_user`
  ADD PRIMARY KEY (`nip`),
  ADD KEY `user_level_id` (`user_level_id`),
  ADD KEY `department_id` (`department_id`),
  ADD KEY `user_level_id_2` (`user_level_id`),
  ADD KEY `department_id_2` (`department_id`);

--
-- Indexes for table `itx_m_user_level`
--
ALTER TABLE `itx_m_user_level`
  ADD PRIMARY KEY (`id`);

--
-- Indexes for table `itx_t_andon`
--
ALTER TABLE `itx_t_andon`
  ADD PRIMARY KEY (`id`),
  ADD KEY `masterplan_qty_id` (`masterplan_qty_id`),
  ADD KEY `machine_id` (`machine_id`),
  ADD KEY `andon_call_id` (`andon_call_id`),
  ADD KEY `masterplan_qty_id_2` (`masterplan_qty_id`,`machine_id`,`andon_call_id`,`andon_status_id`);

--
-- Indexes for table `itx_t_losstime`
--
ALTER TABLE `itx_t_losstime`
  ADD PRIMARY KEY (`id`),
  ADD KEY `machine_id` (`machine_id`),
  ADD KEY `itx_t_losstime_ibfk_1` (`masterplan_qty_id`),
  ADD KEY `itx_t_losstime_ibfk_2` (`losstime_cat_id`),
  ADD KEY `masterplan_qty_id` (`masterplan_qty_id`,`losstime_cat_id`,`machine_id`);

--
-- Indexes for table `itx_t_master_plan`
--
ALTER TABLE `itx_t_master_plan`
  ADD PRIMARY KEY (`id`);

--
-- Indexes for table `itx_t_master_plan_qty`
--
ALTER TABLE `itx_t_master_plan_qty`
  ADD PRIMARY KEY (`id`),
  ADD KEY `masterplan_id` (`masterplan_id`),
  ADD KEY `masterplan_id_2` (`masterplan_id`,`mc_id`);

--
-- Indexes for table `itx_t_result`
--
ALTER TABLE `itx_t_result`
  ADD PRIMARY KEY (`id`),
  ADD KEY `user_id` (`user_id`),
  ADD KEY `masterplan_qty_id` (`masterplan_qty_id`),
  ADD KEY `masterplan_qty_id_2` (`masterplan_qty_id`,`machine_id`,`user_id`);

--
-- Indexes for table `itx_t_result_ng`
--
ALTER TABLE `itx_t_result_ng`
  ADD PRIMARY KEY (`id`),
  ADD KEY `masterplan_qty_id` (`masterplan_qty_id`),
  ADD KEY `machine_problem_id` (`machine_problem_id`),
  ADD KEY `masterplan_qty_id_2` (`masterplan_qty_id`,`machine_problem_id`,`mc_id`);

--
-- AUTO_INCREMENT for dumped tables
--

--
-- AUTO_INCREMENT for table `itx_m_andon_call`
--
ALTER TABLE `itx_m_andon_call`
  MODIFY `id` int(11) NOT NULL AUTO_INCREMENT, AUTO_INCREMENT=5;

--
-- AUTO_INCREMENT for table `itx_m_department`
--
ALTER TABLE `itx_m_department`
  MODIFY `id` int(11) NOT NULL AUTO_INCREMENT, AUTO_INCREMENT=5;

--
-- AUTO_INCREMENT for table `itx_m_losstime_category`
--
ALTER TABLE `itx_m_losstime_category`
  MODIFY `id` int(11) NOT NULL AUTO_INCREMENT, AUTO_INCREMENT=11;

--
-- AUTO_INCREMENT for table `itx_m_machine`
--
ALTER TABLE `itx_m_machine`
  MODIFY `id` int(11) NOT NULL AUTO_INCREMENT, AUTO_INCREMENT=40;

--
-- AUTO_INCREMENT for table `itx_m_machine_problem`
--
ALTER TABLE `itx_m_machine_problem`
  MODIFY `id` int(11) NOT NULL AUTO_INCREMENT, AUTO_INCREMENT=53;

--
-- AUTO_INCREMENT for table `itx_m_production_status`
--
ALTER TABLE `itx_m_production_status`
  MODIFY `id` int(11) NOT NULL AUTO_INCREMENT;

--
-- AUTO_INCREMENT for table `itx_m_user_level`
--
ALTER TABLE `itx_m_user_level`
  MODIFY `id` int(11) NOT NULL AUTO_INCREMENT, AUTO_INCREMENT=5;

--
-- AUTO_INCREMENT for table `itx_t_andon`
--
ALTER TABLE `itx_t_andon`
  MODIFY `id` int(11) NOT NULL AUTO_INCREMENT, AUTO_INCREMENT=78;

--
-- AUTO_INCREMENT for table `itx_t_master_plan`
--
ALTER TABLE `itx_t_master_plan`
  MODIFY `id` int(11) NOT NULL AUTO_INCREMENT, AUTO_INCREMENT=648;

--
-- AUTO_INCREMENT for table `itx_t_master_plan_qty`
--
ALTER TABLE `itx_t_master_plan_qty`
  MODIFY `id` int(11) NOT NULL AUTO_INCREMENT, AUTO_INCREMENT=652;

--
-- Constraints for dumped tables
--

--
-- Constraints for table `itx_m_machine`
--
ALTER TABLE `itx_m_machine`
  ADD CONSTRAINT `itx_m_machine_ibfk_2` FOREIGN KEY (`department_id`) REFERENCES `itx_m_department` (`id`);

--
-- Constraints for table `itx_m_machine_problem`
--
ALTER TABLE `itx_m_machine_problem`
  ADD CONSTRAINT `itx_m_machine_problem_ibfk_1` FOREIGN KEY (`department_id`) REFERENCES `itx_m_department` (`id`);

--
-- Constraints for table `itx_m_user`
--
ALTER TABLE `itx_m_user`
  ADD CONSTRAINT `itx_m_user_ibfk_1` FOREIGN KEY (`user_level_id`) REFERENCES `itx_m_user_level` (`id`),
  ADD CONSTRAINT `itx_m_user_ibfk_2` FOREIGN KEY (`department_id`) REFERENCES `itx_m_department` (`id`);

--
-- Constraints for table `itx_t_andon`
--
ALTER TABLE `itx_t_andon`
  ADD CONSTRAINT `itx_t_andon_ibfk_2` FOREIGN KEY (`machine_id`) REFERENCES `itx_m_machine` (`id`),
  ADD CONSTRAINT `itx_t_andon_ibfk_3` FOREIGN KEY (`andon_call_id`) REFERENCES `itx_m_andon_call` (`id`);

--
-- Constraints for table `itx_t_losstime`
--
ALTER TABLE `itx_t_losstime`
  ADD CONSTRAINT `itx_t_losstime_ibfk_1` FOREIGN KEY (`masterplan_qty_id`) REFERENCES `itx_t_master_plan_qty` (`id`),
  ADD CONSTRAINT `itx_t_losstime_ibfk_2` FOREIGN KEY (`losstime_cat_id`) REFERENCES `itx_m_losstime_category` (`id`),
  ADD CONSTRAINT `itx_t_losstime_ibfk_3` FOREIGN KEY (`machine_id`) REFERENCES `itx_m_machine` (`id`);

--
-- Constraints for table `itx_t_master_plan_qty`
--
ALTER TABLE `itx_t_master_plan_qty`
  ADD CONSTRAINT `itx_t_master_plan_qty_ibfk_1` FOREIGN KEY (`masterplan_id`) REFERENCES `itx_t_master_plan` (`id`),
  ADD CONSTRAINT `itx_t_master_plan_qty_ibfk_2` FOREIGN KEY (`masterplan_id`) REFERENCES `itx_t_master_plan` (`id`);

--
-- Constraints for table `itx_t_result`
--
ALTER TABLE `itx_t_result`
  ADD CONSTRAINT `itx_t_result_ibfk_1` FOREIGN KEY (`masterplan_qty_id`) REFERENCES `itx_t_master_plan_qty` (`id`);
COMMIT;

/*!40101 SET CHARACTER_SET_CLIENT=@OLD_CHARACTER_SET_CLIENT */;
/*!40101 SET CHARACTER_SET_RESULTS=@OLD_CHARACTER_SET_RESULTS */;
/*!40101 SET COLLATION_CONNECTION=@OLD_COLLATION_CONNECTION */;
